Date,Species,Count,Life Stage,Sex,Township,Range,Section,Project
3/22/2016,Rana pretiosa,14,egg mass,unknown,21S,10E,23,Breeding
3/29/2016,Rana pretiosa,6,egg mass,unknown,21S,10E,12,Breeding
3/31/2016,Rana pretiosa,3,egg mass,unknown,24S,09E,4,Breeding
4/4/2016,Rana pretiosa,1,egg mass,unknown,21S,10E,23,Breeding
4/5/2016,Rana pretiosa,6,egg mass,unknown,21S,10E,1,Breeding
4/5/2016,Rana pretiosa,5,egg mass,unknown,21S,10E,10,Breeding
4/6/2016,Rana pretiosa,15,egg mass,unknown,19S,11E,8,Breeding
4/6/2016,Rana pretiosa,6,egg mass,unknown,22S,09E,4,Breeding
4/6/2016,Rana pretiosa,29,egg mass,unknown,22S,09E,5,Breeding
4/12/2016,Rana pretiosa,1,egg mass,unknown,20S,11E,19,Breeding
4/12/2016,Rana pretiosa,3,egg mass,unknown,22S,10E,10,Breeding
4/13/2016,Rana pretiosa,4,adult,male,19S,11E,8,Apex
4/13/2016,Rana pretiosa,2,egg mass,unknown,19S,11E,8,Breeding
4/13/2016,Rana pretiosa,9,egg mass,unknown,21S,10E,12,Breeding
4/13/2016,Rana pretiosa,3,juvenile,unknown,19S,11E,8,Apex
4/14/2016,Rana pretiosa,2,egg mass,unknown,21S,10E,3,Breeding
4/14/2016,Rana pretiosa,39,egg mass,unknown,21S,10E,10,Breeding
4/14/2016,Rana pretiosa,1,juvenile,unknown,21S,10E,9,Apex
4/18/2016,Rana pretiosa,1,adult,male,21S,10E,10,Apex
4/18/2016,Rana pretiosa,4,egg mass,unknown,21S,10E,10,Breeding
4/20/2016,Rana pretiosa,1,egg mass,unknown,19S,11E,8,Breeding
4/20/2016,Rana pretiosa,1,egg mass,unknown,19S,11E,9,Breeding
4/20/2016,Rana pretiosa,4,juvenile,unknown,19S,11E,8,Apex
4/25/2016,Rana pretiosa,3,egg mass,unknown,21S,10E,10,Breeding
4/26/2016,Rana pretiosa,12,adult,female,19S,11E,8,Apex
4/26/2016,Rana pretiosa,11,adult,male,19S,11E,8,Apex
4/26/2016,Rana pretiosa,54,egg mass,unknown,19S,11E,8,Breeding
4/26/2016,Rana pretiosa,8,egg mass,unknown,19S,11E,9,Breeding
4/26/2016,Rana pretiosa,8,egg mass,unknown,27S,09E,24,Breeding
4/27/2016,Rana pretiosa,7,egg mass,unknown,27S,09E,14,Breeding
4/27/2016,Rana pretiosa,1,juvenile,unknown,20S,11E,7,Apex
5/2/2016,Rana pretiosa,1,adult,male,21S,10E,10,Apex
5/2/2016,Rana pretiosa,5,juvenile,unknown,21S,10E,10,Apex
5/3/2016,Rana pretiosa,8,adult,female,19S,11E,8,Apex
5/3/2016,Rana pretiosa,6,adult,male,19S,11E,8,Apex
5/3/2016,Rana pretiosa,2,egg mass,unknown,19S,11E,8,Breeding
5/3/2016,Rana pretiosa,2,egg mass,unknown,19S,11E,9,Breeding
5/3/2016,Rana pretiosa,2,egg mass,unknown,27S,10E,32,Breeding
5/4/2016,Rana pretiosa,2,egg mass,unknown,27S,09E,14,Breeding
5/9/2016,Rana pretiosa,2,adult,female,21S,10E,10,Apex
5/9/2016,Rana pretiosa,1,adult,male,21S,10E,10,Apex
5/9/2016,Rana pretiosa,3,juvenile,unknown,21S,10E,10,Apex
5/16/2016,Rana pretiosa,1,adult,female,21S,10E,10,Apex
5/23/2016,Rana pretiosa,1,adult,female,21S,10E,10,Apex
6/8/2016,Rana pretiosa,1,larva,unknown,20S,11E,8,Mid-level
6/8/2016,Rana pretiosa,2,subadult,unknown,20S,11E,7,Mid-level
6/14/2016,Rana pretiosa,24,adult,unknown,22S,10E,10,Mid-level
6/14/2016,Rana pretiosa,14,larva,unknown,22S,10E,10,Mid-level
6/15/2016,Rana pretiosa,1,adult,unknown,20S,08E,28,Mid-level
6/15/2016,Rana pretiosa,2,subadult,unknown,20S,08E,28,Mid-level
6/16/2016,Rana pretiosa,3,adult,unknown,20S,08E,28,Mid-level
6/16/2016,Rana pretiosa,9,larva,unknown,20S,08E,28,Mid-level
6/21/2016,Rana pretiosa,3,adult,unknown,24S,09E,4,Mid-level
6/22/2016,Rana pretiosa,1,adult,unknown,40S,03E,10,Mid-level
6/22/2016,Rana pretiosa,1,juvenile,unknown,40S,03E,10,Mid-level
6/23/2016,Rana pretiosa,3,adult,unknown,38S,05E,14,Mid-level
6/23/2016,Rana pretiosa,1,juvenile,unknown,38S,05E,14,Mid-level
6/23/2016,Rana pretiosa,1,larva,unknown,38S,05E,14,Mid-level
6/28/2016,Rana pretiosa,1,adult,unknown,38S,05E,14,Mid-level
6/28/2016,Rana pretiosa,1,juvenile,unknown,38S,05E,14,Mid-level
6/28/2016,Rana pretiosa,3,larva,unknown,38S,05E,23,Mid-level
6/29/2016,Rana pretiosa,1,adult,unknown,40S,03E,10,Mid-level
6/29/2016,Rana pretiosa,1,subadult,unknown,40S,03E,10,Mid-level
7/6/2016,Rana pretiosa,1,juvenile,unknown,05S,10E,17,Mid-level
7/6/2016,Rana pretiosa,1,metamorph,unknown,05S,10E,17,Mid-level
7/7/2016,Rana pretiosa,1,adult,unknown,24S,09E,4,Mid-level
7/12/2016,Rana pretiosa,2,adult,female,19S,11E,8,Apex
7/12/2016,Rana pretiosa,3,adult,male,19S,11E,8,Apex
7/12/2016,Rana pretiosa,5,juvenile,unknown,19S,11E,8,Apex
7/12/2016,Rana pretiosa,1,subadult,female,19S,11E,8,Apex
7/12/2016,Rana pretiosa,1,subadult,male,19S,11E,8,Apex
7/13/2016,Rana pretiosa,3,adult,female,19S,11E,8,Apex
7/13/2016,Rana pretiosa,2,adult,male,19S,11E,8,Apex
7/13/2016,Rana pretiosa,2,juvenile,unknown,19S,11E,8,Apex
7/13/2016,Rana pretiosa,2,subadult,unknown,19S,11E,8,Apex
7/14/2016,Rana pretiosa,2,adult,female,19S,11E,8,Apex
7/14/2016,Rana pretiosa,1,adult,male,19S,11E,8,Apex
7/14/2016,Rana pretiosa,4,juvenile,unknown,19S,11E,8,Apex
7/14/2016,Rana pretiosa,3,subadult,unknown,19S,11E,8,Apex
7/19/2016,Rana pretiosa,4,adult,unknown,24S,09E,4,Mid-level
7/20/2016,Rana pretiosa,2,adult,unknown,20S,07E,4,Mid-level
7/20/2016,Rana pretiosa,1,adult,male,21S,10E,9,Apex
7/20/2016,Rana pretiosa,2,adult,female,21S,10E,10,Apex
7/20/2016,Rana pretiosa,5,subadult,unknown,20S,07E,4,Mid-level
7/21/2016,Rana pretiosa,1,adult,female,21S,10E,10,Apex
7/21/2016,Rana pretiosa,4,adult,male,21S,10E,10,Apex
7/21/2016,Rana pretiosa,8,adult,unknown,27S,09E,14,Mid-level
7/26/2016,Rana pretiosa,7,adult,female,27S,09E,14,Apex
7/26/2016,Rana pretiosa,5,adult,male,27S,09E,14,Apex
7/27/2016,Rana pretiosa,7,adult,female,27S,09E,14,Apex
7/27/2016,Rana pretiosa,6,adult,male,27S,09E,14,Apex
7/28/2016,Rana pretiosa,4,adult,unknown,20S,11E,7,Mid-level
7/28/2016,Rana pretiosa,3,adult,female,27S,09E,14,Apex
7/28/2016,Rana pretiosa,4,adult,male,27S,09E,14,Apex
8/1/2016,Rana pretiosa,3,adult,female,27S,09E,13,Apex
8/1/2016,Rana pretiosa,2,adult,male,27S,09E,13,Apex
8/1/2016,Rana pretiosa,4,adult,unknown,40S,03E,10,Mid-level
8/2/2016,Rana pretiosa,15,adult,female,27S,09E,13,Apex
8/2/2016,Rana pretiosa,7,adult,male,27S,09E,13,Apex
8/2/2016,Rana pretiosa,1,adult,unknown,27S,09E,24,Apex
8/2/2016,Rana pretiosa,1,adult,unknown,38S,05E,14,Mid-level
8/2/2016,Rana pretiosa,1,adult,unknown,38S,05E,23,Mid-level
8/2/2016,Rana pretiosa,1,metamorph,unknown,38S,05E,14,Mid-level
8/2/2016,Rana pretiosa,1,subadult,unknown,27S,09E,13,Apex
8/3/2016,Rana pretiosa,9,adult,female,27S,09E,24,Apex
8/3/2016,Rana pretiosa,2,adult,male,27S,09E,24,Apex
8/3/2016,Rana pretiosa,1,subadult,unknown,27S,09E,13,Apex
8/3/2016,Rana pretiosa,1,subadult,unknown,38S,05E,14,Mid-level
8/9/2016,Rana pretiosa,9,adult,unknown,20S,07E,4,Mid-level
8/9/2016,Rana pretiosa,2,adult,female,30S,09E,22,Apex
8/9/2016,Rana pretiosa,1,adult,female,30S,09E,23,Apex
8/9/2016,Rana pretiosa,1,juvenile,unknown,30S,09E,22,Apex
8/9/2016,Rana pretiosa,2,subadult,unknown,20S,11E,8,Mid-level
8/10/2016,Rana pretiosa,21,adult,unknown,22S,06E,29,Mid-level
8/10/2016,Rana pretiosa,2,adult,female,30S,09E,23,Apex
8/10/2016,Rana pretiosa,1,adult,male,30S,09E,23,Apex
8/10/2016,Rana pretiosa,37,juvenile,unknown,22S,06E,29,Mid-level
8/10/2016,Rana pretiosa,19,subadult,unknown,22S,06E,29,Mid-level
8/11/2016,Rana pretiosa,2,adult,female,30S,09E,23,Apex
8/11/2016,Rana pretiosa,1,adult,male,30S,09E,23,Apex
8/11/2016,Rana pretiosa,1,juvenile,unknown,30S,09E,23,Apex
8/16/2016,Rana pretiosa,2,adult,female,19S,07E,5,Apex
8/16/2016,Rana pretiosa,1,adult,male,19S,07E,5,Apex
8/16/2016,Rana pretiosa,8,adult,female,19S,07E,8,Apex
8/16/2016,Rana pretiosa,1,adult,male,19S,07E,8,Apex
8/16/2016,Rana pretiosa,5,adult,female,19S,07E,17,Apex
8/16/2016,Rana pretiosa,12,adult,unknown,38S,05E,14,Mid-level
8/16/2016,Rana pretiosa,2,juvenile,unknown,19S,07E,8,Apex
8/16/2016,Rana pretiosa,2,subadult,unknown,19S,07E,5,Apex
8/16/2016,Rana pretiosa,1,subadult,unknown,19S,07E,8,Apex
8/17/2016,Rana pretiosa,4,adult,female,19S,07E,5,Apex
8/17/2016,Rana pretiosa,3,adult,female,19S,07E,8,Apex
8/17/2016,Rana pretiosa,2,adult,male,19S,07E,8,Apex
8/17/2016,Rana pretiosa,2,adult,unknown,19S,07E,8,Apex
8/17/2016,Rana pretiosa,8,adult,female,19S,07E,17,Apex
8/17/2016,Rana pretiosa,23,adult,unknown,22S,06E,29,Mid-level
8/17/2016,Rana pretiosa,4,juvenile,unknown,22S,06E,29,Mid-level
8/17/2016,Rana pretiosa,6,larva,unknown,19S,07E,8,Apex
8/17/2016,Rana pretiosa,6,metamorph,unknown,19S,07E,8,Apex
8/17/2016,Rana pretiosa,2,subadult,unknown,19S,07E,5,Apex
8/17/2016,Rana pretiosa,2,subadult,unknown,19S,07E,8,Apex
8/18/2016,Rana pretiosa,4,adult,female,19S,07E,5,Apex
8/18/2016,Rana pretiosa,8,adult,female,19S,07E,8,Apex
8/18/2016,Rana pretiosa,5,adult,male,19S,07E,8,Apex
8/18/2016,Rana pretiosa,8,adult,female,19S,07E,17,Apex
8/18/2016,Rana pretiosa,87,adult,unknown,22S,06E,29,Mid-level
8/18/2016,Rana pretiosa,99,juvenile,unknown,22S,06E,29,Mid-level
8/18/2016,Rana pretiosa,1,subadult,unknown,19S,07E,5,Apex
8/18/2016,Rana pretiosa,2,subadult,unknown,19S,07E,8,Apex
8/18/2016,Rana pretiosa,4,subadult,unknown,22S,06E,29,Mid-level
8/23/2016,Rana pretiosa,43,adult,female,22S,09E,5,Apex
8/23/2016,Rana pretiosa,25,adult,male,22S,09E,5,Apex
8/23/2016,Rana pretiosa,2,adult,unknown,22S,09E,5,Apex
8/23/2016,Rana pretiosa,3,juvenile,unknown,22S,09E,5,Apex
8/23/2016,Rana pretiosa,3,subadult,unknown,22S,09E,5,Apex
8/24/2016,Rana pretiosa,11,adult,female,22S,09E,4,Apex
8/24/2016,Rana pretiosa,29,adult,female,22S,09E,5,Apex
8/24/2016,Rana pretiosa,29,adult,male,22S,09E,5,Apex
8/24/2016,Rana pretiosa,6,juvenile,unknown,22S,09E,5,Apex
8/24/2016,Rana pretiosa,1,subadult,unknown,22S,09E,5,Apex
8/25/2016,Rana pretiosa,5,adult,female,22S,09E,4,Apex
8/25/2016,Rana pretiosa,4,adult,male,22S,09E,4,Apex
8/25/2016,Rana pretiosa,17,adult,female,22S,09E,5,Apex
8/25/2016,Rana pretiosa,13,adult,male,22S,09E,5,Apex
8/25/2016,Rana pretiosa,1,subadult,unknown,22S,09E,5,Apex
9/12/2016,Rana pretiosa,2,adult,female,19S,11E,8,Telemetry
9/13/2016,Rana pretiosa,2,adult,female,21S,10E,10,Telemetry
9/13/2016,Rana pretiosa,3,adult,male,21S,10E,10,Telemetry
9/14/2016,Rana pretiosa,4,adult,female,19S,11E,8,Telemetry
9/14/2016,Rana pretiosa,4,adult,male,19S,11E,8,Telemetry
9/15/2016,Rana pretiosa,4,adult,female,19S,11E,8,Telemetry
9/15/2016,Rana pretiosa,2,adult,male,19S,11E,8,Telemetry
9/22/2016,Rana pretiosa,1,adult,female,21S,10E,10,Telemetry
9/27/2016,Rana pretiosa,1,adult,male,19S,11E,8,Telemetry
10/6/2016,Rana pretiosa,3,adult,female,21S,10E,10,Telemetry
3/29/2017,Rana pretiosa,16,egg mass,unknown,19S,11E,8,Breeding
4/3/2017,Rana pretiosa,5,egg mass,unknown,21S,10E,23,Breeding
4/4/2017,Rana pretiosa,5,egg mass,unknown,22S,09E,4,Breeding
4/4/2017,Rana pretiosa,31,egg mass,unknown,22S,09E,5,Breeding
4/5/2017,Rana pretiosa,10,egg mass,unknown,19S,11E,8,Breeding
4/6/2017,Rana pretiosa,14,egg mass,unknown,19S,11E,8,Breeding
4/10/2017,Rana pretiosa,1,egg mass,unknown,19S,11E,8,Breeding
4/11/2017,Rana pretiosa,12,egg mass,unknown,19S,11E,8,Breeding
4/11/2017,Rana pretiosa,10,egg mass,unknown,30S,09E,22,Breeding
4/11/2017,Rana pretiosa,8,egg mass,unknown,30S,09E,23,Breeding
4/12/2017,Rana pretiosa,1,egg mass,unknown,21S,10E,3,Breeding
4/12/2017,Rana pretiosa,31,egg mass,unknown,21S,10E,10,Breeding
4/12/2017,Rana pretiosa,15,egg mass,unknown,30S,09E,26,Breeding
4/17/2017,Rana pretiosa,10,egg mass,unknown,21S,10E,10,Breeding
4/18/2017,Rana pretiosa,54,egg mass,unknown,19S,11E,8,Breeding
4/18/2017,Rana pretiosa,7,egg mass,unknown,19S,11E,9,Breeding
4/18/2017,Rana pretiosa,5,egg mass,unknown,21S,10E,23,Breeding
4/18/2017,Rana pretiosa,11,egg mass,unknown,30S,09E,26,Breeding
4/19/2017,Rana pretiosa,12,egg mass,unknown,21S,10E,10,Breeding
4/19/2017,Rana pretiosa,4,egg mass,unknown,21S,10E,12,Breeding
4/19/2017,Rana pretiosa,5,egg mass,unknown,30S,09E,26,Breeding
4/20/2017,Rana pretiosa,9,egg mass,unknown,19S,11E,8,Breeding
4/20/2017,Rana pretiosa,2,egg mass,unknown,21S,10E,12,Breeding
4/20/2017,Rana pretiosa,9,egg mass,unknown,30S,09E,26,Breeding
4/21/2017,Rana pretiosa,1,egg mass,unknown,22S,09E,4,Breeding
4/24/2017,Rana pretiosa,3,egg mass,unknown,21S,10E,10,Breeding
4/25/2017,Rana pretiosa,1,egg mass,unknown,19S,11E,8,Breeding
4/25/2017,Rana pretiosa,3,egg mass,unknown,19S,11E,9,Breeding
4/27/2017,Rana pretiosa,4,egg mass,unknown,21S,10E,10,Breeding
4/27/2017,Rana pretiosa,1,egg mass,unknown,30S,09E,26,Breeding
5/2/2017,Rana pretiosa,3,egg mass,unknown,21S,10E,10,Breeding
5/3/2017,Rana pretiosa,8,egg mass,unknown,27S,09E,13,Breeding
5/3/2017,Rana pretiosa,5,egg mass,unknown,27S,09E,14,Breeding
5/4/2017,Rana pretiosa,8,egg mass,unknown,27S,10E,32,Breeding
5/5/2017,Rana pretiosa,1,egg mass,unknown,21S,10E,10,Breeding
5/10/2017,Rana pretiosa,9,egg mass,unknown,27S,09E,14,Breeding
5/10/2017,Rana pretiosa,1,egg mass,unknown,27S,09E,24,Breeding
5/16/2017,Rana pretiosa,7,adult,female,19S,11E,8,Apex
5/16/2017,Rana pretiosa,10,adult,male,19S,11E,8,Apex
5/16/2017,Rana pretiosa,1,subadult,unknown,19S,11E,8,Apex
5/17/2017,Rana pretiosa,15,adult,female,19S,11E,8,Apex
5/17/2017,Rana pretiosa,12,adult,male,19S,11E,9,Apex
5/17/2017,Rana pretiosa,1,subadult,male,19S,11E,8,Apex
5/17/2017,Rana pretiosa,4,subadult,unknown,19S,11E,8,Apex
5/18/2017,Rana pretiosa,12,adult,female,19S,11E,8,Apex
5/18/2017,Rana pretiosa,11,adult,male,19S,11E,8,Apex
5/18/2017,Rana pretiosa,11,subadult,unknown,19S,11E,8,Apex
5/22/2017,Rana pretiosa,1,adult,female,21S,10E,10,Apex
5/22/2017,Rana pretiosa,4,subadult,unknown,21S,10E,10,Apex
5/23/2017,Rana pretiosa,4,subadult,unknown,21S,10E,10,Apex
5/24/2017,Rana pretiosa,1,adult,female,21S,10E,9,Apex
5/24/2017,Rana pretiosa,4,subadult,unknown,21S,10E,10,Apex
5/25/2017,Rana pretiosa,1,adult,female,21S,10E,3,Apex
5/25/2017,Rana pretiosa,1,subadult,unknown,19S,11E,8,Apex
6/6/2017,Rana pretiosa,1,larva,unknown,30S,09E,26,Trapping
6/6/2017,Rana pretiosa,4,subadult,unknown,20S,11E,7,Mid-level
6/7/2017,Rana pretiosa,6,adult,unknown,20S,11E,7,Mid-level
6/7/2017,Rana pretiosa,2,adult,unknown,20S,11E,8,Mid-level
6/7/2017,Rana pretiosa,2,juvenile,unknown,20S,11E,7,Mid-level
6/7/2017,Rana pretiosa,1,larva,unknown,30S,09E,26,Trapping
6/7/2017,Rana pretiosa,12,subadult,unknown,20S,11E,7,Mid-level
6/7/2017,Rana pretiosa,5,subadult,unknown,20S,11E,8,Mid-level
6/8/2017,Rana pretiosa,5,adult,unknown,20S,11E,7,Mid-level
6/8/2017,Rana pretiosa,1,larva,unknown,20S,11E,7,Mid-level
6/8/2017,Rana pretiosa,2,larva,unknown,30S,09E,26,Trapping
6/8/2017,Rana pretiosa,1,subadult,unknown,20S,11E,7,Mid-level
6/12/2017,Rana pretiosa,50,larva,unknown,24S,09E,4,Mid-level
6/14/2017,Rana pretiosa,5,adult,unknown,22S,10E,10,Mid-level
6/14/2017,Rana pretiosa,4,juvenile,unknown,22S,10E,10,Mid-level
6/14/2017,Rana pretiosa,9,larva,unknown,22S,10E,10,Mid-level
6/14/2017,Rana pretiosa,10,subadult,unknown,22S,10E,10,Mid-level
6/15/2017,Rana pretiosa,3,adult,unknown,22S,06E,29,Mid-level
6/15/2017,Rana pretiosa,7,larva,unknown,22S,06E,29,Mid-level
6/15/2017,Rana pretiosa,1,subadult,unknown,22S,06E,29,Mid-level
6/20/2017,Rana pretiosa,1,larva,unknown,38S,05E,23,Mid-level
6/21/2017,Rana pretiosa,9,adult,unknown,38S,05E,14,Mid-level
6/21/2017,Rana pretiosa,1,juvenile,unknown,38S,05E,14,Mid-level
6/21/2017,Rana pretiosa,3,subadult,unknown,38S,05E,14,Mid-level
6/22/2017,Rana pretiosa,2,adult,unknown,34S,06E,11,Mid-level
6/22/2017,Rana pretiosa,1,subadult,unknown,34S,06E,11,Mid-level
6/26/2017,Rana pretiosa,1,adult,unknown,20S,11E,8,Mid-level
6/26/2017,Rana pretiosa,4,subadult,unknown,20S,11E,7,Mid-level
6/26/2017,Rana pretiosa,3,subadult,unknown,20S,11E,8,Mid-level
6/27/2017,Rana pretiosa,11,adult,unknown,20S,07E,4,Mid-level
6/27/2017,Rana pretiosa,1,juvenile,unknown,20S,07E,4,Mid-level
6/27/2017,Rana pretiosa,13,larva,unknown,20S,07E,4,Mid-level
6/27/2017,Rana pretiosa,10,larva,unknown,30S,08E,35,Water Quality
6/27/2017,Rana pretiosa,8,subadult,unknown,20S,07E,4,Mid-level
6/28/2017,Rana pretiosa,1,adult,unknown,30S,09E,13,Water Quality
6/28/2017,Rana pretiosa,9,larva,unknown,30S,09E,13,Water Quality
6/28/2017,Rana pretiosa,4,larva,unknown,30S,09E,23,Water Quality
7/10/2017,Rana pretiosa,26,adult,unknown,22S,06E,29,Mid-level
7/10/2017,Rana pretiosa,25,juvenile,unknown,22S,06E,29,Mid-level
7/10/2017,Rana pretiosa,17,larva,unknown,22S,06E,29,Mid-level
7/10/2017,Rana pretiosa,1,larva,unknown,30S,09E,26,Trapping
7/10/2017,Rana pretiosa,20,subadult,unknown,22S,06E,29,Mid-level
7/11/2017,Rana pretiosa,28,adult,unknown,22S,06E,29,Mid-level
7/11/2017,Rana pretiosa,5,juvenile,unknown,22S,06E,29,Mid-level
7/11/2017,Rana pretiosa,4,larva,unknown,22S,06E,29,Mid-level
7/11/2017,Rana pretiosa,3,larva,unknown,30S,09E,26,Trapping
7/11/2017,Rana pretiosa,20,subadult,unknown,22S,06E,29,Mid-level
7/12/2017,Rana pretiosa,2,adult,unknown,30S,09E,26,Trapping
7/12/2017,Rana pretiosa,7,larva,unknown,24S,09E,4,Mid-level
7/12/2017,Rana pretiosa,5,larva,unknown,27S,09E,14,Mid-level
7/12/2017,Rana pretiosa,1,metamorph,unknown,24S,09E,4,Mid-level
7/12/2017,Rana pretiosa,2,subadult,unknown,27S,09E,14,Mid-level
7/18/2017,Rana pretiosa,16,adult,unknown,38S,05E,14,Mid-level
7/18/2017,Rana pretiosa,1,adult,unknown,40S,03E,10,Mid-level
7/18/2017,Rana pretiosa,9,subadult,unknown,38S,05E,14,Mid-level
7/19/2017,Rana pretiosa,1,adult,unknown,34S,06E,11,Mid-level
7/19/2017,Rana pretiosa,1,subadult,unknown,38S,05E,14,Mid-level
7/24/2017,Rana pretiosa,24,adult,unknown,22S,06E,29,Mid-level
7/24/2017,Rana pretiosa,2,adult,male,30S,09E,22,Apex
7/24/2017,Rana pretiosa,4,juvenile,unknown,22S,06E,29,Mid-level
7/24/2017,Rana pretiosa,5,larva,unknown,22S,06E,29,Mid-level
7/24/2017,Rana pretiosa,12,subadult,unknown,22S,06E,29,Mid-level
7/24/2017,Rana pretiosa,1,subadult,unknown,30S,09E,23,Apex
7/25/2017,Rana pretiosa,4,adult,female,30S,09E,22,Apex
7/25/2017,Rana pretiosa,2,adult,male,30S,09E,22,Apex
7/25/2017,Rana pretiosa,2,adult,unknown,30S,09E,22,Apex
7/25/2017,Rana pretiosa,1,adult,unknown,30S,09E,23,Apex
7/25/2017,Rana pretiosa,30,juvenile,unknown,22S,10E,10,Mid-level
7/25/2017,Rana pretiosa,1,subadult,unknown,20S,11E,7,Mid-level
7/25/2017,Rana pretiosa,6,subadult,unknown,22S,10E,10,Mid-level
7/25/2017,Rana pretiosa,1,subadult,unknown,30S,09E,23,Apex
7/26/2017,Rana pretiosa,1,adult,female,30S,09E,22,Apex
7/26/2017,Rana pretiosa,2,adult,female,30S,09E,22,Apex
7/26/2017,Rana pretiosa,1,adult,male,30S,09E,22,Apex
7/26/2017,Rana pretiosa,1,adult,unknown,30S,09E,22,Apex
7/26/2017,Rana pretiosa,1,adult,unknown,30S,09E,22,Apex
7/26/2017,Rana pretiosa,2,adult,unknown,30S,09E,22,Apex
7/26/2017,Rana pretiosa,1,adult,female,30S,09E,23,Apex
7/26/2017,Rana pretiosa,2,larva,unknown,27S,09E,14,Mid-level
7/26/2017,Rana pretiosa,1,subadult,unknown,27S,09E,14,Mid-level
7/26/2017,Rana pretiosa,1,subadult,unknown,30S,09E,23,Apex
7/26/2017,Rana pretiosa,1,subadult,unknown,30S,09E,23,Apex
7/26/2017,Rana pretiosa,1,subadult,unknown,40S,03E,10,Mid-level
8/1/2017,Rana pretiosa,6,adult,female,19S,11E,8,Apex
8/1/2017,Rana pretiosa,6,adult,male,19S,11E,8,Apex
8/1/2017,Rana pretiosa,1,juvenile,unknown,19S,11E,8,Apex
8/1/2017,Rana pretiosa,2,subadult,unknown,19S,11E,8,Apex
8/2/2017,Rana pretiosa,4,adult,female,19S,11E,8,Apex
8/2/2017,Rana pretiosa,2,adult,male,19S,11E,8,Apex
8/2/2017,Rana pretiosa,2,subadult,unknown,19S,11E,8,Apex
8/3/2017,Rana pretiosa,3,adult,female,19S,11E,8,Apex
8/3/2017,Rana pretiosa,3,juvenile,unknown,19S,11E,8,Apex
8/3/2017,Rana pretiosa,2,subadult,unknown,19S,11E,8,Apex
8/7/2017,Rana pretiosa,1,adult,female,19S,11E,8,Apex
8/7/2017,Rana pretiosa,3,juvenile,unknown,19S,11E,8,Apex
8/8/2017,Rana pretiosa,1,adult,female,19S,11E,8,Apex
8/8/2017,Rana pretiosa,3,adult,female,21S,10E,10,Apex
8/8/2017,Rana pretiosa,6,juvenile,unknown,19S,11E,8,Apex
8/8/2017,Rana pretiosa,2,juvenile,unknown,21S,10E,10,Apex
8/9/2017,Rana pretiosa,3,adult,female,19S,11E,8,Apex
8/9/2017,Rana pretiosa,2,adult,female,21S,10E,10,Apex
8/9/2017,Rana pretiosa,4,juvenile,unknown,19S,11E,8,Apex
8/9/2017,Rana pretiosa,1,subadult,unknown,21S,10E,10,Apex
8/10/2017,Rana pretiosa,4,juvenile,unknown,21S,10E,10,Apex
8/15/2017,Rana pretiosa,1,adult,female,30S,09E,22,Telemetry
8/15/2017,Rana pretiosa,1,adult,female,30S,09E,23,Telemetry
8/15/2017,Rana pretiosa,3,adult,female,30S,09E,26,Telemetry
8/15/2017,Rana pretiosa,1,adult,male,30S,09E,26,Telemetry
8/16/2017,Rana pretiosa,5,adult,female,30S,08E,34,Telemetry
8/16/2017,Rana pretiosa,1,adult,male,30S,08E,34,Telemetry
8/16/2017,Rana pretiosa,1,adult,female,30S,09E,23,Telemetry
8/16/2017,Rana pretiosa,1,adult,female,30S,09E,26,Telemetry
8/16/2017,Rana pretiosa,1,adult,male,30S,09E,26,Telemetry
8/17/2017,Rana pretiosa,2,adult,female,30S,08E,35,Telemetry
8/23/2017,Rana pretiosa,1,adult,male,30S,08E,34,Telemetry
8/23/2017,Rana pretiosa,1,adult,female,30S,09E,23,Telemetry
8/23/2017,Rana pretiosa,1,adult,male,30S,09E,23,Telemetry
8/24/2017,Rana pretiosa,1,adult,female,30S,08E,35,Telemetry
8/24/2017,Rana pretiosa,1,adult,male,30S,08E,35,Telemetry
8/29/2017,Rana pretiosa,4,adult,female,27S,09E,14,Apex
8/29/2017,Rana pretiosa,2,adult,male,27S,09E,14,Apex
8/29/2017,Rana pretiosa,11,adult,female,27S,09E,24,Apex
8/29/2017,Rana pretiosa,1,adult,female,30S,08E,35,Telemetry
8/29/2017,Rana pretiosa,10,juvenile,unknown,27S,09E,13,Apex
8/29/2017,Rana pretiosa,10,juvenile,unknown,27S,09E,14,Apex
8/29/2017,Rana pretiosa,1,subadult,unknown,27S,09E,14,Apex
8/30/2017,Rana pretiosa,1,adult,unknown,27S,09E,13,Apex
8/30/2017,Rana pretiosa,2,adult,female,27S,09E,14,Apex
8/30/2017,Rana pretiosa,1,adult,male,27S,09E,14,Apex
8/30/2017,Rana pretiosa,9,adult,female,27S,09E,24,Apex
8/30/2017,Rana pretiosa,1,adult,male,27S,09E,24,Apex
8/30/2017,Rana pretiosa,1,adult,male,30S,08E,35,Telemetry
8/30/2017,Rana pretiosa,1,adult,female,30S,09E,23,Telemetry
8/30/2017,Rana pretiosa,3,juvenile,unknown,27S,09E,13,Apex
8/30/2017,Rana pretiosa,2,juvenile,unknown,27S,09E,14,Apex
8/30/2017,Rana pretiosa,3,subadult,male,27S,09E,14,Apex
8/30/2017,Rana pretiosa,9,subadult,unknown,27S,09E,14,Apex
8/31/2017,Rana pretiosa,7,adult,female,27S,09E,24,Apex
8/31/2017,Rana pretiosa,1,adult,male,27S,09E,24,Apex
8/31/2017,Rana pretiosa,3,adult,female,30S,08E,35,Telemetry
8/31/2017,Rana pretiosa,3,subadult,male,27S,09E,14,Apex
8/31/2017,Rana pretiosa,2,subadult,unknown,27S,09E,14,Apex
9/5/2017,Rana pretiosa,2,adult,female,27S,10E,32,Apex
9/5/2017,Rana pretiosa,1,adult,male,30S,09E,22,Telemetry
9/5/2017,Rana pretiosa,14,juvenile,unknown,27S,10E,32,Apex
9/5/2017,Rana pretiosa,1,metamorph,unknown,27S,10E,32,Apex
9/6/2017,Rana pretiosa,5,adult,female,27S,10E,32,Apex
9/6/2017,Rana pretiosa,2,adult,male,27S,10E,32,Apex
9/6/2017,Rana pretiosa,1,adult,male,30S,08E,35,Telemetry
9/7/2017,Rana pretiosa,3,adult,female,27S,10E,32,Apex
9/7/2017,Rana pretiosa,2,subadult,unknown,27S,10E,32,Apex
9/12/2017,Rana pretiosa,5,adult,female,22S,09E,4,Apex
9/12/2017,Rana pretiosa,1,adult,male,22S,09E,4,Apex
9/12/2017,Rana pretiosa,31,adult,female,22S,09E,5,Apex
9/12/2017,Rana pretiosa,21,adult,male,22S,09E,5,Apex
9/12/2017,Rana pretiosa,10,juvenile,unknown,22S,09E,5,Apex
9/12/2017,Rana pretiosa,3,subadult,unknown,22S,09E,4,Apex
9/12/2017,Rana pretiosa,11,subadult,unknown,22S,09E,5,Apex
9/13/2017,Rana pretiosa,4,adult,female,22S,09E,4,Apex
9/13/2017,Rana pretiosa,23,adult,female,22S,09E,5,Apex
9/13/2017,Rana pretiosa,17,adult,male,22S,09E,5,Apex
9/13/2017,Rana pretiosa,5,juvenile,unknown,22S,09E,5,Apex
9/13/2017,Rana pretiosa,1,subadult,female,22S,09E,5,Apex
9/13/2017,Rana pretiosa,3,subadult,unknown,22S,09E,5,Apex
9/14/2017,Rana pretiosa,2,adult,female,22S,09E,4,Apex
9/14/2017,Rana pretiosa,2,adult,male,22S,09E,4,Apex
9/14/2017,Rana pretiosa,17,adult,female,22S,09E,5,Apex
9/14/2017,Rana pretiosa,9,adult,male,22S,09E,5,Apex
9/14/2017,Rana pretiosa,1,adult,unknown,22S,09E,5,Apex
9/14/2017,Rana pretiosa,8,subadult,unknown,22S,09E,5,Apex
9/25/2017,Rana pretiosa,1,juvenile,unknown,19S,11E,8,Apex
9/26/2017,Rana pretiosa,3,adult,female,19S,11E,8,Apex
9/26/2017,Rana pretiosa,2,adult,female,21S,10E,10,Apex
9/26/2017,Rana pretiosa,1,juvenile,unknown,19S,11E,8,Apex
9/26/2017,Rana pretiosa,1,juvenile,unknown,21S,10E,10,Apex
9/27/2017,Rana pretiosa,3,adult,female,21S,10E,10,Apex
9/27/2017,Rana pretiosa,1,adult,unknown,21S,10E,10,Apex
9/27/2017,Rana pretiosa,10,juvenile,unknown,21S,10E,10,Apex
9/27/2017,Rana pretiosa,2,subadult,unknown,21S,10E,10,Apex
9/28/2017,Rana pretiosa,6,adult,female,21S,10E,10,Apex
9/28/2017,Rana pretiosa,18,juvenile,unknown,27S,10E,19,Apex
9/28/2017,Rana pretiosa,8,subadult,unknown,21S,10E,10,Apex
9/29/2017,Rana pretiosa,8,juvenile,unknown,27S,10E,19,Apex
10/3/2017,Rana pretiosa,3,adult,female,19S,11E,8,Apex
10/3/2017,Rana pretiosa,2,juvenile,unknown,19S,11E,8,Apex
10/4/2017,Rana pretiosa,7,adult,female,19S,11E,8,Apex
10/4/2017,Rana pretiosa,3,adult,male,19S,11E,8,Apex
10/4/2017,Rana pretiosa,15,juvenile,unknown,19S,11E,8,Apex
10/5/2017,Rana pretiosa,2,adult,male,19S,11E,8,Apex
10/5/2017,Rana pretiosa,1,juvenile,unknown,19S,11E,8,Apex
3/28/2018,Rana pretiosa,1,egg mass,unknown,21S,10E,12,Breeding
3/28/2018,Rana pretiosa,10,egg mass,unknown,21S,10E,23,Breeding
4/3/2018,Rana pretiosa,8,egg mass,unknown,19S,11E,8,Breeding
4/4/2018,Rana pretiosa,2,egg mass,unknown,21S,10E,1,Breeding
4/4/2018,Rana pretiosa,11,egg mass,unknown,21S,10E,12,Breeding
4/4/2018,Rana pretiosa,5,egg mass,unknown,21S,10E,23,Breeding
4/5/2018,Rana pretiosa,22,egg mass,unknown,22S,09E,5,Breeding
4/9/2018,Rana pretiosa,6,egg mass,unknown,19S,11E,8,Breeding
4/10/2018,Rana pretiosa,1,egg mass,unknown,21S,10E,1,Breeding
4/11/2018,Rana pretiosa,1,egg mass,unknown,21S,10E,3,Breeding
4/11/2018,Rana pretiosa,34,egg mass,unknown,21S,10E,10,Breeding
4/11/2018,Rana pretiosa,12,egg mass,unknown,22S,09E,5,Breeding
4/12/2018,Rana pretiosa,2,egg mass,unknown,21S,10E,23,Breeding
4/12/2018,Rana pretiosa,6,egg mass,unknown,30S,09E,23,Breeding
4/12/2018,Rana pretiosa,91,egg mass,unknown,30S,09E,26,Breeding
4/17/2018,Rana pretiosa,15,egg mass,unknown,21S,10E,10,Breeding
4/17/2018,Rana pretiosa,3,egg mass,unknown,30S,09E,26,Breeding
4/18/2018,Rana pretiosa,4,egg mass,unknown,19S,11E,8,Breeding
4/18/2018,Rana pretiosa,4,egg mass,unknown,19S,11E,9,Breeding
4/18/2018,Rana pretiosa,23,egg mass,unknown,30S,09E,26,Breeding
4/19/2018,Rana pretiosa,1,egg mass,unknown,21S,10E,1,Breeding
4/19/2018,Rana pretiosa,5,egg mass,unknown,21S,10E,3,Breeding
4/19/2018,Rana pretiosa,2,egg mass,unknown,21S,10E,12,Breeding
4/19/2018,Rana pretiosa,3,egg mass,unknown,22S,09E,4,Breeding
4/19/2018,Rana pretiosa,1,egg mass,unknown,22S,09E,5,Breeding
4/19/2018,Rana pretiosa,8,egg mass,unknown,27S,10E,32,Breeding
4/19/2018,Rana pretiosa,44,egg mass,unknown,30S,09E,26,Breeding
4/23/2018,Rana pretiosa,2,egg mass,unknown,21S,10E,10,Breeding
4/24/2018,Rana pretiosa,3,egg mass,unknown,19S,11E,8,Breeding
4/24/2018,Rana pretiosa,1,egg mass,unknown,19S,11E,9,Breeding
4/25/2018,Rana pretiosa,1,egg mass,unknown,21S,10E,12,Breeding
4/25/2018,Rana pretiosa,8,egg mass,unknown,27S,09E,14,Breeding
4/25/2018,Rana pretiosa,5,egg mass,unknown,27S,09E,24,Breeding
4/25/2018,Rana pretiosa,19,egg mass,unknown,27S,10E,19,Breeding
4/30/2018,Rana pretiosa,1,egg mass,unknown,21S,10E,10,Breeding
5/1/2018,Rana pretiosa,33,egg mass,unknown,19S,11E,8,Breeding
5/1/2018,Rana pretiosa,1,egg mass,unknown,21S,10E,3,Breeding
5/2/2018,Rana pretiosa,1,egg mass,unknown,19S,11E,8,Breeding
5/2/2018,Rana pretiosa,8,egg mass,unknown,27S,09E,24,Breeding
5/2/2018,Rana pretiosa,3,egg mass,unknown,30S,09E,22,Breeding
5/3/2018,Rana pretiosa,3,egg mass,unknown,21S,10E,10,Breeding
5/3/2018,Rana pretiosa,5,egg mass,unknown,27S,09E,14,Breeding
5/7/2018,Rana pretiosa,2,egg mass,unknown,30S,09E,22,Breeding
5/8/2018,Rana pretiosa,15,egg mass,unknown,19S,11E,8,Breeding
5/9/2018,Rana pretiosa,7,egg mass,unknown,27S,09E,2,Breeding
5/9/2018,Rana pretiosa,2,egg mass,unknown,27S,09E,14,Breeding
5/9/2018,Rana pretiosa,3,egg mass,unknown,27S,09E,24,Breeding
5/10/2018,Rana pretiosa,3,egg mass,unknown,19S,11E,8,Breeding
5/22/2018,Rana pretiosa,12,adult,female,19S,11E,8,Apex
5/22/2018,Rana pretiosa,6,adult,male,19S,11E,8,Apex
5/22/2018,Rana pretiosa,1,adult,female,19S,11E,9,Apex
5/22/2018,Rana pretiosa,1,adult,male,19S,11E,9,Apex
5/22/2018,Rana pretiosa,5,juvenile,unknown,19S,11E,8,Apex
5/22/2018,Rana pretiosa,2,subadult,unknown,19S,11E,8,Apex
5/23/2018,Rana pretiosa,8,adult,female,19S,11E,8,Apex
5/23/2018,Rana pretiosa,10,adult,male,19S,11E,8,Apex
5/23/2018,Rana pretiosa,2,subadult,unknown,19S,11E,8,Apex
5/24/2018,Rana pretiosa,13,adult,female,19S,11E,8,Apex
5/24/2018,Rana pretiosa,6,adult,male,19S,11E,8,Apex
5/24/2018,Rana pretiosa,7,adult,male,19S,11E,9,Apex
5/24/2018,Rana pretiosa,16,juvenile,unknown,19S,11E,8,Apex
5/24/2018,Rana pretiosa,3,subadult,unknown,19S,11E,8,Apex
5/29/2018,Rana pretiosa,1,adult,female,21S,10E,10,Apex
5/29/2018,Rana pretiosa,3,adult,male,21S,10E,10,Apex
5/29/2018,Rana pretiosa,3,juvenile,unknown,21S,10E,10,Apex
5/29/2018,Rana pretiosa,4,subadult,unknown,21S,10E,10,Apex
5/30/2018,Rana pretiosa,11,adult,female,21S,10E,10,Apex
5/30/2018,Rana pretiosa,5,adult,male,21S,10E,10,Apex
5/30/2018,Rana pretiosa,14,subadult,unknown,21S,10E,10,Apex
5/31/2018,Rana pretiosa,4,adult,female,21S,10E,10,Apex
5/31/2018,Rana pretiosa,1,larva,unknown,20S,11E,8,Mid-level
5/31/2018,Rana pretiosa,3,subadult,unknown,20S,11E,8,Mid-level
5/31/2018,Rana pretiosa,2,subadult,unknown,21S,10E,10,Apex
6/1/2018,Rana pretiosa,1,subadult,unknown,21S,10E,3,Apex
6/4/2018,Rana pretiosa,13,adult,unknown,24S,09E,4,Mid-level
6/4/2018,Rana pretiosa,1,larva,unknown,24S,09E,4,Mid-level
6/4/2018,Rana pretiosa,1,subadult,unknown,24S,09E,4,Mid-level
6/5/2018,Rana pretiosa,10,adult,unknown,20S,11E,7,Mid-level
6/5/2018,Rana pretiosa,3,larva,unknown,20S,11E,7,Mid-level
6/5/2018,Rana pretiosa,8,subadult,unknown,20S,11E,7,Mid-level
6/5/2018,Rana pretiosa,1,subadult,unknown,20S,11E,18,Mid-level
6/6/2018,Rana pretiosa,49,adult,unknown,20S,11E,7,Mid-level
6/6/2018,Rana pretiosa,3,juvenile,unknown,20S,11E,7,Mid-level
6/6/2018,Rana pretiosa,1,larva,unknown,20S,11E,7,Mid-level
6/6/2018,Rana pretiosa,9,subadult,unknown,20S,11E,7,Mid-level
6/6/2018,Rana pretiosa,2,subadult,unknown,20S,11E,8,Mid-level
6/12/2018,Rana pretiosa,1,larva,unknown,38S,05E,23,Mid-level
6/19/2018,Rana pretiosa,2,larva,unknown,05S,10E,17,Mid-level
6/20/2018,Rana pretiosa,2,adult,unknown,20S,11E,7,Mid-level
6/20/2018,Rana pretiosa,1,larva,unknown,20S,11E,7,Mid-level
6/20/2018,Rana pretiosa,1,subadult,unknown,20S,07E,36,Mid-level
6/25/2018,Rana pretiosa,2,adult,unknown,24S,09E,4,Mid-level
6/25/2018,Rana pretiosa,3,adult,female,27S,09E,24,Apex
6/25/2018,Rana pretiosa,2,adult,male,27S,10E,19,Apex
6/25/2018,Rana pretiosa,1,larva,unknown,24S,09E,4,Mid-level
6/26/2018,Rana pretiosa,22,adult,unknown,27S,09E,14,Mid-level
6/26/2018,Rana pretiosa,11,adult,female,27S,10E,19,Apex
6/26/2018,Rana pretiosa,9,adult,male,27S,10E,19,Apex
6/26/2018,Rana pretiosa,1,subadult,unknown,27S,10E,19,Apex
6/27/2018,Rana pretiosa,2,adult,female,27S,09E,24,Apex
6/27/2018,Rana pretiosa,7,adult,female,27S,10E,19,Apex
6/27/2018,Rana pretiosa,7,adult,male,27S,10E,19,Apex
6/27/2018,Rana pretiosa,6,adult,unknown,38S,05E,14,Mid-level
6/27/2018,Rana pretiosa,1,subadult,unknown,27S,10E,19,Apex
7/2/2018,Rana pretiosa,12,adult,unknown,20S,08E,28,Mid-level
7/2/2018,Rana pretiosa,1,adult,male,30S,08E,27,Water Quality
7/2/2018,Rana pretiosa,3,subadult,unknown,20S,08E,28,Mid-level
7/3/2018,Rana pretiosa,1,adult,unknown,22S,10E,10,Mid-level
7/3/2018,Rana pretiosa,3,adult,female,30S,08E,27,Water Quality
7/3/2018,Rana pretiosa,1,adult,male,30S,08E,27,Water Quality
7/3/2018,Rana pretiosa,16,juvenile,unknown,22S,10E,10,Mid-level
7/3/2018,Rana pretiosa,9,subadult,unknown,22S,10E,10,Mid-level
7/9/2018,Rana pretiosa,27,adult,unknown,22S,06E,29,Mid-level
7/9/2018,Rana pretiosa,7,juvenile,unknown,22S,06E,29,Mid-level
7/9/2018,Rana pretiosa,5,larva,unknown,22S,06E,29,Mid-level
7/9/2018,Rana pretiosa,25,subadult,unknown,22S,06E,29,Mid-level
7/10/2018,Rana pretiosa,25,adult,unknown,22S,06E,29,Mid-level
7/10/2018,Rana pretiosa,4,adult,female,30S,08E,35,Water Quality
7/10/2018,Rana pretiosa,1,adult,male,30S,08E,35,Water Quality
7/10/2018,Rana pretiosa,16,juvenile,unknown,22S,06E,29,Mid-level
7/10/2018,Rana pretiosa,5,larva,unknown,30S,08E,35,Water Quality
7/10/2018,Rana pretiosa,12,subadult,unknown,22S,06E,29,Mid-level
7/11/2018,Rana pretiosa,2,adult,unknown,20S,08E,28,Mid-level
7/11/2018,Rana pretiosa,5,adult,female,30S,09E,26,Water Quality
7/11/2018,Rana pretiosa,1,adult,male,30S,09E,26,Water Quality
7/11/2018,Rana pretiosa,1,juvenile,unknown,20S,08E,28,Mid-level
7/11/2018,Rana pretiosa,1,juvenile,unknown,30S,09E,25,Water Quality
7/11/2018,Rana pretiosa,4,larva,unknown,30S,09E,26,Water Quality
7/11/2018,Rana pretiosa,2,subadult,unknown,20S,08E,28,Mid-level
7/12/2018,Rana pretiosa,12,adult,unknown,20S,11E,7,Mid-level
7/12/2018,Rana pretiosa,1,juvenile,unknown,20S,11E,7,Mid-level
7/12/2018,Rana pretiosa,9,subadult,unknown,20S,11E,7,Mid-level
7/16/2018,Rana pretiosa,2,adult,unknown,34S,06E,11,Mid-level
7/17/2018,Rana pretiosa,7,adult,female,27S,09E,13,Apex
7/17/2018,Rana pretiosa,2,adult,male,27S,09E,13,Apex
7/17/2018,Rana pretiosa,8,adult,female,27S,09E,14,Apex
7/17/2018,Rana pretiosa,4,adult,male,27S,09E,14,Apex
7/17/2018,Rana pretiosa,2,adult,female,27S,09E,24,Apex
7/17/2018,Rana pretiosa,3,adult,male,27S,09E,24,Apex
7/17/2018,Rana pretiosa,3,subadult,unknown,27S,09E,14,Apex
7/18/2018,Rana pretiosa,5,adult,male,27S,09E,13,Apex
7/18/2018,Rana pretiosa,10,adult,female,27S,09E,14,Apex
7/18/2018,Rana pretiosa,3,adult,male,27S,09E,14,Apex
7/18/2018,Rana pretiosa,5,adult,female,27S,09E,24,Apex
7/18/2018,Rana pretiosa,13,adult,unknown,38S,05E,14,Mid-level
7/18/2018,Rana pretiosa,1,juvenile,unknown,38S,05E,14,Mid-level
7/18/2018,Rana pretiosa,2,subadult,unknown,27S,09E,14,Apex
7/18/2018,Rana pretiosa,2,subadult,unknown,27S,09E,24,Apex
7/18/2018,Rana pretiosa,1,subadult,unknown,38S,05E,14,Mid-level
7/19/2018,Rana pretiosa,3,adult,female,27S,09E,13,Apex
7/19/2018,Rana pretiosa,2,adult,male,27S,09E,13,Apex
7/19/2018,Rana pretiosa,10,adult,female,27S,09E,14,Apex
7/19/2018,Rana pretiosa,11,adult,male,27S,09E,14,Apex
7/19/2018,Rana pretiosa,1,adult,female,27S,09E,24,Apex
7/19/2018,Rana pretiosa,3,subadult,unknown,27S,09E,13,Apex
7/19/2018,Rana pretiosa,1,subadult,unknown,27S,09E,14,Apex
7/19/2018,Rana pretiosa,1,subadult,unknown,27S,09E,24,Apex
7/23/2018,Rana pretiosa,3,adult,unknown,34S,06E,11,Mid-level
7/23/2018,Rana pretiosa,2,subadult,unknown,34S,06E,11,Mid-level
7/24/2018,Rana pretiosa,85,adult,unknown,22S,06E,29,Mid-level
7/24/2018,Rana pretiosa,62,juvenile,unknown,22S,06E,29,Mid-level
7/24/2018,Rana pretiosa,2,larva,unknown,22S,06E,29,Mid-level
7/24/2018,Rana pretiosa,8,metamorph,unknown,22S,06E,29,Mid-level
7/24/2018,Rana pretiosa,29,subadult,unknown,22S,06E,29,Mid-level
7/25/2018,Rana pretiosa,4,adult,unknown,20S,07E,4,Mid-level
7/25/2018,Rana pretiosa,2,juvenile,unknown,20S,07E,4,Mid-level
7/25/2018,Rana pretiosa,4,subadult,unknown,20S,07E,4,Mid-level
7/30/2018,Rana pretiosa,5,adult,female,27S,10E,32,Apex
7/30/2018,Rana pretiosa,3,adult,male,27S,10E,32,Apex
7/31/2018,Rana pretiosa,10,adult,female,27S,10E,32,Apex
7/31/2018,Rana pretiosa,3,adult,male,27S,10E,32,Apex
8/1/2018,Rana pretiosa,7,adult,female,27S,10E,32,Apex
8/1/2018,Rana pretiosa,1,adult,male,27S,10E,32,Apex
8/1/2018,Rana pretiosa,1,adult,female,28S,10E,5,Apex
8/1/2018,Rana pretiosa,2,juvenile,unknown,27S,10E,32,Apex
8/1/2018,Rana pretiosa,2,subadult,unknown,28S,10E,5,Apex
8/6/2018,Rana pretiosa,9,adult,female,21S,10E,10,Apex
8/6/2018,Rana pretiosa,11,adult,male,21S,10E,10,Apex
8/6/2018,Rana pretiosa,1,adult,unknown,21S,10E,10,Apex
8/6/2018,Rana pretiosa,1,juvenile,unknown,21S,10E,10,Apex
8/7/2018,Rana pretiosa,20,adult,female,21S,10E,10,Apex
8/7/2018,Rana pretiosa,22,adult,male,21S,10E,10,Apex
8/7/2018,Rana pretiosa,1,adult,female,22S,09E,4,Apex
8/7/2018,Rana pretiosa,4,adult,female,22S,09E,5,Apex
8/7/2018,Rana pretiosa,3,adult,male,22S,09E,5,Apex
8/7/2018,Rana pretiosa,1,subadult,unknown,21S,10E,10,Apex
8/7/2018,Rana pretiosa,2,subadult,unknown,22S,09E,4,Apex
8/8/2018,Rana pretiosa,18,adult,female,21S,10E,10,Apex
8/8/2018,Rana pretiosa,23,adult,male,21S,10E,10,Apex
8/8/2018,Rana pretiosa,4,adult,female,22S,09E,4,Apex
8/8/2018,Rana pretiosa,1,adult,female,22S,09E,5,Apex
8/8/2018,Rana pretiosa,7,adult,female,22S,09E,5,Apex
8/8/2018,Rana pretiosa,3,adult,male,22S,09E,5,Apex
8/8/2018,Rana pretiosa,2,juvenile,unknown,21S,10E,10,Apex
8/8/2018,Rana pretiosa,1,metamorph,unknown,21S,10E,10,Apex
8/8/2018,Rana pretiosa,4,subadult,unknown,21S,10E,10,Apex
8/8/2018,Rana pretiosa,1,subadult,unknown,22S,09E,4,Apex
8/8/2018,Rana pretiosa,2,subadult,unknown,22S,09E,4,Apex
8/8/2018,Rana pretiosa,3,subadult,unknown,22S,09E,5,Apex
8/9/2018,Rana pretiosa,3,adult,female,22S,09E,4,Apex
8/9/2018,Rana pretiosa,3,adult,female,22S,09E,4,Apex
8/9/2018,Rana pretiosa,1,adult,male,22S,09E,4,Apex
8/9/2018,Rana pretiosa,1,adult,female,22S,09E,5,Apex
8/9/2018,Rana pretiosa,2,adult,female,22S,09E,5,Apex
8/9/2018,Rana pretiosa,1,adult,male,22S,09E,5,Apex
8/9/2018,Rana pretiosa,3,adult,male,22S,09E,5,Apex
8/9/2018,Rana pretiosa,1,subadult,unknown,22S,09E,4,Apex
8/9/2018,Rana pretiosa,3,subadult,unknown,22S,09E,5,Apex
8/14/2018,Rana pretiosa,16,adult,female,19S,11E,8,Apex
8/14/2018,Rana pretiosa,7,adult,male,19S,11E,8,Apex
8/14/2018,Rana pretiosa,14,juvenile,unknown,19S,11E,8,Apex
8/14/2018,Rana pretiosa,4,subadult,unknown,19S,11E,8,Apex
8/15/2018,Rana pretiosa,19,adult,female,19S,11E,8,Apex
8/15/2018,Rana pretiosa,10,adult,male,19S,11E,8,Apex
8/15/2018,Rana pretiosa,16,juvenile,unknown,19S,11E,8,Apex
8/15/2018,Rana pretiosa,1,metamorph,unknown,19S,11E,8,Apex
8/15/2018,Rana pretiosa,1,subadult,unknown,19S,11E,8,Apex
8/15/2018,Rana pretiosa,4,subadult,unknown,19S,11E,8,Apex
8/16/2018,Rana pretiosa,22,adult,female,19S,11E,8,Apex
8/16/2018,Rana pretiosa,6,adult,male,19S,11E,8,Apex
8/16/2018,Rana pretiosa,6,juvenile,unknown,19S,11E,8,Apex
8/16/2018,Rana pretiosa,4,subadult,unknown,19S,11E,8,Apex
8/21/2018,Rana pretiosa,3,adult,female,19S,07E,5,Apex
8/21/2018,Rana pretiosa,2,adult,male,19S,07E,5,Apex
8/21/2018,Rana pretiosa,4,adult,female,19S,07E,8,Apex
8/21/2018,Rana pretiosa,1,adult,male,19S,07E,8,Apex
8/21/2018,Rana pretiosa,6,adult,female,19S,07E,17,Apex
8/21/2018,Rana pretiosa,2,adult,male,19S,07E,17,Apex
8/21/2018,Rana pretiosa,10,juvenile,unknown,19S,07E,5,Apex
8/21/2018,Rana pretiosa,4,juvenile,unknown,19S,07E,17,Apex
8/21/2018,Rana pretiosa,1,subadult,unknown,19S,07E,17,Apex
8/22/2018,Rana pretiosa,7,adult,female,19S,07E,5,Apex
8/22/2018,Rana pretiosa,2,adult,male,19S,07E,5,Apex
8/22/2018,Rana pretiosa,8,adult,female,19S,07E,8,Apex
8/22/2018,Rana pretiosa,5,adult,male,19S,07E,8,Apex
8/22/2018,Rana pretiosa,2,adult,female,19S,07E,17,Apex
8/22/2018,Rana pretiosa,17,juvenile,unknown,19S,07E,5,Apex
8/22/2018,Rana pretiosa,23,juvenile,unknown,19S,07E,8,Apex
8/22/2018,Rana pretiosa,15,juvenile,unknown,19S,07E,17,Apex
8/22/2018,Rana pretiosa,1,subadult,unknown,19S,07E,5,Apex
8/22/2018,Rana pretiosa,4,subadult,unknown,19S,07E,8,Apex
8/22/2018,Rana pretiosa,2,subadult,unknown,19S,07E,17,Apex
8/23/2018,Rana pretiosa,5,adult,female,19S,07E,5,Apex
8/23/2018,Rana pretiosa,12,adult,female,19S,07E,8,Apex
8/23/2018,Rana pretiosa,10,adult,male,19S,07E,8,Apex
8/23/2018,Rana pretiosa,18,adult,female,19S,07E,17,Apex
8/23/2018,Rana pretiosa,1,adult,male,19S,07E,17,Apex
8/23/2018,Rana pretiosa,15,juvenile,unknown,19S,07E,5,Apex
8/23/2018,Rana pretiosa,45,juvenile,unknown,19S,07E,8,Apex
8/23/2018,Rana pretiosa,1,metamorph,unknown,19S,07E,5,Apex
8/23/2018,Rana pretiosa,5,metamorph,unknown,19S,07E,8,Apex
8/23/2018,Rana pretiosa,1,subadult,unknown,19S,07E,5,Apex
8/23/2018,Rana pretiosa,3,subadult,unknown,19S,07E,8,Apex
9/11/2018,Rana pretiosa,2,adult,female,30S,09E,22,Apex
9/11/2018,Rana pretiosa,2,adult,female,30S,09E,23,Apex
9/11/2018,Rana pretiosa,1,juvenile,unknown,30S,09E,22,Apex
9/12/2018,Rana pretiosa,1,adult,female,20S,08E,28,Telemetry
9/12/2018,Rana pretiosa,2,adult,male,20S,08E,28,Telemetry
9/12/2018,Rana pretiosa,3,adult,female,30S,09E,22,Apex
9/12/2018,Rana pretiosa,1,adult,female,30S,09E,23,Apex
9/12/2018,Rana pretiosa,1,juvenile,unknown,30S,09E,23,Apex
9/13/2018,Rana pretiosa,3,adult,female,20S,08E,31,Telemetry
9/13/2018,Rana pretiosa,4,adult,female,30S,09E,22,Apex
9/13/2018,Rana pretiosa,1,adult,male,30S,09E,22,Apex
9/13/2018,Rana pretiosa,2,adult,female,30S,09E,23,Apex
9/17/2018,Rana pretiosa,3,adult,female,19S,08E,27,Apex
9/17/2018,Rana pretiosa,1,adult,male,19S,08E,27,Apex
9/18/2018,Rana pretiosa,2,adult,female,20S,08E,28,Telemetry
9/18/2018,Rana pretiosa,1,adult,female,20S,08E,29,Telemetry
9/18/2018,Rana pretiosa,1,adult,female,20S,08E,33,Telemetry
9/19/2018,Rana pretiosa,7,adult,female,18S,08E,33,Apex
9/19/2018,Rana pretiosa,3,adult,male,19S,08E,4,Apex
9/20/2018,Rana pretiosa,1,adult,male,20S,08E,28,Telemetry
9/25/2018,Rana pretiosa,4,adult,female,21S,08E,8,Telemetry
9/25/2018,Rana pretiosa,1,adult,male,21S,08E,8,Telemetry
9/26/2018,Rana pretiosa,2,adult,female,20S,08E,31,Telemetry
9/26/2018,Rana pretiosa,1,adult,male,20S,08E,31,Telemetry
9/26/2018,Rana pretiosa,1,adult,female,20S,08E,32,Telemetry
9/26/2018,Rana pretiosa,1,adult,male,20S,08E,32,Telemetry
9/27/2018,Rana pretiosa,1,adult,female,20S,08E,28,Telemetry
9/27/2018,Rana pretiosa,1,adult,female,20S,08E,29,Telemetry
9/27/2018,Rana pretiosa,1,adult,male,20S,08E,29,Telemetry
9/27/2018,Rana pretiosa,2,adult,female,20S,08E,33,Telemetry
9/28/2018,Rana pretiosa,1,adult,male,20S,08E,28,Telemetry
9/28/2018,Rana pretiosa,2,adult,female,21S,08E,8,Telemetry
9/28/2018,Rana pretiosa,1,adult,male,21S,08E,8,Telemetry
10/1/2018,Rana pretiosa,1,adult,male,20S,08E,28,Telemetry
10/2/2018,Rana pretiosa,2,adult,female,22S,09E,4,Apex
10/2/2018,Rana pretiosa,18,adult,female,22S,09E,5,Apex
10/2/2018,Rana pretiosa,9,adult,male,22S,09E,5,Apex
10/2/2018,Rana pretiosa,1,adult,unknown,22S,09E,5,Apex
10/2/2018,Rana pretiosa,2,juvenile,unknown,22S,09E,5,Apex
10/2/2018,Rana pretiosa,1,subadult,unknown,22S,09E,5,Apex
10/3/2018,Rana pretiosa,2,adult,female,22S,09E,4,Apex
10/3/2018,Rana pretiosa,2,adult,male,22S,09E,4,Apex
10/3/2018,Rana pretiosa,20,adult,female,22S,09E,5,Apex
10/3/2018,Rana pretiosa,13,adult,male,22S,09E,5,Apex
10/3/2018,Rana pretiosa,5,juvenile,unknown,22S,09E,5,Apex
10/3/2018,Rana pretiosa,3,subadult,unknown,22S,09E,5,Apex
10/4/2018,Rana pretiosa,3,adult,female,22S,09E,4,Apex
10/4/2018,Rana pretiosa,5,adult,female,22S,09E,5,Apex
10/4/2018,Rana pretiosa,6,adult,male,22S,09E,5,Apex
10/4/2018,Rana pretiosa,2,juvenile,unknown,22S,09E,5,Apex
10/4/2018,Rana pretiosa,3,subadult,unknown,22S,09E,5,Apex
10/9/2018,Rana pretiosa,1,adult,female,19S,11E,8,Apex
10/9/2018,Rana pretiosa,6,adult,female,21S,10E,10,Apex
10/9/2018,Rana pretiosa,5,adult,male,21S,10E,10,Apex
10/9/2018,Rana pretiosa,1,juvenile,unknown,19S,11E,8,Apex
10/10/2018,Rana pretiosa,1,adult,female,19S,11E,8,Apex
10/10/2018,Rana pretiosa,1,adult,female,21S,10E,9,Apex
10/10/2018,Rana pretiosa,1,adult,female,21S,10E,10,Apex
10/10/2018,Rana pretiosa,4,adult,male,21S,10E,10,Apex
10/10/2018,Rana pretiosa,2,juvenile,unknown,21S,10E,10,Apex
10/11/2018,Rana pretiosa,1,adult,female,19S,11E,8,Apex
10/11/2018,Rana pretiosa,2,adult,female,19S,11E,8,Apex
10/11/2018,Rana pretiosa,1,adult,female,20S,08E,27,Telemetry
10/11/2018,Rana pretiosa,3,adult,female,21S,10E,10,Apex
10/11/2018,Rana pretiosa,3,adult,male,21S,10E,10,Apex
10/11/2018,Rana pretiosa,4,juvenile,unknown,19S,11E,8,Apex
10/11/2018,Rana pretiosa,7,juvenile,unknown,21S,10E,10,Apex
10/11/2018,Rana pretiosa,1,metamorph,unknown,19S,11E,8,Apex
10/11/2018,Rana pretiosa,1,subadult,unknown,19S,11E,8,Apex
10/15/2018,Rana pretiosa,2,adult,male,20S,08E,28,Apex
10/15/2018,Rana pretiosa,2,adult,female,21S,10E,10,Apex
10/15/2018,Rana pretiosa,2,adult,male,21S,10E,10,Apex
10/16/2018,Rana pretiosa,2,adult,female,19S,11E,8,Apex
10/16/2018,Rana pretiosa,11,juvenile,unknown,19S,11E,8,Apex
10/17/2018,Rana pretiosa,2,adult,female,19S,11E,8,Apex
10/17/2018,Rana pretiosa,1,adult,male,19S,11E,8,Apex
10/17/2018,Rana pretiosa,17,juvenile,unknown,19S,11E,8,Apex
10/17/2018,Rana pretiosa,1,subadult,unknown,19S,11E,8,Apex
10/18/2018,Rana pretiosa,1,adult,female,19S,11E,8,Apex
10/18/2018,Rana pretiosa,12,juvenile,unknown,19S,11E,8,Apex
4/4/2019,Rana pretiosa,1,adult,female,21S,10E,12,Genetics
4/4/2019,Rana pretiosa,3,egg mass,unknown,21S,10E,12,Breeding
4/9/2019,Rana pretiosa,1,adult,female,21S,10E,23,Genetics
4/9/2019,Rana pretiosa,5,adult,male,21S,10E,23,Genetics
4/16/2019,Rana pretiosa,2,adult,female,24S,09E,4,Genetics
4/16/2019,Rana pretiosa,5,adult,male,24S,09E,4,Genetics
4/16/2019,Rana pretiosa,8,egg mass,unknown,19S,11E,8,Breeding
4/16/2019,Rana pretiosa,2,egg mass,unknown,21S,10E,10,Breeding
4/17/2019,Rana pretiosa,2,adult,male,24S,08E,35,Genetics
4/17/2019,Rana pretiosa,1,adult,female,24S,09E,4,Genetics
4/17/2019,Rana pretiosa,15,adult,male,24S,09E,4,Genetics
4/17/2019,Rana pretiosa,8,egg mass,unknown,19S,11E,8,Breeding
4/17/2019,Rana pretiosa,4,egg mass,unknown,21S,10E,1,Breeding
4/17/2019,Rana pretiosa,2,egg mass,unknown,21S,10E,23,Breeding
4/18/2019,Rana pretiosa,3,adult,female,24S,08E,35,Genetics
4/18/2019,Rana pretiosa,8,adult,male,24S,08E,35,Genetics
4/22/2019,Rana pretiosa,4,egg mass,unknown,19S,11E,8,Breeding
4/23/2019,Rana pretiosa,1,adult,female,21S,10E,10,Genetics
4/23/2019,Rana pretiosa,12,adult,male,21S,10E,10,Genetics
4/23/2019,Rana pretiosa,2,egg mass,unknown,21S,10E,3,Breeding
4/23/2019,Rana pretiosa,2,egg mass,unknown,21S,10E,9,Breeding
4/23/2019,Rana pretiosa,75,egg mass,unknown,21S,10E,10,Breeding
4/23/2019,Rana pretiosa,2,egg mass,unknown,22S,09E,4,Breeding
4/23/2019,Rana pretiosa,24,egg mass,unknown,22S,09E,5,Breeding
4/23/2019,Rana pretiosa,8,egg mass,unknown,30S,09E,22,Breeding
4/23/2019,Rana pretiosa,7,egg mass,unknown,30S,09E,23,Breeding
4/24/2019,Rana pretiosa,1,adult,unknown,21S,10E,23,Genetics
4/24/2019,Rana pretiosa,1,adult,male,21S,10E,23,Genetics
4/24/2019,Rana pretiosa,57,egg mass,unknown,19S,11E,8,Breeding
4/24/2019,Rana pretiosa,13,egg mass,unknown,19S,11E,9,Breeding
4/24/2019,Rana pretiosa,1,egg mass,unknown,21S,10E,23,Breeding
4/24/2019,Rana pretiosa,4,egg mass,unknown,30S,09E,23,Breeding
4/24/2019,Rana pretiosa,25,egg mass,unknown,30S,09E,26,Breeding
4/24/2019,Rana pretiosa,29,egg mass,unknown,33S,7.5E,10,Breeding
4/29/2019,Rana pretiosa,3,egg mass,unknown,30S,09E,26,Breeding
4/30/2019,Rana pretiosa,10,egg mass,unknown,21S,10E,10,Breeding
4/30/2019,Rana pretiosa,2,egg mass,unknown,30S,09E,22,Breeding
5/1/2019,Rana pretiosa,10,egg mass,unknown,19S,11E,8,Breeding
5/1/2019,Rana pretiosa,4,egg mass,unknown,19S,11E,9,Breeding
5/1/2019,Rana pretiosa,1,egg mass,unknown,22S,09E,5,Breeding
5/1/2019,Rana pretiosa,8,egg mass,unknown,27S,10E,32,Breeding
5/2/2019,Rana pretiosa,24,egg mass,unknown,27S,10E,19,Breeding
5/6/2019,Rana pretiosa,1,egg mass,unknown,30S,09E,22,Breeding
5/6/2019,Rana pretiosa,2,egg mass,unknown,30S,09E,23,Breeding
5/8/2019,Rana pretiosa,10,egg mass,unknown,27S,09E,14,Breeding
5/8/2019,Rana pretiosa,1,egg mass,unknown,27S,09E,24,Breeding
5/8/2019,Rana pretiosa,2,egg mass,unknown,27S,10E,32,Breeding
5/9/2019,Rana pretiosa,1,adult,male,21S,10E,12,Genetics
5/14/2019,Rana pretiosa,1,adult,female,19S,11E,8,Apex
5/14/2019,Rana pretiosa,1,adult,male,19S,11E,8,Apex
5/14/2019,Rana pretiosa,2,subadult,unknown,19S,11E,8,Apex
5/14/2019,Rana pretiosa,1,subadult,unknown,20S,08E,28,Genetics
5/15/2019,Rana pretiosa,3,adult,male,19S,08E,27,Genetics
5/15/2019,Rana pretiosa,2,egg mass,unknown,27S,09E,13,Breeding
5/15/2019,Rana pretiosa,1,subadult,unknown,19S,08E,27,Genetics
5/15/2019,Rana pretiosa,1,subadult,unknown,19S,11E,8,Apex
5/16/2019,Rana pretiosa,2,adult,female,19S,08E,27,Genetics
5/16/2019,Rana pretiosa,1,adult,male,19S,08E,27,Genetics
5/16/2019,Rana pretiosa,1,subadult,unknown,19S,08E,27,Genetics
5/16/2019,Rana pretiosa,2,subadult,unknown,19S,11E,8,Apex
5/21/2019,Rana pretiosa,5,adult,female,19S,11E,8,Apex
5/21/2019,Rana pretiosa,2,adult,male,19S,11E,8,Apex
5/21/2019,Rana pretiosa,1,adult,male,19S,11E,9,Apex
5/21/2019,Rana pretiosa,5,adult,female,21S,10E,10,Apex
5/21/2019,Rana pretiosa,2,adult,male,21S,10E,10,Apex
5/21/2019,Rana pretiosa,1,egg mass,unknown,19S,11E,8,Breeding
5/21/2019,Rana pretiosa,1,subadult,unknown,19S,11E,8,Apex
5/21/2019,Rana pretiosa,5,subadult,unknown,21S,10E,10,Apex
5/22/2019,Rana pretiosa,7,adult,female,19S,11E,8,Apex
5/22/2019,Rana pretiosa,9,adult,male,19S,11E,8,Apex
5/22/2019,Rana pretiosa,3,adult,female,21S,10E,10,Apex
5/22/2019,Rana pretiosa,5,adult,male,21S,10E,10,Apex
5/22/2019,Rana pretiosa,1,subadult,unknown,19S,11E,8,Apex
5/22/2019,Rana pretiosa,1,subadult,unknown,21S,10E,10,Apex
5/23/2019,Rana pretiosa,10,adult,female,19S,11E,8,Apex
5/23/2019,Rana pretiosa,7,adult,male,19S,11E,8,Apex
5/23/2019,Rana pretiosa,1,adult,unknown,19S,11E,8,Apex
5/23/2019,Rana pretiosa,6,adult,female,19S,11E,9,Apex
5/23/2019,Rana pretiosa,7,adult,female,21S,10E,10,Apex
5/23/2019,Rana pretiosa,3,adult,male,21S,10E,10,Apex
5/23/2019,Rana pretiosa,8,subadult,unknown,19S,11E,8,Apex
5/23/2019,Rana pretiosa,2,subadult,unknown,21S,10E,10,Apex
5/29/2019,Rana pretiosa,2,adult,male,20S,08E,28,Genetics
5/29/2019,Rana pretiosa,3,subadult,unknown,20S,08E,28,Genetics
5/29/2019,Rana pretiosa,1,subadult,unknown,20S,08E,33,Genetics
5/30/2019,Rana pretiosa,6,adult,unknown,20S,11E,7,Mid-Level
5/30/2019,Rana pretiosa,2,adult,unknown,20S,11E,8,Mid-Level
5/30/2019,Rana pretiosa,2,adult,unknown,20S,11E,18,Mid-Level
5/30/2019,Rana pretiosa,2,juvenile,unknown,20S,11E,7,Mid-Level
5/30/2019,Rana pretiosa,3,juvenile,unknown,20S,11E,8,Mid-Level
5/30/2019,Rana pretiosa,2,juvenile,unknown,20S,11E,18,Mid-Level
5/30/2019,Rana pretiosa,5,subadult,unknown,20S,11E,7,Mid-Level
5/30/2019,Rana pretiosa,6,subadult,unknown,20S,11E,8,Mid-Level
5/31/2019,Rana pretiosa,3,adult,unknown,20S,11E,7,Mid-Level
5/31/2019,Rana pretiosa,13,juvenile,unknown,20S,11E,7,Mid-Level
5/31/2019,Rana pretiosa,1,subadult,unknown,20S,11E,7,Mid-Level
6/4/2019,Rana pretiosa,1,adult,unknown,40S,03E,10,Mid-Level
6/4/2019,Rana pretiosa,8,Larva,unknown,40S,03E,10,Mid-Level
6/5/2019,Rana pretiosa,1,adult,unknown,38S,05E,23,Mid-Level
6/10/2019,Rana pretiosa,13,adult,unknown,24S,09E,4,Mid-Level
6/10/2019,Rana pretiosa,1,juvenile,unknown,24S,09E,4,Mid-Level
6/10/2019,Rana pretiosa,27,Larva,unknown,24S,09E,4,Mid-Level
6/10/2019,Rana pretiosa,1,subadult,unknown,24S,09E,4,Mid-Level
6/11/2019,Rana pretiosa,3,Larva,unknown,05S,10E,17,Mid-Level
6/12/2019,Rana pretiosa,2,adult,unknown,20S,11E,7,Mid-Level
6/12/2019,Rana pretiosa,5,adult,unknown,22S,10E,10,Mid-Level
6/12/2019,Rana pretiosa,8,juvenile,unknown,22S,10E,10,Mid-Level
6/12/2019,Rana pretiosa,8,subadult,unknown,22S,10E,10,Mid-Level
6/13/2019,Rana pretiosa,3,juvenile,unknown,20S,08E,28,Mid-Level
6/18/2019,Rana pretiosa,17,adult,unknown,38S,05E,14,Mid-Level
6/18/2019,Rana pretiosa,2,Larva,unknown,38S,05E,14,Mid-Level
6/18/2019,Rana pretiosa,2,subadult,unknown,38S,05E,14,Mid-Level
6/19/2019,Rana pretiosa,4,adult,male,18S,08E,33,Genetics
6/19/2019,Rana pretiosa,1,adult,female,21S,10E,23,Genetics
6/19/2019,Rana pretiosa,1,adult,male,21S,10E,23,Genetics
6/19/2019,Rana pretiosa,4,adult,unknown,27S,09E,14,Mid-Level
6/19/2019,Rana pretiosa,1,subadult,unknown,27S,09E,14,Mid-Level
6/24/2019,Rana pretiosa,3,adult,unknown,34S,06E,11,Mid-Level
6/24/2019,Rana pretiosa,1,Larva,unknown,34S,06E,11,Mid-Level
6/25/2019,Rana pretiosa,17,adult,unknown,20S,07E,4,Mid-Level
6/25/2019,Rana pretiosa,3,adult,unknown,20S,08E,28,Mid-Level
6/25/2019,Rana pretiosa,1,adult,female,21S,10E,12,Genetics
6/25/2019,Rana pretiosa,2,adult,male,21S,10E,12,Genetics
6/25/2019,Rana pretiosa,4,adult,female,21S,10E,23,Genetics
6/25/2019,Rana pretiosa,3,adult,male,21S,10E,23,Genetics
6/25/2019,Rana pretiosa,33,juvenile,unknown,20S,07E,4,Mid-Level
6/25/2019,Rana pretiosa,7,juvenile,unknown,20S,08E,28,Mid-Level
6/25/2019,Rana pretiosa,1,subadult,unknown,20S,07E,4,Mid-Level
6/26/2019,Rana pretiosa,2,adult,female,19S,08E,4,Genetics
6/26/2019,Rana pretiosa,2,adult,female,19S,08E,27,Genetics
6/26/2019,Rana pretiosa,27,adult,unknown,22S,06E,29,Mid-Level
6/26/2019,Rana pretiosa,1,juvenile,unknown,18S,08E,33,Genetics
6/26/2019,Rana pretiosa,1,juvenile,unknown,19S,08E,27,Genetics
6/26/2019,Rana pretiosa,39,juvenile,unknown,22S,06E,29,Mid-Level
6/26/2019,Rana pretiosa,2,Larva,unknown,22S,06E,29,Mid-Level
6/26/2019,Rana pretiosa,3,subadult,unknown,19S,08E,27,Genetics
6/26/2019,Rana pretiosa,13,subadult,unknown,22S,06E,29,Mid-Level
6/27/2019,Rana pretiosa,2,adult,female,20S,08E,28,Genetics
6/27/2019,Rana pretiosa,4,adult,male,20S,08E,28,Genetics
6/27/2019,Rana pretiosa,1,subadult,unknown,20S,08E,28,Genetics
7/1/2019,Rana pretiosa,5,adult,unknown,20S,11E,7,Mid-Level
7/1/2019,Rana pretiosa,2,juvenile,unknown,20S,11E,7,Mid-Level
7/1/2019,Rana pretiosa,4,subadult,unknown,20S,11E,7,Mid-Level
7/2/2019,Rana pretiosa,1,juvenile,unknown,05S,10E,17,Mid-Level
7/9/2019,Rana pretiosa,2,adult,unknown,34S,06E,11,Mid-Level
7/10/2019,Rana pretiosa,4,adult,unknown,40S,03E,10,Mid-Level
7/10/2019,Rana pretiosa,2,subadult,unknown,40S,03E,10,Mid-Level
7/11/2019,Rana pretiosa,1,adult,female,20S,07E,27,Genetics
7/11/2019,Rana pretiosa,1,adult,female,21S,08E,21,Genetics
7/11/2019,Rana pretiosa,4,adult,male,21S,08E,21,Genetics
7/11/2019,Rana pretiosa,2,larva,unknown,21S,08E,21,Genetics
7/15/2019,Rana pretiosa,49,adult,unknown,22S,06E,29,Mid-Level
7/15/2019,Rana pretiosa,32,juvenile,unknown,22S,06E,29,Mid-Level
7/15/2019,Rana pretiosa,55,Larva,unknown,22S,06E,29,Mid-Level
7/15/2019,Rana pretiosa,14,subadult,unknown,22S,06E,29,Mid-Level
7/16/2019,Rana pretiosa,42,adult,unknown,22S,06E,29,Mid-Level
7/16/2019,Rana pretiosa,56,juvenile,unknown,22S,06E,29,Mid-Level
7/16/2019,Rana pretiosa,7,Larva,unknown,22S,06E,29,Mid-Level
7/16/2019,Rana pretiosa,14,subadult,unknown,22S,06E,29,Mid-Level
7/17/2019,Rana pretiosa,4,adult,unknown,22S,10E,10,Mid-Level
7/17/2019,Rana pretiosa,9,adult,unknown,34S,06E,11,Mid-Level
7/17/2019,Rana pretiosa,2,juvenile,unknown,22S,10E,10,Mid-Level
7/17/2019,Rana pretiosa,1,subadult,unknown,22S,10E,10,Mid-Level
7/18/2019,Rana pretiosa,4,adult,unknown,20S,08E,28,Mid-Level
7/18/2019,Rana pretiosa,3,subadult,unknown,20S,08E,28,Mid-Level
7/23/2019,Rana pretiosa,52,adult,unknown,22S,06E,29,Mid-Level
7/23/2019,Rana pretiosa,28,juvenile,unknown,22S,06E,29,Mid-Level
7/23/2019,Rana pretiosa,2,Larva,unknown,22S,06E,29,Mid-Level
7/23/2019,Rana pretiosa,15,subadult,unknown,22S,06E,29,Mid-Level
7/24/2019,Rana pretiosa,4,adult,unknown,20S,11E,7,Mid-Level
7/24/2019,Rana pretiosa,8,juvenile,unknown,20S,11E,7,Mid-Level
7/24/2019,Rana pretiosa,1,subadult,unknown,20S,11E,7,Mid-Level
7/30/2019,Rana pretiosa,1,adult,male,19S,11E,8,Apex
7/30/2019,Rana pretiosa,7,adult,female,21S,10E,10,Apex
7/30/2019,Rana pretiosa,4,adult,male,21S,10E,10,Apex
7/30/2019,Rana pretiosa,2,subadult,unknown,19S,11E,8,Apex
7/31/2019,Rana pretiosa,10,adult,female,19S,11E,8,Apex
7/31/2019,Rana pretiosa,1,adult,male,19S,11E,8,Apex
7/31/2019,Rana pretiosa,1,adult,female,21S,10E,3,Apex
7/31/2019,Rana pretiosa,3,adult,female,21S,10E,10,Apex
7/31/2019,Rana pretiosa,3,adult,male,21S,10E,10,Apex
7/31/2019,Rana pretiosa,3,juvenile,unknown,19S,11E,8,Apex
7/31/2019,Rana pretiosa,1,metamorph,unknown,19S,11E,8,Apex
7/31/2019,Rana pretiosa,3,metamorph,unknown,21S,10E,3,Apex
7/31/2019,Rana pretiosa,3,subadult,unknown,19S,11E,8,Apex
8/1/2019,Rana pretiosa,1,adult,female,19S,11E,8,Apex
8/1/2019,Rana pretiosa,1,adult,male,19S,11E,8,Apex
8/1/2019,Rana pretiosa,1,adult,female,21S,10E,3,Apex
8/1/2019,Rana pretiosa,2,adult,female,21S,10E,10,Apex
8/6/2019,Rana pretiosa,1,adult,male,21S,08E,21,Genetics
8/7/2019,Rana pretiosa,1,adult,female,22S,09E,4,Apex
8/7/2019,Rana pretiosa,1,adult,male,22S,09E,4,Apex
8/7/2019,Rana pretiosa,5,adult,female,22S,09E,5,Apex
8/7/2019,Rana pretiosa,2,adult,male,22S,09E,5,Apex
8/7/2019,Rana pretiosa,1,adult,female,27S,09E,13,Apex
8/7/2019,Rana pretiosa,2,adult,female,27S,09E,24,Apex
8/8/2019,Rana pretiosa,4,adult,female,22S,09E,5,Apex
8/8/2019,Rana pretiosa,3,adult,male,22S,09E,5,Apex
8/8/2019,Rana pretiosa,3,adult,female,27S,09E,24,Apex
8/8/2019,Rana pretiosa,2,adult,female,27S,09E,24,Apex
8/8/2019,Rana pretiosa,4,adult,female,27S,10E,19,Apex
8/8/2019,Rana pretiosa,2,adult,male,27S,10E,19,Apex
8/9/2019,Rana pretiosa,2,adult,female,22S,09E,4,Apex
8/9/2019,Rana pretiosa,4,adult,female,22S,09E,5,Apex
8/9/2019,Rana pretiosa,3,adult,female,27S,09E,24,Apex
8/9/2019,Rana pretiosa,1,adult,female,27S,10E,19,Apex
8/9/2019,Rana pretiosa,1,adult,female,27S,10E,19,Apex
8/9/2019,Rana pretiosa,1,adult,male,27S,10E,19,Apex
8/9/2019,Rana pretiosa,3,adult,male,27S,10E,19,Apex
8/12/2019,Rana pretiosa,1,adult,male,27S,10E,32,Apex
8/13/2019,Rana pretiosa,2,adult,female,27S,10E,32,Apex
8/13/2019,Rana pretiosa,1,adult,female,28S,10E,5,Apex
8/13/2019,Rana pretiosa,1,juvenile,unknown,27S,10E,32,Apex
8/14/2019,Rana pretiosa,1,adult,male,21S,10E,12,Genetics
8/14/2019,Rana pretiosa,6,adult,female,27S,10E,32,Apex
8/14/2019,Rana pretiosa,1,adult,male,27S,10E,32,Apex
8/14/2019,Rana pretiosa,1,adult,female,28S,10E,5,Apex
8/20/2019,Rana pretiosa,4,adult,female,19S,07E,5,Apex
8/20/2019,Rana pretiosa,3,adult,male,19S,07E,5,Apex
8/20/2019,Rana pretiosa,1,adult,unknown,19S,07E,5,Apex
8/20/2019,Rana pretiosa,8,adult,female,19S,07E,8,Apex
8/20/2019,Rana pretiosa,6,adult,male,19S,07E,8,Apex
8/20/2019,Rana pretiosa,8,adult,female,19S,07E,17,Apex
8/20/2019,Rana pretiosa,1,adult,male,19S,07E,17,Apex
8/20/2019,Rana pretiosa,3,subadult,unknown,19S,07E,8,Apex
8/20/2019,Rana pretiosa,1,subadult,unknown,19S,07E,17,Apex
8/21/2019,Rana pretiosa,6,adult,female,19S,07E,5,Apex
8/21/2019,Rana pretiosa,3,adult,female,19S,07E,8,Apex
8/21/2019,Rana pretiosa,4,adult,male,19S,07E,8,Apex
8/21/2019,Rana pretiosa,5,adult,female,19S,07E,17,Apex
8/21/2019,Rana pretiosa,1,adult,male,19S,07E,17,Apex
8/21/2019,Rana pretiosa,1,subadult,unknown,19S,07E,5,Apex
8/21/2019,Rana pretiosa,4,subadult,unknown,19S,07E,8,Apex
8/21/2019,Rana pretiosa,5,subadult,unknown,19S,07E,17,Apex
8/22/2019,Rana pretiosa,6,adult,female,19S,07E,5,Apex
8/22/2019,Rana pretiosa,3,adult,male,19S,07E,5,Apex
8/22/2019,Rana pretiosa,11,adult,female,19S,07E,8,Apex
8/22/2019,Rana pretiosa,3,adult,male,19S,07E,8,Apex
8/22/2019,Rana pretiosa,13,adult,female,19S,07E,17,Apex
8/22/2019,Rana pretiosa,2,adult,male,19S,07E,17,Apex
8/22/2019,Rana pretiosa,4,subadult,unknown,19S,07E,8,Apex
8/22/2019,Rana pretiosa,5,subadult,unknown,19S,07E,17,Apex
8/27/2019,Rana pretiosa,1,adult,female,19S,08E,22,Genetics
8/27/2019,Rana pretiosa,1,adult,male,19S,08E,27,Genetics
8/27/2019,Rana pretiosa,4,adult,female,20S,08E,28,Genetics
8/27/2019,Rana pretiosa,1,adult,male,20S,08E,28,Genetics
8/27/2019,Rana pretiosa,1,subadult,unknown,19S,08E,22,Genetics
8/28/2019,Rana pretiosa,1,adult,female,19S,08E,27,Genetics
8/28/2019,Rana pretiosa,10,adult,female,27S,09E,14,Apex
8/28/2019,Rana pretiosa,5,adult,male,27S,09E,14,Apex
8/29/2019,Rana pretiosa,5,adult,female,27S,09E,14,Apex
8/29/2019,Rana pretiosa,11,adult,male,27S,09E,14,Apex
8/29/2019,Rana pretiosa,1,adult,unknown,27S,09E,14,Apex
8/30/2019,Rana pretiosa,1,adult,female,27S,09E,14,Apex
8/30/2019,Rana pretiosa,2,adult,male,27S,09E,14,Apex
9/4/2019,Rana pretiosa,2,adult,female,27S,09E,13,Apex
9/4/2019,Rana pretiosa,3,adult,male,27S,09E,24,Apex
9/4/2019,Rana pretiosa,1,adult,female,33S,7.5E,10,Apex
9/4/2019,Rana pretiosa,5,adult,male,33S,7.5E,10,Apex
9/4/2019,Rana pretiosa,1,subadult,unknown,33S,7.5E,10,Apex
9/5/2019,Rana pretiosa,2,adult,female,27S,09E,13,Apex
9/5/2019,Rana pretiosa,1,adult,male,27S,09E,13,Apex
9/5/2019,Rana pretiosa,2,adult,female,27S,09E,24,Apex
9/5/2019,Rana pretiosa,8,adult,female,33S,7.5E,10,Apex
9/5/2019,Rana pretiosa,7,adult,male,33S,7.5E,10,Apex
9/5/2019,Rana pretiosa,1,subadult,unknown,33S,7.5E,10,Apex
9/6/2019,Rana pretiosa,2,adult,female,27S,09E,13,Apex
9/6/2019,Rana pretiosa,1,adult,male,27S,09E,13,Apex
9/6/2019,Rana pretiosa,1,adult,female,27S,09E,24,Apex
9/6/2019,Rana pretiosa,1,adult,male,27S,09E,24,Apex
9/6/2019,Rana pretiosa,3,adult,female,33S,7.5E,10,Apex
9/6/2019,Rana pretiosa,5,adult,male,33S,7.5E,10,Apex
9/10/2019,Rana pretiosa,2,adult,female,30S,09E,22,Apex
9/10/2019,Rana pretiosa,2,adult,female,30S,09E,23,Apex
9/11/2019,Rana pretiosa,4,adult,female,30S,09E,22,Apex
9/11/2019,Rana pretiosa,1,adult,male,30S,09E,22,Apex
9/11/2019,Rana pretiosa,1,adult,female,30S,09E,23,Apex
9/11/2019,Rana pretiosa,1,juvenile,unknown,30S,09E,22,Apex
9/11/2019,Rana pretiosa,1,subadult,unknown,20S,08E,28,Genetics
9/11/2019,Rana pretiosa,1,subadult,unknown,30S,09E,22,Apex
9/12/2019,Rana pretiosa,6,adult,female,30S,09E,22,Apex
9/12/2019,Rana pretiosa,3,adult,female,30S,09E,23,Apex
9/12/2019,Rana pretiosa,2,juvenile,unknown,30S,09E,22,Apex
9/17/2019,Rana pretiosa,6,adult,female,22S,09E,5,Apex
9/17/2019,Rana pretiosa,1,adult,male,22S,09E,5,Apex
9/17/2019,Rana pretiosa,2,subadult,unknown,22S,09E,5,Apex
9/18/2019,Rana pretiosa,2,adult,female,22S,09E,4,Apex
9/18/2019,Rana pretiosa,13,adult,female,22S,09E,5,Apex
9/18/2019,Rana pretiosa,4,adult,male,22S,09E,5,Apex
9/18/2019,Rana pretiosa,2,juvenile,unknown,22S,09E,5,Apex
9/18/2019,Rana pretiosa,3,subadult,unknown,22S,09E,5,Apex
9/19/2019,Rana pretiosa,4,adult,female,22S,09E,4,Apex
9/19/2019,Rana pretiosa,14,adult,female,22S,09E,5,Apex
9/19/2019,Rana pretiosa,2,adult,male,22S,09E,5,Apex
9/19/2019,Rana pretiosa,4,juvenile,unknown,22S,09E,5,Apex
9/19/2019,Rana pretiosa,3,subadult,unknown,22S,09E,5,Apex
9/24/2019,Rana pretiosa,4,adult,female,20S,08E,28,Genetics
9/24/2019,Rana pretiosa,25,adult,female,21S,10E,10,Apex
9/24/2019,Rana pretiosa,4,adult,male,21S,10E,10,Apex
9/24/2019,Rana pretiosa,1,juvenile,unknown,21S,10E,10,Apex
9/24/2019,Rana pretiosa,3,subadult,unknown,21S,10E,10,Apex
9/25/2019,Rana pretiosa,12,adult,female,21S,10E,10,Apex
9/25/2019,Rana pretiosa,3,adult,male,21S,10E,10,Apex
9/25/2019,Rana pretiosa,1,juvenile,unknown,21S,10E,9,Apex
9/25/2019,Rana pretiosa,4,subadult,unknown,21S,10E,3,Apex
9/25/2019,Rana pretiosa,3,subadult,unknown,21S,10E,10,Apex
9/26/2019,Rana pretiosa,3,adult,female,21S,10E,10,Apex
9/26/2019,Rana pretiosa,2,adult,male,21S,10E,10,Apex
9/26/2019,Rana pretiosa,1,subadult,unknown,21S,10E,3,Apex
9/26/2019,Rana pretiosa,2,subadult,unknown,21S,10E,10,Apex
10/1/2019,Rana pretiosa,3,adult,female,19S,11E,8,Apex
10/1/2019,Rana pretiosa,2,adult,male,19S,11E,8,Apex
10/1/2019,Rana pretiosa,3,juvenile,unknown,19S,11E,8,Apex
10/1/2019,Rana pretiosa,1,subadult,unknown,19S,11E,8,Apex
10/2/2019,Rana pretiosa,15,adult,female,19S,11E,8,Apex
10/2/2019,Rana pretiosa,4,adult,male,19S,11E,8,Apex
10/3/2019,Rana pretiosa,17,adult,female,19S,11E,8,Apex
10/3/2019,Rana pretiosa,1,juvenile,unknown,19S,11E,9,Apex
10/3/2019,Rana pretiosa,1,subadult,unknown,19S,11E,8,Apex
4/7/2020,Rana pretiosa,2,egg mass,unknown,21S,10E,1,Breeding
4/7/2020,Rana pretiosa,3,egg mass,unknown,21S,10E,12,Breeding
4/7/2020,Rana pretiosa,11,egg mass,unknown,21S,10E,23,Breeding
4/8/2020,Rana pretiosa,5,egg mass,unknown,22S,09E,4,Breeding
4/8/2020,Rana pretiosa,10,egg mass,unknown,22S,09E,5,Breeding
4/9/2020,Rana pretiosa,6,egg mass,unknown,33S,7.5E,10,Breeding
4/10/2020,Rana pretiosa,17,egg mass,unknown,30S,09E,23,Breeding
4/13/2020,Rana pretiosa,4,egg mass,unknown,21S,10E,12,Breeding
4/14/2020,Rana pretiosa,4,egg mass,unknown,19S,11E,8,Breeding
4/14/2020,Rana pretiosa,1,egg mass,unknown,22S,09E,4,Breeding
4/14/2020,Rana pretiosa,2,egg mass,unknown,22S,09E,5,Breeding
4/15/2020,Rana pretiosa,7,egg mass,unknown,33S,7.5E,10,Breeding
4/16/2020,Rana pretiosa,1,egg mass,unknown,30S,09E,22,Breeding
4/21/2020,Rana pretiosa,1,egg mass,unknown,19S,11E,8,Breeding
4/21/2020,Rana pretiosa,4,egg mass,unknown,30S,09E,23,Breeding
4/22/2020,Rana pretiosa,9,egg mass,unknown,27S,10E,32,Breeding
4/23/2020,Rana pretiosa,19,egg mass,unknown,27S,09E,14,Breeding
4/27/2020,Rana pretiosa,1,egg mass,unknown,19S,11E,8,Breeding
4/28/2020,Rana pretiosa,43,egg mass,unknown,19S,11E,8,Breeding
4/28/2020,Rana pretiosa,3,egg mass,unknown,19S,11E,9,Breeding
4/28/2020,Rana pretiosa,5,egg mass,unknown,30S,09E,22,Breeding
4/29/2020,Rana pretiosa,3,egg mass,unknown,27S,09E,13,Breeding
4/29/2020,Rana pretiosa,1,egg mass,unknown,27S,09E,24,Breeding
4/29/2020,Rana pretiosa,25,egg mass,unknown,27S,10E,19,Breeding
4/30/2020,Rana pretiosa,1,egg mass,unknown,27S,09E,14,Breeding
5/4/2020,Rana pretiosa,1,egg mass,unknown,19S,11E,8,Breeding
5/5/2020,Rana pretiosa,13,egg mass,unknown,19S,11E,8,Breeding
5/5/2020,Rana pretiosa,9,egg mass,unknown,19S,11E,9,Breeding
5/6/2020,Rana pretiosa,2,egg mass,unknown,27S,09E,2,Breeding
5/6/2020,Rana pretiosa,1,egg mass,unknown,27S,09E,14,Breeding
5/6/2020,Rana pretiosa,3,egg mass,unknown,27S,10E,19,Breeding
5/12/2020,Rana pretiosa,6,egg mass,unknown,19S,11E,8,Breeding
5/18/2020,Rana pretiosa,1,adult,female,19S,11E,8,Apex
5/18/2020,Rana pretiosa,2,subadult,unknown,19S,11E,8,Apex
5/19/2020,Rana pretiosa,4,adult,female,19S,11E,8,Apex
5/27/2020,Rana pretiosa,6,adult,female,19S,11E,8,Apex
5/27/2020,Rana pretiosa,3,adult,male,19S,11E,8,Apex
5/27/2020,Rana pretiosa,1,adult,male,19S,11E,9,Apex
5/27/2020,Rana pretiosa,1,egg mass,unknown,19S,11E,8,Breeding
5/27/2020,Rana pretiosa,6,subadult,unknown,19S,11E,8,Apex
5/28/2020,Rana pretiosa,1,adult,female,19S,11E,8,Apex
5/28/2020,Rana pretiosa,7,adult,male,19S,11E,8,Apex
5/28/2020,Rana pretiosa,3,adult,female,19S,11E,9,Apex
5/29/2020,Rana pretiosa,6,adult,female,19S,11E,8,Apex
5/29/2020,Rana pretiosa,7,adult,male,19S,11E,8,Apex
5/29/2020,Rana pretiosa,2,subadult,unknown,19S,11E,8,Apex
6/2/2020,Rana pretiosa,1,adult,female,21S,10E,10,Apex
6/2/2020,Rana pretiosa,3,subadult,unknown,21S,10E,3,Apex
6/3/2020,Rana pretiosa,4,subadult,unknown,21S,10E,3,Apex
6/3/2020,Rana pretiosa,2,subadult,unknown,21S,10E,10,Apex
6/4/2020,Rana pretiosa,2,subadult,unknown,21S,10E,10,Apex
6/23/2020,Rana pretiosa,3,adult,female,33S,7.5E,10,Apex
6/23/2020,Rana pretiosa,2,adult,male,33S,7.5E,10,Apex
6/23/2020,Rana pretiosa,1,subadult,unknown,33S,7.5E,10,Apex
6/24/2020,Rana pretiosa,5,adult,female,33S,7.5E,10,Apex
6/24/2020,Rana pretiosa,6,adult,male,33S,7.5E,10,Apex
6/24/2020,Rana pretiosa,3,subadult,unknown,33S,7.5E,10,Apex
6/25/2020,Rana pretiosa,5,adult,female,33S,7.5E,10,Apex
6/25/2020,Rana pretiosa,4,adult,male,33S,7.5E,10,Apex
6/30/2020,Rana pretiosa,9,adult,female,27S,09E,14,Apex
6/30/2020,Rana pretiosa,1,adult,male,27S,09E,14,Apex
6/30/2020,Rana pretiosa,2,subadult,unknown,27S,09E,14,Apex
7/1/2020,Rana pretiosa,7,adult,female,27S,09E,14,Apex
7/1/2020,Rana pretiosa,6,adult,male,27S,09E,14,Apex
7/2/2020,Rana pretiosa,2,adult,female,27S,09E,14,Apex
7/2/2020,Rana pretiosa,2,adult,male,27S,09E,14,Apex
7/6/2020,Rana pretiosa,3,adult,female,27S,10E,32,Apex
7/7/2020,Rana pretiosa,2,adult,female,27S,10E,32,Apex
7/7/2020,Rana pretiosa,3,adult,male,27S,10E,32,Apex
7/7/2020,Rana pretiosa,1,subadult,unknown,27S,10E,32,Apex
7/8/2020,Rana pretiosa,5,adult,female,27S,10E,32,Apex
7/8/2020,Rana pretiosa,1,adult,male,27S,10E,32,Apex
7/21/2020,Rana pretiosa,2,adult,male,21S,10E,10,Apex
7/22/2020,Rana pretiosa,1,adult,female,21S,10E,10,Apex
7/22/2020,Rana pretiosa,1,adult,male,21S,10E,10,Apex
7/23/2020,Rana pretiosa,2,adult,female,21S,10E,10,Apex
7/23/2020,Rana pretiosa,3,adult,male,21S,10E,10,Apex
7/23/2020,Rana pretiosa,1,subadult,unknown,21S,10E,10,Apex
7/27/2020,Rana pretiosa,1,adult,female,19S,11E,8,Apex
7/27/2020,Rana pretiosa,3,subadult,unknown,19S,11E,8,Apex
7/28/2020,Rana pretiosa,7,adult,female,19S,11E,8,Apex
7/28/2020,Rana pretiosa,2,adult,male,19S,11E,8,Apex
7/28/2020,Rana pretiosa,4,subadult,unknown,19S,11E,8,Apex
7/29/2020,Rana pretiosa,8,adult,female,19S,11E,8,Apex
7/29/2020,Rana pretiosa,2,subadult,unknown,19S,11E,8,Apex
7/30/2020,Rana pretiosa,5,adult,female,19S,11E,8,Apex
7/30/2020,Rana pretiosa,1,adult,male,19S,11E,8,Apex
7/30/2020,Rana pretiosa,1,subadult,unknown,19S,11E,8,Apex
8/4/2020,Rana pretiosa,1,adult,female,22S,09E,4,Apex
8/4/2020,Rana pretiosa,1,adult,male,22S,09E,4,Apex
8/4/2020,Rana pretiosa,4,adult,female,22S,09E,5,Apex
8/4/2020,Rana pretiosa,2,adult,male,22S,09E,5,Apex
8/4/2020,Rana pretiosa,1,subadult,unknown,22S,09E,5,Apex
8/5/2020,Rana pretiosa,3,adult,female,22S,09E,4,Apex
8/5/2020,Rana pretiosa,3,adult,female,22S,09E,5,Apex
8/5/2020,Rana pretiosa,1,adult,male,22S,09E,5,Apex
8/5/2020,Rana pretiosa,1,subadult,unknown,22S,09E,5,Apex
8/6/2020,Rana pretiosa,3,adult,female,22S,09E,4,Apex
8/6/2020,Rana pretiosa,1,adult,male,22S,09E,4,Apex
8/6/2020,Rana pretiosa,3,adult,female,22S,09E,5,Apex
8/6/2020,Rana pretiosa,2,adult,male,22S,09E,5,Apex
8/18/2020,Rana pretiosa,1,adult,female,19S,07E,5,Apex
8/18/2020,Rana pretiosa,1,adult,male,19S,07E,5,Apex
8/18/2020,Rana pretiosa,19,adult,female,19S,07E,8,Apex
8/18/2020,Rana pretiosa,4,adult,male,19S,07E,8,Apex
8/18/2020,Rana pretiosa,5,adult,female,19S,07E,17,Apex
8/18/2020,Rana pretiosa,3,adult,male,19S,07E,17,Apex
8/19/2020,Rana pretiosa,2,adult,male,19S,07E,5,Apex
8/19/2020,Rana pretiosa,17,adult,female,19S,07E,8,Apex
8/19/2020,Rana pretiosa,2,adult,male,19S,07E,8,Apex
8/19/2020,Rana pretiosa,1,adult,male,19S,07E,9,Apex
8/19/2020,Rana pretiosa,1,adult,female,19S,07E,17,Apex
8/19/2020,Rana pretiosa,5,subadult,unknown,19S,07E,8,Apex
8/20/2020,Rana pretiosa,1,adult,male,19S,07E,5,Apex
8/20/2020,Rana pretiosa,11,adult,female,19S,07E,8,Apex
8/20/2020,Rana pretiosa,3,adult,male,19S,07E,8,Apex
8/20/2020,Rana pretiosa,2,adult,female,19S,07E,17,Apex
8/20/2020,Rana pretiosa,5,adult,male,19S,07E,17,Apex
8/20/2020,Rana pretiosa,1,subadult,unknown,19S,07E,8,Apex
8/20/2020,Rana pretiosa,1,subadult,unknown,19S,07E,17,Apex
9/1/2020,Rana pretiosa,3,adult,female,30S,09E,22,Apex
9/1/2020,Rana pretiosa,2,adult,male,30S,09E,22,Apex
9/1/2020,Rana pretiosa,2,adult,female,30S,09E,23,Apex
9/1/2020,Rana pretiosa,6,juvenile,unknown,30S,09E,22,Apex
9/2/2020,Rana pretiosa,7,adult,female,30S,09E,22,Apex
9/2/2020,Rana pretiosa,6,adult,male,30S,09E,22,Apex
9/2/2020,Rana pretiosa,2,adult,female,30S,09E,23,Apex
9/2/2020,Rana pretiosa,3,adult,male,30S,09E,23,Apex
9/2/2020,Rana pretiosa,1,juvenile,unknown,30S,09E,22,Apex
9/2/2020,Rana pretiosa,1,juvenile,unknown,30S,09E,23,Apex
9/22/2020,Rana pretiosa,1,adult,female,22S,09E,4,Apex
9/22/2020,Rana pretiosa,5,adult,female,22S,09E,5,Apex
9/22/2020,Rana pretiosa,3,adult,male,22S,09E,5,Apex
9/22/2020,Rana pretiosa,2,subadult,unknown,22S,09E,5,Apex
9/23/2020,Rana pretiosa,2,adult,female,22S,09E,4,Apex
9/23/2020,Rana pretiosa,1,adult,male,22S,09E,4,Apex
9/23/2020,Rana pretiosa,5,adult,female,22S,09E,5,Apex
9/23/2020,Rana pretiosa,5,adult,male,22S,09E,5,Apex
9/24/2020,Rana pretiosa,1,adult,female,22S,09E,4,Apex
9/24/2020,Rana pretiosa,7,adult,female,22S,09E,5,Apex
9/24/2020,Rana pretiosa,6,adult,male,22S,09E,5,Apex
9/24/2020,Rana pretiosa,2,subadult,unknown,22S,09E,5,Apex
10/6/2020,Rana pretiosa,2,adult,female,19S,11E,8,Apex
10/7/2020,Rana pretiosa,1,adult,female,19S,11E,8,Apex
10/14/2020,Rana pretiosa,1,adult,male,21S,10E,3,Apex
3/31/2021,Rana pretiosa,2,egg mass,unknown,33S,07.5E,10,"Breeding, Genetics"
4/1/2021,Rana pretiosa,1,egg mass,unknown,40S,03E,10,Genetics
4/7/2021,Rana pretiosa,4,egg mass,unknown,21S,10E,23,Breeding
4/8/2021,Rana pretiosa,26,egg mass,unknown,33S,06E,14,Genetics
4/8/2021,Rana pretiosa,14,egg mass,unknown,33S,07.5E,10,"Breeding, Genetics"
4/8/2021,Rana pretiosa,2,egg mass,unknown,40S,03E,10,Genetics
4/11/2021,Rana pretiosa,10,egg mass,unknown,05S,10E,16,Genetics
4/11/2021,Rana pretiosa,9,egg mass,unknown,05S,10E,17,Genetics
4/12/2021,Rana pretiosa,2,egg mass,unknown,22S,09E,4,"Breeding, Genetics"
4/12/2021,Rana pretiosa,5,egg mass,unknown,22S,09E,5,"Breeding, Genetics"
4/14/2021,Rana pretiosa,1,egg mass,unknown,33S,06E,14,Genetics
4/15/2021,Rana pretiosa,1,egg mass,unknown,05S,10E,16,Genetics
4/15/2021,Rana pretiosa,11,egg mass,unknown,05S,10E,17,Genetics
4/18/2021,Rana pretiosa,15,egg mass,unknown,05S,10E,17,Genetics
4/19/2021,Rana pretiosa,3,egg mass,unknown,22S,09E,5,"Breeding, Genetics"
4/20/2021,Rana pretiosa,3,egg mass,unknown,21S,10E,3,"Breeding, Genetics"
4/20/2021,Rana pretiosa,14,egg mass,unknown,21S,10E,10,Breeding
4/20/2021,Rana pretiosa,3,egg mass,unknown,33S,06E,14,Genetics
4/20/2021,Rana pretiosa,1,egg mass,unknown,33S,07.5E,10,"Breeding, Genetics"
4/21/2021,Rana pretiosa,4,egg mass,unknown,27S,10E,32,"Breeding, Genetics"
4/22/2021,Rana pretiosa,16,egg mass,unknown,38S,05E,11,Genetics
4/22/2021,Rana pretiosa,14,egg mass,unknown,38S,05E,14,Genetics
4/27/2021,Rana pretiosa,4,egg mass,unknown,21S,10E,10,Breeding
4/28/2021,Rana pretiosa,8,egg mass,unknown,05S,10E,17,Genetics
4/28/2021,Rana pretiosa,16,egg mass,unknown,27S,09E,14,"Breeding, Genetics"
4/29/2021,Rana pretiosa,1,egg mass,unknown,22S,09E,4,"Breeding, Genetics"
4/29/2021,Rana pretiosa,1,egg mass,unknown,22S,09E,5,"Breeding, Genetics"
5/4/2021,Rana pretiosa,1,egg mass,unknown,21S,10E,10,Breeding
5/5/2021,Rana pretiosa,39,egg mass,unknown,19S,11E,8,Breeding
5/5/2021,Rana pretiosa,9,egg mass,unknown,38S,05E,14,Genetics
5/5/2021,Rana pretiosa,3,egg mass,unknown,38S,05E,23,Genetics
5/6/2021,Rana pretiosa,2,egg mass,unknown,27S,09E,14,"Breeding, Genetics"
5/12/2021,Rana pretiosa,16,egg mass,unknown,19S,11E,8,Breeding
5/18/2021,Rana pretiosa,1,adult,female,21S,10E,9,"Apex, Genetics"
5/18/2021,Rana pretiosa,1,adult,male,21S,10E,9,"Apex, Genetics"
5/19/2021,Rana pretiosa,1,egg mass,unknown,19S,11E,9,Breeding
5/20/2021,Rana pretiosa,1,adult,female,21S,10E,10,"Apex, Genetics"
5/20/2021,Rana pretiosa,1,Subadult,unknown,21S,10E,9,"Apex, Genetics"
5/24/2021,Rana pretiosa,1,adult,female,19S,11E,8,Apex
5/24/2021,Rana pretiosa,1,adult,male,19S,11E,8,Apex
5/24/2021,Rana pretiosa,2,juvenile,unknown,19S,11E,8,Apex
5/25/2021,Rana pretiosa,3,adult,female,19S,11E,8,Apex
5/25/2021,Rana pretiosa,1,adult,male,19S,11E,8,Apex
5/25/2021,Rana pretiosa,7,egg mass,unknown,19S,11E,8,Breeding
5/25/2021,Rana pretiosa,2,Subadult,unknown,19S,11E,8,Apex
5/26/2021,Rana pretiosa,5,adult,female,19S,11E,8,Apex
5/26/2021,Rana pretiosa,6,adult,male,19S,11E,8,Apex
5/26/2021,Rana pretiosa,1,Subadult,unknown,19S,11E,8,Apex
5/27/2021,Rana pretiosa,4,adult,female,19S,11E,8,Apex
5/27/2021,Rana pretiosa,4,adult,male,19S,11E,8,Apex
5/27/2021,Rana pretiosa,2,Subadult,unknown,19S,11E,8,Apex
6/15/2021,Rana pretiosa,2,adult,female,27S,09E,14,"Apex, Genetics"
6/15/2021,Rana pretiosa,7,adult,male,27S,09E,14,"Apex, Genetics"
6/15/2021,Rana pretiosa,3,subadult,unknown,27S,09E,14,"Apex, Genetics"
6/16/2021,Rana pretiosa,5,adult,female,27S,09E,14,"Apex, Genetics"
6/16/2021,Rana pretiosa,11,adult,male,27S,09E,14,"Apex, Genetics"
6/16/2021,Rana pretiosa,2,juvenile,unknown,27S,09E,14,"Apex, Genetics"
6/16/2021,Rana pretiosa,3,subadult,unknown,27S,09E,14,"Apex, Genetics"
6/17/2021,Rana pretiosa,3,adult,female,27S,09E,14,"Apex, Genetics"
6/17/2021,Rana pretiosa,7,adult,male,27S,09E,14,"Apex, Genetics"
6/17/2021,Rana pretiosa,1,subadult,unknown,27S,09E,14,"Apex, Genetics"
6/22/2021,Rana pretiosa,1,adult,female,27S,10E,32,"Apex, Genetics"
6/22/2021,Rana pretiosa,2,adult,male,27S,10E,32,"Apex, Genetics"
6/23/2021,Rana pretiosa,3,adult,female,27S,10E,32,"Apex, Genetics"
6/23/2021,Rana pretiosa,3,adult,male,27S,10E,32,"Apex, Genetics"
6/23/2021,Rana pretiosa,1,subadult,unknown,28S,10E,5,"Apex, Genetics"
6/24/2021,Rana pretiosa,1,adult,female,27S,10E,32,"Apex, Genetics"
6/24/2021,Rana pretiosa,3,adult,male,27S,10E,32,"Apex, Genetics"
7/7/2021,Rana pretiosa,4,adult,female,22S,06E,29,Genetics
7/7/2021,Rana pretiosa,5,adult,male,22S,06E,29,Genetics
7/7/2021,Rana pretiosa,5,adult,female,33S,07.5E,10,"Apex, Genetics"
7/7/2021,Rana pretiosa,1,juvenile,unknown,22S,06E,29,Genetics
7/7/2021,Rana pretiosa,1,subadult,unknown,22S,06E,29,Genetics
7/8/2021,Rana pretiosa,4,adult,female,22S,06E,29,Genetics
7/8/2021,Rana pretiosa,6,adult,female,33S,07.5E,10,"Apex, Genetics"
7/8/2021,Rana pretiosa,2,adult,male,33S,07.5E,10,"Apex, Genetics"
7/8/2021,Rana pretiosa,1,subadult,unknown,22S,06E,29,Genetics
7/9/2021,Rana pretiosa,3,adult,female,33S,07.5E,10,"Apex, Genetics"
7/9/2021,Rana pretiosa,1,adult,male,33S,07.5E,10,"Apex, Genetics"
7/9/2021,Rana pretiosa,1,subadult,unknown,33S,07.5E,10,"Apex, Genetics"
7/13/2021,Rana pretiosa,3,adult,female,19S,11E,8,Apex
7/13/2021,Rana pretiosa,3,adult,male,19S,11E,8,Apex
7/13/2021,Rana pretiosa,2,adult,female,19S,11E,9,Apex
7/13/2021,Rana pretiosa,1,adult,female,21S,10E,10,"Apex, Genetics"
7/13/2021,Rana pretiosa,3,juvenile,unknown,19S,11E,8,Apex
7/13/2021,Rana pretiosa,3,Subadult,unknown,19S,11E,8,Apex
7/14/2021,Rana pretiosa,2,adult,female,19S,11E,8,Apex
7/14/2021,Rana pretiosa,6,adult,male,19S,11E,8,Apex
7/14/2021,Rana pretiosa,1,adult,male,21S,10E,10,"Apex, Genetics"
7/15/2021,Rana pretiosa,3,adult,female,19S,11E,8,Apex
7/15/2021,Rana pretiosa,3,adult,male,19S,11E,8,Apex
7/15/2021,Rana pretiosa,1,adult,female,21S,10E,9,"Apex, Genetics"
7/15/2021,Rana pretiosa,1,adult,male,21S,10E,9,"Apex, Genetics"
7/15/2021,Rana pretiosa,1,Subadult,unknown,19S,11E,8,Apex
7/20/2021,Rana pretiosa,1,adult,female,23S,07E,30,Genetics
7/20/2021,Rana pretiosa,1,adult,unknown,23S,07E,30,Genetics
7/20/2021,Rana pretiosa,1,juvenile,unknown,23S,07E,30,Genetics
7/21/2021,Rana pretiosa,2,adult,male,32S,09E,31,Genetics
7/21/2021,Rana pretiosa,2,subadult,unknown,32S,09E,31,Genetics
7/27/2021,Rana pretiosa,1,adult,female,22S,09E,4,Apex
7/27/2021,Rana pretiosa,6,adult,female,22S,09E,5,Apex
7/27/2021,Rana pretiosa,3,adult,male,22S,09E,5,Apex
7/27/2021,Rana pretiosa,1,adult,female,40S,03E,10,Genetics
7/27/2021,Rana pretiosa,2,adult,male,40S,03E,10,Genetics
7/28/2021,Rana pretiosa,1,adult,female,22S,09E,5,Apex
7/28/2021,Rana pretiosa,2,adult,male,22S,09E,5,Apex
7/28/2021,Rana pretiosa,1,subadult,unknown,22S,09E,5,Apex
7/29/2021,Rana pretiosa,4,adult,female,22S,09E,5,Apex
7/29/2021,Rana pretiosa,3,adult,male,22S,09E,5,Apex
8/3/2021,Rana pretiosa,1,adult,male,23S,07E,30,Genetics
8/3/2021,Rana pretiosa,5,adult,unknown,23S,07E,30,Genetics
8/11/2021,Rana pretiosa,1,adult,male,40S,03E,10,Genetics
8/17/2021,Rana pretiosa,6,adult,female,19S,07E,8,Apex
8/17/2021,Rana pretiosa,1,adult,male,19S,07E,8,Apex
8/17/2021,Rana pretiosa,6,adult,female,19S,07E,17,Apex
8/17/2021,Rana pretiosa,3,adult,male,19S,07E,17,Apex
8/18/2021,Rana pretiosa,2,adult,female,19S,07E,5,Apex
8/18/2021,Rana pretiosa,1,adult,male,19S,07E,5,Apex
8/18/2021,Rana pretiosa,13,adult,female,19S,07E,8,Apex
8/18/2021,Rana pretiosa,6,adult,male,19S,07E,8,Apex
8/18/2021,Rana pretiosa,1,adult,female,19S,07E,17,Apex
8/18/2021,Rana pretiosa,1,juvenile,unknown,19S,07E,8,Apex
8/18/2021,Rana pretiosa,2,subadult,unknown,19S,07E,8,Apex
8/18/2021,Rana pretiosa,1,subadult,unknown,19S,07E,17,Apex
8/19/2021,Rana pretiosa,1,adult,female,19S,07E,8,Apex
8/19/2021,Rana pretiosa,1,adult,male,19S,07E,8,Apex
8/19/2021,Rana pretiosa,2,adult,female,19S,07E,17,Apex
8/19/2021,Rana pretiosa,2,adult,male,19S,07E,17,Apex
8/19/2021,Rana pretiosa,1,subadult,unknown,19S,07E,8,Apex
8/19/2021,Rana pretiosa,1,subadult,unknown,19S,07E,17,Apex
9/1/2021,Rana pretiosa,3,adult,unknown,23S,07E,30,Genetics
9/2/2021,Rana pretiosa,3,adult,female,23S,07E,30,Genetics
9/2/2021,Rana pretiosa,2,adult,unknown,23S,07E,30,Genetics
9/2/2021,Rana pretiosa,1,juvenile,unknown,23S,07E,30,Genetics
9/2/2021,Rana pretiosa,1,subadult,unknown,23S,07E,30,Genetics
9/14/2021,Rana pretiosa,5,adult,female,22S,09E,5,Apex
9/14/2021,Rana pretiosa,3,adult,female,22S,09E,5,Apex
9/14/2021,Rana pretiosa,1,adult,male,22S,09E,5,Apex
9/14/2021,Rana pretiosa,2,adult,male,22S,09E,5,Apex
9/15/2021,Rana pretiosa,5,adult,female,22S,09E,5,Apex
9/15/2021,Rana pretiosa,1,adult,male,22S,09E,5,Apex
9/15/2021,Rana pretiosa,2,adult,male,22S,09E,5,Apex
9/15/2021,Rana pretiosa,6,adult,unknown,22S,09E,5,Apex
9/15/2021,Rana pretiosa,10,juvenile,unknown,22S,09E,5,Apex
9/16/2021,Rana pretiosa,2,adult,female,22S,09E,5,Apex
9/16/2021,Rana pretiosa,2,adult,male,22S,09E,5,Apex
9/16/2021,Rana pretiosa,1,adult,male,22S,09E,5,Apex
9/16/2021,Rana pretiosa,2,adult,unknown,22S,09E,5,Apex
9/21/2021,Rana pretiosa,1,juvenile,unknown,19S,11E,8,Apex
9/22/2021,Rana pretiosa,4,juvenile,unknown,19S,11E,8,Apex
9/22/2021,Rana pretiosa,1,subadult,unknown,19S,11E,8,Apex
9/23/2021,Rana pretiosa,3,adult,female,22S,06E,29,Genetics
9/23/2021,Rana pretiosa,2,juvenile,unknown,22S,06E,29,Genetics
9/28/2021,Rana pretiosa,1,adult,female,21S,10E,3,"Apex, Genetics"
9/29/2021,Rana pretiosa,2,juvenile,unknown,21S,10E,3,"Apex, Genetics"
9/29/2021,Rana pretiosa,4,juvenile,unknown,21S,10E,10,"Apex, Genetics"
9/29/2021,Rana pretiosa,2,subadult,unknown,21S,10E,3,"Apex, Genetics"
9/29/2021,Rana pretiosa,2,subadult,unknown,21S,10E,10,"Apex, Genetics"
9/30/2021,Rana pretiosa,1,adult,female,21S,10E,9,"Apex, Genetics"
9/30/2021,Rana pretiosa,6,juvenile,unknown,21S,10E,10,"Apex, Genetics"
9/30/2021,Rana pretiosa,2,subadult,unknown,21S,10E,10,"Apex, Genetics"
3/21/2022,Rana pretiosa,7,egg mass,unknown,T05S,R10E,16,"Breeding, Genetics"
3/22/2022,Rana pretiosa,3,egg mass,unknown,T05S,R10E,16,"Breeding, Genetics"
3/22/2022,Rana pretiosa,7,egg mass,unknown,T05S,R10E,17,"Breeding, Genetics"
3/23/2022,Rana pretiosa,6,egg mass,unknown,T05S,R10E,16,"Breeding, Genetics"
3/23/2022,Rana pretiosa,4,egg mass,unknown,T05S,R10E,17,"Breeding, Genetics"
3/28/2022,Rana pretiosa,15,egg mass,unknown,T05S,R10E,16,"Breeding, Genetics"
3/29/2022,Rana pretiosa,3,egg mass,unknown,T05S,R10E,16,"Breeding, Genetics"
3/29/2022,Rana pretiosa,56,egg mass,unknown,T05S,R10E,17,"Breeding, Genetics"
3/31/2022,Rana pretiosa,7,egg mass,unknown,T18S,R12E,5,"Breeding, Genetics"
4/5/2022,Rana pretiosa,1,egg mass,unknown,T22S,R09E,4,"Breeding, Genetics"
4/5/2022,Rana pretiosa,6,egg mass,unknown,T22S,R09E,5,"Breeding, Genetics"
4/5/2022,Rana pretiosa,2,egg mass,unknown,T32S,R09E,31,"Breeding, Genetics"
4/5/2022,Rana pretiosa,4,egg mass,unknown,T40S,R03E,10,"Breeding, Genetics"
4/6/2022,Rana pretiosa,5,egg mass,unknown,T05S,R10E,16,"Breeding, Genetics"
4/6/2022,Rana pretiosa,7,egg mass,unknown,T05S,R10E,17,"Breeding, Genetics"
4/6/2022,Rana pretiosa,16,egg mass,unknown,T33S,R07.5E,10,"Breeding, Genetics"
4/7/2022,Rana pretiosa,5,egg mass,unknown,T25S,R08E,20,"Breeding, Genetics"
4/19/2022,Rana pretiosa,4,egg mass,unknown,T22S,R09E,5,"Breeding, Genetics"
4/20/2022,Rana pretiosa,1,egg mass,unknown,T21S,R10E,3,"Breeding, Genetics"
4/20/2022,Rana pretiosa,11,egg mass,unknown,T21S,R10E,10,"Breeding, Genetics"
4/23/2022,Rana pretiosa,2,egg mass,unknown,T20S,R08E,28,"Breeding, Genetics"
4/23/2022,Rana pretiosa,6,egg mass,unknown,T20S,R08E,29,"Breeding, Genetics"
4/25/2022,Rana pretiosa,18,egg mass,unknown,T23S,R07E,30,"Breeding, Genetics"
4/25/2022,Rana pretiosa,19,egg mass,unknown,T33S,R06E,14,"Breeding, Genetics"
4/26/2022,Rana pretiosa,1,egg mass,unknown,T19S,R11E,9,Breeding
4/26/2022,Rana pretiosa,1,egg mass,unknown,T22S,R09E,5,"Breeding, Genetics"
4/26/2022,Rana pretiosa,6,egg mass,unknown,T38S,R05E,11,"Breeding, Genetics"
4/26/2022,Rana pretiosa,31,egg mass,unknown,T38S,R05E,14,"Breeding, Genetics"
4/27/2022,Rana pretiosa,1,egg mass,unknown,T20S,R08E,28,"Breeding, Genetics"
4/27/2022,Rana pretiosa,3,egg mass,unknown,T21S,R08E,8,"Breeding, Genetics"
4/27/2022,Rana pretiosa,2,egg mass,unknown,T21S,R10E,10,"Breeding, Genetics"
4/27/2022,Rana pretiosa,13,egg mass,unknown,T24S,R08E,35,"Breeding, Genetics"
4/27/2022,Rana pretiosa,1,egg mass,unknown,T25S,R08E,30,"Breeding, Genetics"
4/27/2022,Rana pretiosa,2,egg mass,unknown,T31S,R10E,13,"Breeding, Genetics"
4/27/2022,Rana pretiosa,7,egg mass,unknown,T31S,R11E,7,"Breeding, Genetics"
4/28/2022,Rana pretiosa,4,egg mass,unknown,T21S,R10E,10,"Breeding, Genetics"
4/28/2022,Rana pretiosa,2,egg mass,unknown,T27S,R10E,32,"Breeding, Genetics"
5/4/2022,Rana pretiosa,1,egg mass,unknown,T19S,R11E,8,Breeding
5/4/2022,Rana pretiosa,5,egg mass,unknown,T19S,R11E,9,Breeding
5/4/2022,Rana pretiosa,11,egg mass,unknown,T27S,R09E,2,"Breeding, Genetics"
5/4/2022,Rana pretiosa,11,egg mass,unknown,T27S,R09E,14,"Breeding, Genetics"
5/10/2022,Rana pretiosa,5,egg mass,unknown,T19S,R11E,8,Breeding
5/10/2022,Rana pretiosa,3,egg mass,unknown,T19S,R11E,9,Breeding
5/17/2022,Rana pretiosa,6,egg mass,unknown,T19S,R11E,8,Breeding
5/25/2022,Rana pretiosa,1,juvenile,unknown,T21S,R10E,3,"Apex, Genetics"
5/25/2022,Rana pretiosa,5,juvenile,unknown,T21S,R10E,10,"Apex, Genetics"
5/26/2022,Rana pretiosa,1,juvenile,unknown,T21S,R10E,3,"Apex, Genetics"
6/1/2022,Rana pretiosa,5,adult,female,T19S,R11E,8,Apex
6/1/2022,Rana pretiosa,3,adult,male,T19S,R11E,8,Apex
6/1/2022,Rana pretiosa,1,subadult,unknown,T19S,R11E,8,Apex
6/2/2022,Rana pretiosa,4,adult,female,T19S,R11E,8,Apex
6/2/2022,Rana pretiosa,1,adult,male,T19S,R11E,8,Apex
6/7/2022,Rana pretiosa,4,adult,unknown,T24S,R09E,4,Mid-Level
6/9/2022,Rana pretiosa,1,adult,unknown,T20S,R11E,7,Mid-Level
6/9/2022,Rana pretiosa,2,juvenile,unknown,T20S,R11E,8,Mid-Level
6/15/2022,Rana pretiosa,9,adult,unknown,T22S,R10E,10,Mid-Level
6/15/2022,Rana pretiosa,8,juvenile,unknown,T22S,R10E,10,Mid-Level
6/16/2022,Rana pretiosa,10,adult,unknown,T22S,R06E,29,Mid-Level
6/16/2022,Rana pretiosa,36,juvenile,unknown,T22S,R06E,29,Mid-Level
6/22/2022,Rana pretiosa,6,adult,female,T27S,R09E,14,"Apex, Genetics"
6/22/2022,Rana pretiosa,6,adult,male,T27S,R09E,14,"Apex, Genetics"
6/23/2022,Rana pretiosa,4,adult,female,T27S,R09E,14,"Apex, Genetics"
6/23/2022,Rana pretiosa,6,adult,male,T27S,R09E,14,"Apex, Genetics"
7/7/2022,Rana pretiosa,1,adult,unknown,T05S,R10E,17,Mid-Level
7/12/2022,Rana pretiosa,2,adult,unknown,T20S,R07E,4,Mid-Level
7/12/2022,Rana pretiosa,3,juvenile,unknown,T20S,R07E,4,Mid-Level
7/19/2022,Rana pretiosa,1,adult,male,T27S,R10E,32,"Apex, Genetics"
7/19/2022,Rana pretiosa,4,adult,female,T33S,R07.5E,10,"Apex, Genetics"
7/19/2022,Rana pretiosa,1,adult,male,T33S,R07.5E,10,"Apex, Genetics"
7/20/2022,Rana pretiosa,9,adult,female,T33S,R07.5E,10,"Apex, Genetics"
7/20/2022,Rana pretiosa,6,adult,male,T33S,R07.5E,10,"Apex, Genetics"
7/20/2022,Rana pretiosa,1,adult,unknown,T33S,R07.5E,10,"Apex, Genetics"
7/20/2022,Rana pretiosa,1,subadult,unknown,T33S,R07.5E,10,"Apex, Genetics"
7/25/2022,Rana pretiosa,1,adult,unknown,T38S,R05E,23,Mid-Level
7/26/2022,Rana pretiosa,1,adult,female,T22S,R09E,5,"Apex, Genetics"
7/26/2022,Rana pretiosa,1,adult,male,T22S,R09E,5,"Apex, Genetics"
7/26/2022,Rana pretiosa,2,adult,female,T32S,R09E,31,"Apex, Genetics"
7/26/2022,Rana pretiosa,5,adult,unknown,T38S,R05E,14,Mid-Level
7/26/2022,Rana pretiosa,1,subadult,unknown,T22S,R09E,5,"Apex, Genetics"
7/27/2022,Rana pretiosa,1,adult,female,T22S,R09E,5,"Apex, Genetics"
7/27/2022,Rana pretiosa,1,adult,male,T22S,R09E,5,"Apex, Genetics"
7/27/2022,Rana pretiosa,1,adult,female,T38S,R05E,2,"Apex, Genetics"
7/27/2022,Rana pretiosa,1,adult,unknown,T38S,R05E,23,Mid-Level
7/27/2022,Rana pretiosa,1,subadult,male,T22S,R09E,5,"Apex, Genetics"
7/27/2022,Rana pretiosa,1,subadult,unknown,T22S,R09E,5,"Apex, Genetics"
7/28/2022,Rana pretiosa,3,adult,female,T22S,R09E,5,"Apex, Genetics"
7/28/2022,Rana pretiosa,4,adult,male,T22S,R09E,5,"Apex, Genetics"
7/28/2022,Rana pretiosa,2,adult,unknown,T40S,R03E,10,Mid-Level
7/28/2022,Rana pretiosa,1,subadult,unknown,T22S,R09E,5,"Apex, Genetics"
8/3/2022,Rana pretiosa,4,adult,unknown,T27S,R09E,14,Mid-Level
8/3/2022,Rana pretiosa,2,metamorph,unknown,T27S,R09E,14,Mid-Level
8/9/2022,Rana pretiosa,29,adult,unknown,T22S,R06E,30,Mid-Level
8/9/2022,Rana pretiosa,8,adult,female,T22S,R06E,30,"Apex, Genetics"
8/9/2022,Rana pretiosa,1,adult,male,T22S,R06E,30,"Apex, Genetics"
8/9/2022,Rana pretiosa,67,juvenile,unknown,T22S,R06E,30,Mid-Level
8/9/2022,Rana pretiosa,5,larva,unknown,T22S,R06E,30,Mid-Level
8/10/2022,Rana pretiosa,2,juvenile,unknown,T23S,R07E,30,"Apex, Genetics"
8/16/2022,Rana pretiosa,2,adult,unknown,T19S,R07E,5,Apex
8/16/2022,Rana pretiosa,5,adult,unknown,T19S,R07E,8,Apex
8/16/2022,Rana pretiosa,7,adult,unknown,T19S,R07E,17,Apex
8/16/2022,Rana pretiosa,1,subadult,unknown,T19S,R07E,8,Apex
8/16/2022,Rana pretiosa,1,subadult,unknown,T19S,R07E,17,Apex
8/17/2022,Rana pretiosa,2,adult,unknown,T19S,R07E,5,Apex
8/17/2022,Rana pretiosa,17,adult,unknown,T19S,R07E,8,Apex
8/17/2022,Rana pretiosa,8,adult,unknown,T19S,R07E,17,Apex
8/18/2022,Rana pretiosa,8,adult,unknown,T19S,R07E,8,Apex
8/24/2022,Rana pretiosa,2,adult,female,T32S,R09E,31,"Apex, Genetics"
8/24/2022,Rana pretiosa,2,adult,female,T38S,R05E,23,"Apex, Genetics"
8/24/2022,Rana pretiosa,1,subadult,unknown,T32S,R09E,31,"Apex, Genetics"
8/25/2022,Rana pretiosa,1,adult,female,T33S,R06E,14,"Apex, Genetics"
8/25/2022,Rana pretiosa,1,adult,male,T33S,R06E,14,"Apex, Genetics"
8/29/2022,Rana pretiosa,3,adult,female,T22S,R09E,5,"Apex, Genetics"
8/29/2022,Rana pretiosa,1,adult,male,T22S,R09E,5,"Apex, Genetics"
8/30/2022,Rana pretiosa,5,adult,female,T22S,R09E,5,"Apex, Genetics"
8/30/2022,Rana pretiosa,6,adult,male,T22S,R09E,5,"Apex, Genetics"
8/30/2022,Rana pretiosa,2,subadult,unknown,T22S,R09E,5,"Apex, Genetics"
8/31/2022,Rana pretiosa,9,adult,female,T22S,R09E,5,"Apex, Genetics"
8/31/2022,Rana pretiosa,11,adult,male,T22S,R09E,5,"Apex, Genetics"
8/31/2022,Rana pretiosa,5,subadult,unknown,T22S,R09E,5,"Apex, Genetics"
9/28/2022,Rana pretiosa,4,adult,female,T21S,R10E,10,"Apex, Genetics"
4/17/2023,Rana pretiosa,1,egg mass,unknown,T20S,R11E,19,"Breeding, Genetics"
4/17/2023,Rana pretiosa,18,egg mass,unknown,T20S,R11E,19,"Breeding, Genetics"
4/17/2023,Rana pretiosa,2,egg mass,unknown,T21S,R10E,12,Breeding
4/21/2023,Rana pretiosa,10,egg mass,unknown,T18S,R12E,5,"Breeding, Genetics"
4/24/2023,Rana pretiosa,6,egg mass,unknown,T30S,R09E,23,Breeding
4/24/2023,Rana pretiosa,5,egg mass,unknown,T30S,R09E,23,Breeding
4/25/2023,Rana pretiosa,1,egg mass,unknown,T19S,R11E,9,Breeding
4/25/2023,Rana pretiosa,12,egg mass,unknown,T20S,R11E,8,"Breeding, Genetics"
4/25/2023,Rana pretiosa,58,egg mass,unknown,T20S,R11E,8,"Breeding, Genetics"
4/25/2023,Rana pretiosa,30,egg mass,unknown,T24S,R09E,4,"Breeding, Genetics"
4/26/2023,Rana pretiosa,8,egg mass,unknown,T20S,R11E,31,"Breeding, Genetics"
4/26/2023,Rana pretiosa,13,egg mass,unknown,T21S,R10E,10,"Breeding, Genetics"
4/26/2023,Rana pretiosa,3,egg mass,unknown,T21S,R10E,14,"Breeding, Genetics"
4/26/2023,Rana pretiosa,1,egg mass,unknown,T22S,R09E,5,"Breeding, Genetics"
4/26/2023,Rana pretiosa,3,egg mass,unknown,T22S,R09E,5,"Breeding, Genetics"
5/1/2023,Rana pretiosa,8,egg mass,unknown,T33S,R07.5E,10,"Breeding, Genetics"
5/1/2023,Rana pretiosa,1,egg mass,unknown,T33S,R07.5E,10,"Breeding, Genetics"
5/2/2023,Rana pretiosa,4,egg mass,unknown,T21S,R08E,21,"Breeding, Genetics"
5/2/2023,Rana pretiosa,34,egg mass,unknown,T21S,R10E,10,"Breeding, Genetics"
5/2/2023,Rana pretiosa,3,egg mass,unknown,T24S,R09E,5,"Breeding, Genetics"
5/2/2023,Rana pretiosa,4,egg mass,unknown,T33S,R07.5E,10,"Breeding, Genetics"
5/3/2023,Rana pretiosa,7,egg mass,unknown,T19S,R11E,8,Breeding
5/3/2023,Rana pretiosa,7,egg mass,unknown,T24S,R07E,20,"Breeding, Genetics"
5/3/2023,Rana pretiosa,8,egg mass,unknown,T34S,R06E,1,"Breeding, Genetics"
5/8/2023,Rana pretiosa,1,egg mass,unknown,T40S,R03E,10,"Breeding, Genetics"
5/9/2023,Rana pretiosa,9,egg mass,unknown,T19S,R11E,9,Breeding
5/9/2023,Rana pretiosa,4,egg mass,unknown,T33S,R07.5E,10,"Breeding, Genetics"
5/9/2023,Rana pretiosa,2,egg mass,unknown,T34S,R06E,1,"Breeding, Genetics"
5/10/2023,Rana pretiosa,3,egg mass,unknown,T21S,R10E,10,"Breeding, Genetics"
5/10/2023,Rana pretiosa,8,egg mass,unknown,T21S,R10E,10,"Breeding, Genetics"
5/10/2023,Rana pretiosa,2,egg mass,unknown,T33S,R07.5E,10,"Breeding, Genetics"
5/10/2023,Rana pretiosa,14,egg mass,unknown,T34S,R06E,1,"Breeding, Genetics"
5/16/2023,Rana pretiosa,5,egg mass,unknown,T19S,R11E,8,Breeding
5/17/2023,Rana pretiosa,11,egg mass,unknown,T23S,R07E,30,"Breeding, Genetics"
5/17/2023,Rana pretiosa,3,egg mass,unknown,T23S,R07E,30,"Breeding, Genetics"
5/19/2023,Rana pretiosa,2,egg mass,unknown,T19S,R08E,27,"Breeding, Genetics"
5/22/2023,Rana pretiosa,4,egg mass,unknown,T27S,R09E,14,"Breeding, Genetics"
5/23/2023,Rana pretiosa,2,egg mass,unknown,T19S,R11E,8,Breeding
5/24/2023,Rana pretiosa,1,adult,female,T19S,R11E,9,Apex
5/24/2023,Rana pretiosa,3,adult,female,T19S,R11E,9,Apex
5/24/2023,Rana pretiosa,3,adult,male,T19S,R11E,9,Apex
5/24/2023,Rana pretiosa,18,egg mass,unknown,T33S,R06E,14,"Breeding, Genetics"
5/24/2023,Rana pretiosa,1,juvenile,unknown,T19S,R11E,9,Apex
5/26/2023,Rana pretiosa,8,egg mass,unknown,T18S,R08E,33,"Breeding, Genetics"
5/26/2023,Rana pretiosa,32,egg mass,unknown,T19S,R08E,4,"Breeding, Genetics"
5/31/2023,Rana pretiosa,2,juvenile,unknown,T21S,R10E,10,"Apex, Genetics"
6/1/2023,Rana pretiosa,3,juvenile,unknown,T19S,R11E,8,Apex
6/6/2023,Rana pretiosa,10,adult,unknown,T20S,R08E,28,Mid-Level
6/7/2023,Rana pretiosa,3,adult,unknown,T20S,R11E,7,Mid-Level
6/7/2023,Rana pretiosa,1,adult,unknown,T20S,R11E,7,Mid-Level
6/7/2023,Rana pretiosa,3,adult,unknown,T20S,R11E,7,Mid-Level
6/7/2023,Rana pretiosa,1,adult,unknown,T20S,R11E,8,Mid-Level
6/7/2023,Rana pretiosa,2,adult,unknown,T20S,R11E,18,Mid-Level
6/7/2023,Rana pretiosa,3,larva,unknown,T20S,R11E,7,Mid-Level
6/12/2023,Rana pretiosa,61,adult,unknown,T22S,R06E,29,Mid-Level
6/12/2023,Rana pretiosa,1,egg mass,unknown,T22S,R06E,29,Mid-Level
6/13/2023,Rana pretiosa,5,adult,unknown,T20S,R08E,28,Mid-Level
6/13/2023,Rana pretiosa,110,adult,unknown,T22S,R06E,30,Mid-Level
6/13/2023,Rana pretiosa,4,juvenile,unknown,T22S,R06E,30,Mid-Level
6/13/2023,Rana pretiosa,6,larva,unknown,T22S,R06E,30,Mid-Level
6/14/2023,Rana pretiosa,17,adult,unknown,T33S,R07.5E,10,"Apex, Genetics"
6/14/2023,Rana pretiosa,1,adult,unknown,T33S,R07.5E,10,"Apex, Genetics"
6/21/2023,Rana pretiosa,1,adult,unknown,T38S,R05E,14,Mid-Level
6/21/2023,Rana pretiosa,15,adult,unknown,T38S,R05E,14,Mid-Level
6/27/2023,Rana pretiosa,5,adult,unknown,T33S,R07.5E,10,"Apex, Genetics"
6/27/2023,Rana pretiosa,9,larva,unknown,T33S,R07.5E,10,"Apex, Genetics"
6/28/2023,Rana pretiosa,6,adult,unknown,T20S,R07E,4,Mid-Level
7/6/2023,Rana pretiosa,9,adult,unknown,T20S,R08E,28,Mid-Level
7/11/2023,Rana pretiosa,2,adult,unknown,T19S,R08E,21,Apex
7/11/2023,Rana pretiosa,14,adult,unknown,T38S,R05E,14,Mid-Level
7/12/2023,Rana pretiosa,1,adult,unknown,T38S,R05E,23,Mid-Level
7/12/2023,Rana pretiosa,2,larva,unknown,T38S,R05E,23,Mid-Level
7/18/2023,Rana pretiosa,1,adult,male,T19S,R11E,9,Apex
7/18/2023,Rana pretiosa,1,adult,unknown,T33S,R07.5E,10,"Apex, Genetics"
7/19/2023,Rana pretiosa,1,adult,unknown,T33S,R07.5E,10,"Apex, Genetics"
7/19/2023,Rana pretiosa,1,adult,unknown,T33S,R07.5E,10,"Apex, Genetics"
7/19/2023,Rana pretiosa,2,adult,male,T33S,R07.5E,10,"Apex, Genetics"
7/19/2023,Rana pretiosa,2,adult,unknown,T33S,R07.5E,10,"Apex, Genetics"
7/20/2023,Rana pretiosa,1,adult,unknown,T33S,R07.5E,10,"Apex, Genetics"
7/20/2023,Rana pretiosa,1,adult,female,T33S,R07.5E,10,"Apex, Genetics"
7/20/2023,Rana pretiosa,1,adult,unknown,T33S,R07.5E,10,"Apex, Genetics"
7/20/2023,Rana pretiosa,1,adult,male,T33S,R07.5E,10,"Apex, Genetics"
7/20/2023,Rana pretiosa,1,juvenile,unknown,T33S,R07.5E,10,"Apex, Genetics"
7/20/2023,Rana pretiosa,1,juvenile,unknown,T33S,R07.5E,10,"Apex, Genetics"
7/20/2023,Rana pretiosa,3,metamorph,unknown,T33S,R07.5E,10,"Apex, Genetics"
7/20/2023,Rana pretiosa,7,metamorph,unknown,T33S,R07.5E,10,"Apex, Genetics"
7/26/2023,Rana pretiosa,115,adult,unknown,T22S,R06E,30,Mid-Level
7/26/2023,Rana pretiosa,3,larva,unknown,T22S,R06E,30,Mid-Level
7/26/2023,Rana pretiosa,2,metamorph,unknown,T22S,R06E,30,Mid-Level
7/27/2023,Rana pretiosa,5,adult,unknown,T20S,R08E,28,Mid-Level
7/31/2023,Rana pretiosa,1,adult,unknown,T20S,R11E,18,Mid-Level
8/1/2023,Rana pretiosa,1,juvenile,unknown,T33S,R07.5E,10,"Apex, Genetics"
8/8/2023,Rana pretiosa,3,adult,female,T27S,R09E,14,"Apex, Genetics"
8/8/2023,Rana pretiosa,1,adult,male,T27S,R09E,14,"Apex, Genetics"
8/8/2023,Rana pretiosa,1,adult,unknown,T27S,R09E,14,"Apex, Genetics"
8/8/2023,Rana pretiosa,1,juvenile,unknown,T27S,R09E,14,"Apex, Genetics"
8/8/2023,Rana pretiosa,1,metamorph,unknown,T27S,R09E,14,"Apex, Genetics"
8/9/2023,Rana pretiosa,3,adult,female,T27S,R09E,14,"Apex, Genetics"
8/9/2023,Rana pretiosa,1,adult,male,T27S,R09E,14,"Apex, Genetics"
8/9/2023,Rana pretiosa,1,adult,male,T27S,R09E,14,"Apex, Genetics"
8/9/2023,Rana pretiosa,1,adult,unknown,T27S,R09E,14,"Apex, Genetics"
8/9/2023,Rana pretiosa,1,juvenile,unknown,T27S,R09E,14,"Apex, Genetics"
8/10/2023,Rana pretiosa,1,adult,female,T27S,R09E,14,"Apex, Genetics"
8/10/2023,Rana pretiosa,1,adult,male,T27S,R09E,14,"Apex, Genetics"
8/10/2023,Rana pretiosa,1,adult,unknown,T27S,R09E,14,"Apex, Genetics"
8/15/2023,Rana pretiosa,3,adult,unknown,T19S,R07E,5,Apex
8/15/2023,Rana pretiosa,2,adult,female,T19S,R07E,8,Apex
8/15/2023,Rana pretiosa,2,adult,female,T19S,R07E,8,Apex
8/15/2023,Rana pretiosa,1,adult,female,T19S,R07E,8,Apex
8/15/2023,Rana pretiosa,5,adult,female,T19S,R07E,8,Apex
8/15/2023,Rana pretiosa,1,adult,female,T19S,R07E,8,Apex
8/15/2023,Rana pretiosa,2,adult,male,T19S,R07E,8,Apex
8/15/2023,Rana pretiosa,1,adult,unknown,T19S,R07E,8,Apex
8/15/2023,Rana pretiosa,1,adult,unknown,T19S,R07E,8,Apex
8/15/2023,Rana pretiosa,2,adult,female,T19S,R07E,17,Apex
8/15/2023,Rana pretiosa,1,adult,female,T19S,R07E,17,Apex
8/15/2023,Rana pretiosa,1,adult,unknown,T19S,R07E,17,Apex
8/15/2023,Rana pretiosa,1,adult,female,T32S,R09E,31,"Apex, Genetics"
8/15/2023,Rana pretiosa,1,juvenile,unknown,T19S,R07E,8,Apex
8/16/2023,Rana pretiosa,2,adult,unknown,T33S,R07.5E,10,"Apex, Genetics"
8/16/2023,Rana pretiosa,1,adult,unknown,T33S,R07.5E,10,"Apex, Genetics"
8/16/2023,Rana pretiosa,6,juvenile,unknown,T33S,R07.5E,10,"Apex, Genetics"
8/21/2023,Rana pretiosa,1,adult,female,T22S,R09E,5,"Apex, Genetics"
8/21/2023,Rana pretiosa,1,adult,female,T22S,R09E,5,"Apex, Genetics"
8/21/2023,Rana pretiosa,1,adult,female,T22S,R09E,5,"Apex, Genetics"
8/21/2023,Rana pretiosa,1,adult,male,T22S,R09E,5,"Apex, Genetics"
8/22/2023,Rana pretiosa,1,adult,female,T22S,R09E,5,"Apex, Genetics"
8/22/2023,Rana pretiosa,2,adult,female,T22S,R09E,5,"Apex, Genetics"
8/22/2023,Rana pretiosa,1,adult,female,T22S,R09E,5,"Apex, Genetics"
8/22/2023,Rana pretiosa,2,adult,female,T22S,R09E,5,"Apex, Genetics"
8/22/2023,Rana pretiosa,1,adult,female,T22S,R09E,5,"Apex, Genetics"
8/22/2023,Rana pretiosa,1,adult,female,T22S,R09E,5,"Apex, Genetics"
8/22/2023,Rana pretiosa,1,adult,male,T22S,R09E,5,"Apex, Genetics"
8/22/2023,Rana pretiosa,1,adult,male,T22S,R09E,5,"Apex, Genetics"
8/22/2023,Rana pretiosa,1,adult,male,T22S,R09E,5,"Apex, Genetics"
8/22/2023,Rana pretiosa,2,adult,male,T22S,R09E,5,"Apex, Genetics"
8/22/2023,Rana pretiosa,1,adult,unknown,T22S,R09E,5,"Apex, Genetics"
8/22/2023,Rana pretiosa,1,adult,unknown,T22S,R09E,5,"Apex, Genetics"
8/22/2023,Rana pretiosa,1,adult,unknown,T22S,R09E,5,"Apex, Genetics"
8/22/2023,Rana pretiosa,1,adult,unknown,T22S,R09E,5,"Apex, Genetics"
8/22/2023,Rana pretiosa,3,juvenile,unknown,T22S,R09E,5,"Apex, Genetics"
8/22/2023,Rana pretiosa,1,juvenile,unknown,T22S,R09E,5,"Apex, Genetics"
8/22/2023,Rana pretiosa,1,juvenile,unknown,T22S,R09E,5,"Apex, Genetics"
8/22/2023,Rana pretiosa,2,juvenile,unknown,T22S,R09E,5,"Apex, Genetics"
8/22/2023,Rana pretiosa,1,juvenile,unknown,T22S,R09E,5,"Apex, Genetics"
8/23/2023,Rana pretiosa,48,adult,unknown,T22S,R06E,30,Apex
8/23/2023,Rana pretiosa,103,juvenile,unknown,T22S,R06E,30,Apex
8/24/2023,Rana pretiosa,1,adult,unknown,T33S,R07.5E,10,"Apex, Genetics"
8/24/2023,Rana pretiosa,3,adult,unknown,T33S,R07.5E,10,"Apex, Genetics"
8/24/2023,Rana pretiosa,1,juvenile,unknown,T33S,R07.5E,10,"Apex, Genetics"
8/24/2023,Rana pretiosa,7,juvenile,unknown,T33S,R07.5E,10,"Apex, Genetics"
8/29/2023,Rana pretiosa,2,adult,female,T19S,R11E,9,Apex
8/29/2023,Rana pretiosa,2,adult,male,T19S,R11E,9,Apex
8/30/2023,Rana pretiosa,4,adult,female,T21S,R10E,10,"Apex, Genetics"
9/19/2023,Rana pretiosa,1,adult,female,T34S,R06E,1,Apex
9/19/2023,Rana pretiosa,2,adult,male,T34S,R06E,1,Apex
9/19/2023,Rana pretiosa,3,adult,unknown,T34S,R06E,1,Apex
9/20/2023,Rana pretiosa,1,adult,unknown,T34S,R06E,1,Apex
4/2/2024,Rana pretiosa,1,egg mass,unknown,33S,7-1/2E,10,Breeding
4/2/2024,Rana pretiosa,3,egg mass,unknown,33S,7-1/2E,10,Breeding
4/2/2024,Rana pretiosa,4,egg mass,unknown,33S,7-1/2E,10,Breeding
4/2/2024,Rana pretiosa,3,egg mass,unknown,33S,7-1/2E,10,Breeding
4/2/2024,Rana pretiosa,1,egg mass,unknown,33S,7-1/2E,10,Breeding
4/2/2024,Rana pretiosa,3,egg mass,unknown,33S,7-1/2E,10,Breeding
4/2/2024,Rana pretiosa,1,egg mass,unknown,33S,7-1/2E,10,Breeding
4/2/2024,Rana pretiosa,3,egg mass,unknown,33S,7-1/2E,10,Breeding
4/2/2024,Rana pretiosa,2,egg mass,unknown,33S,7-1/2E,10,Breeding
4/3/2024,Rana pretiosa,2,egg mass,unknown,33S,7-1/2E,10,Breeding
4/13/2024,Rana pretiosa,7,egg mass,unknown,40S,3E,10,"Breeding, Genetics"
4/16/2024,Rana pretiosa,1,egg mass,unknown,19S,11E,8,Breeding
4/16/2024,Rana pretiosa,2,egg mass,unknown,33S,7-1/2E,3,Breeding
4/16/2024,Rana pretiosa,3,egg mass,unknown,33S,7-1/2E,3,Breeding
4/16/2024,Rana pretiosa,2,egg mass,unknown,33S,7-1/2E,3,Breeding
4/16/2024,Rana pretiosa,1,egg mass,unknown,33S,7-1/2E,3,Breeding
4/16/2024,Rana pretiosa,1,egg mass,unknown,33S,7-1/2E,10,Breeding
4/16/2024,Rana pretiosa,1,egg mass,unknown,33S,7-1/2E,10,Breeding
4/17/2024,Rana pretiosa,5,egg mass,unknown,21S,10E,10,"Breeding, Genetics"
4/17/2024,Rana pretiosa,2,egg mass,unknown,21S,10E,10,"Breeding, Genetics"
4/17/2024,Rana pretiosa,1,egg mass,unknown,21S,10E,10,"Breeding, Genetics"
4/17/2024,Rana pretiosa,1,egg mass,unknown,21S,10E,10,"Breeding, Genetics"
4/17/2024,Rana pretiosa,1,egg mass,unknown,21S,10E,10,"Breeding, Genetics"
4/17/2024,Rana pretiosa,6,egg mass,unknown,21S,10E,10,"Breeding, Genetics"
4/17/2024,Rana pretiosa,1,egg mass,unknown,21S,10E,10,"Breeding, Genetics"
4/17/2024,Rana pretiosa,2,egg mass,unknown,21S,10E,10,"Breeding, Genetics"
4/17/2024,Rana pretiosa,4,egg mass,unknown,21S,10E,10,"Breeding, Genetics"
4/17/2024,Rana pretiosa,4,egg mass,unknown,32S,9E,31,"Breeding, Genetics"
4/18/2024,Rana pretiosa,4,egg mass,unknown,22S,9E,5,Breeding
4/18/2024,Rana pretiosa,4,egg mass,unknown,22S,9E,5,Breeding
4/18/2024,Rana pretiosa,3,egg mass,unknown,22S,9E,5,Breeding
4/18/2024,Rana pretiosa,1,egg mass,unknown,22S,9E,5,Breeding
4/18/2024,Rana pretiosa,2,egg mass,unknown,34S,6E,1,Breeding
4/18/2024,Rana pretiosa,2,egg mass,unknown,34S,6E,1,Breeding
4/18/2024,Rana pretiosa,1,egg mass,unknown,34S,6E,1,Breeding
4/18/2024,Rana pretiosa,1,egg mass,unknown,34S,6E,1,Breeding
4/18/2024,Rana pretiosa,1,egg mass,unknown,34S,6E,1,Breeding
4/18/2024,Rana pretiosa,1,egg mass,unknown,34S,6E,1,Breeding
4/18/2024,Rana pretiosa,1,egg mass,unknown,34S,6E,1,Breeding
4/18/2024,Rana pretiosa,5,egg mass,unknown,34S,6E,1,Breeding
4/23/2024,Rana pretiosa,6,egg mass,unknown,19S,11E,8,Breeding
4/23/2024,Rana pretiosa,1,egg mass,unknown,19S,11E,8,Breeding
4/23/2024,Rana pretiosa,4,egg mass,unknown,19S,11E,9,Breeding
4/23/2024,Rana pretiosa,4,egg mass,unknown,19S,11E,9,Breeding
4/23/2024,Rana pretiosa,10,egg mass,unknown,27S,10E,19,"Breeding, Genetics"
4/23/2024,Rana pretiosa,1,egg mass,unknown,27S,10E,32,"Breeding, Genetics"
4/23/2024,Rana pretiosa,2,egg mass,unknown,27S,9E,24,"Breeding, Genetics"
4/24/2024,Rana pretiosa,1,egg mass,unknown,21S,10E,10,"Breeding, Genetics"
4/24/2024,Rana pretiosa,1,egg mass,unknown,21S,10E,10,"Breeding, Genetics"
4/24/2024,Rana pretiosa,1,egg mass,unknown,21S,10E,10,"Breeding, Genetics"
4/24/2024,Rana pretiosa,7,egg mass,unknown,21S,10E,10,"Breeding, Genetics"
4/30/2024,Rana pretiosa,1,egg mass,unknown,19S,11E,8,Breeding
4/30/2024,Rana pretiosa,2,egg mass,unknown,19S,11E,8,Breeding
4/30/2024,Rana pretiosa,1,egg mass,unknown,19S,11E,9,Breeding
5/1/2024,Rana pretiosa,1,egg mass,unknown,21S,10E,10,"Breeding, Genetics"
5/1/2024,Rana pretiosa,1,egg mass,unknown,21S,10E,10,"Breeding, Genetics"
5/7/2024,Rana pretiosa,3,egg mass,unknown,27S,10E,19,"Breeding, Genetics"
5/7/2024,Rana pretiosa,2,egg mass,unknown,27S,9E,24,"Breeding, Genetics"
5/8/2024,Rana pretiosa,9,egg mass,unknown,27S,9E,14,"Breeding, Genetics"
5/14/2024,Rana pretiosa,2,egg mass,unknown,27S,9E,24,"Breeding, Genetics"
5/15/2024,Rana pretiosa,2,egg mass,unknown,27S,9E,14,"Breeding, Genetics"
5/15/2024,Rana pretiosa,6,egg mass,unknown,27S,9E,14,"Breeding, Genetics"
5/16/2024,Rana pretiosa,1,egg mass,unknown,19S,11E,8,Breeding
5/16/2024,Rana pretiosa,1,egg mass,unknown,19S,11E,8,Breeding
5/29/2024,Rana pretiosa,2,subadult,female,21S,10E,10,Apex
5/29/2024,Rana pretiosa,10,subadult,unknown,21S,10E,10,Apex
5/30/2024,Rana pretiosa,2,adult,female,21S,10E,9,Apex
5/30/2024,Rana pretiosa,1,adult,female,21S,10E,10,Apex
5/30/2024,Rana pretiosa,1,adult,male,21S,10E,10,Apex
5/30/2024,Rana pretiosa,1,subadult,female,21S,10E,10,Apex
5/30/2024,Rana pretiosa,8,subadult,unknown,21S,10E,10,Apex
5/31/2024,Rana pretiosa,2,adult,female,21S,10E,10,Apex
5/31/2024,Rana pretiosa,1,subadult,female,21S,10E,10,Apex
5/31/2024,Rana pretiosa,3,subadult,unknown,21S,10E,10,Apex
6/4/2024,Rana pretiosa,2,adult,female,19S,11E,8,Apex
6/4/2024,Rana pretiosa,1,adult,female,19S,11E,8,Apex
6/4/2024,Rana pretiosa,1,adult,male,19S,11E,8,Apex
6/5/2024,Rana pretiosa,1,adult,female,19S,11E,8,Apex
6/5/2024,Rana pretiosa,2,adult,female,19S,11E,8,Apex
6/5/2024,Rana pretiosa,1,adult,male,19S,11E,8,Apex
6/5/2024,Rana pretiosa,1,subadult,male,19S,11E,8,Apex
6/6/2024,Rana pretiosa,1,subadult,female,19S,11E,8,Apex
6/6/2024,Rana pretiosa,1,subadult,unknown,19S,11E,8,Apex
6/11/2024,Rana pretiosa,1,adult,female,33S,7-1/2E,10,Apex
6/11/2024,Rana pretiosa,2,adult,male,33S,7-1/2E,10,Apex
6/11/2024,Rana pretiosa,1,subadult,unknown,33S,7-1/2E,10,Apex
6/11/2024,Rana pretiosa,1,subadult,unknown,33S,7-1/2E,10,Apex
6/12/2024,Rana pretiosa,3,adult,female,33S,7-1/2E,10,Apex
6/12/2024,Rana pretiosa,1,adult,female,33S,7-1/2E,10,Apex
6/12/2024,Rana pretiosa,6,adult,male,33S,7-1/2E,10,Apex
6/12/2024,Rana pretiosa,1,subadult,unknown,33S,7-1/2E,10,Apex
6/12/2024,Rana pretiosa,1,subadult,unknown,33S,7-1/2E,10,Apex
6/13/2024,Rana pretiosa,3,adult,female,33S,7-1/2E,10,Apex
6/13/2024,Rana pretiosa,1,adult,male,33S,7-1/2E,10,Apex
6/13/2024,Rana pretiosa,1,subadult,unknown,33S,7-1/2E,10,Apex
6/25/2024,Rana pretiosa,1,adult,female,27S,9E,24,Apex
6/25/2024,Rana pretiosa,2,subadult,unknown,27S,10E,19,Apex
6/26/2024,Rana pretiosa,3,adult,female,27S,9E,24,Apex
6/26/2024,Rana pretiosa,1,subadult,male,27S,10E,19,Apex
6/26/2024,Rana pretiosa,2,subadult,unknown,27S,10E,19,Apex
6/27/2024,Rana pretiosa,7,adult,unknown,33S,7-1/2E,10,Apex
6/27/2024,Rana pretiosa,5,juvenile,unknown,33S,7-1/2E,10,Apex
6/27/2024,Rana pretiosa,1,subadult,unknown,27S,10E,19,Apex
6/27/2024,Rana pretiosa,6,subadult,unknown,33S,7-1/2E,10,Apex
7/9/2024,Rana pretiosa,2,adult,female,27S,9E,24,Apex
7/9/2024,Rana pretiosa,27,larva,unknown,33S,7-1/2E,10,Apex
7/10/2024,Rana pretiosa,1,adult,female,27S,9E,13,Apex
7/10/2024,Rana pretiosa,4,adult,unknown,33S,7-1/2E,10,Apex
7/10/2024,Rana pretiosa,1,adult,unknown,33S,7-1/2E,10,Apex
7/10/2024,Rana pretiosa,67,larva,unknown,33S,7-1/2E,10,Apex
7/10/2024,Rana pretiosa,25,subadult,unknown,33S,7-1/2E,10,Apex
7/16/2024,Rana pretiosa,1,adult,female,19S,11E,8,Apex
7/16/2024,Rana pretiosa,2,subadult,unknown,19S,11E,9,Apex
7/23/2024,Rana pretiosa,1,adult,female,21S,10E,9,Apex
7/23/2024,Rana pretiosa,2,adult,female,21S,10E,10,Apex
7/23/2024,Rana pretiosa,2,subadult,male,21S,10E,10,Apex
7/23/2024,Rana pretiosa,2,subadult,unknown,21S,10E,10,Apex
7/24/2024,Rana pretiosa,2,adult,female,21S,10E,9,Apex
7/24/2024,Rana pretiosa,1,subadult,male,21S,10E,10,Apex
7/24/2024,Rana pretiosa,1,subadult,unknown,21S,10E,10,Apex
7/24/2024,Rana pretiosa,10,subadult,unknown,21S,10E,10,Apex
7/30/2024,Rana pretiosa,1,adult,male,19S,7E,8,Apex
7/30/2024,Rana pretiosa,2,adult,female,19S,7E,8,Apex
7/30/2024,Rana pretiosa,2,adult,female,19S,7E,8,Apex
7/30/2024,Rana pretiosa,5,adult,male,19S,7E,8,Apex
7/30/2024,Rana pretiosa,1,adult,,19S,7E,17,Apex
7/30/2024,Rana pretiosa,2,adult,male,19S,7E,17,Apex
7/30/2024,Rana pretiosa,4,adult,female,19S,7E,17,Apex
7/30/2024,Rana pretiosa,2,subadult,unknown,19S,7E,17,Apex
7/31/2024,Rana pretiosa,1,adult,female,19S,7E,8,Apex
7/31/2024,Rana pretiosa,1,adult,female,19S,7E,8,Apex
7/31/2024,Rana pretiosa,1,adult,male,19S,7E,8,Apex
7/31/2024,Rana pretiosa,2,adult,female,19S,7E,8,Apex
7/31/2024,Rana pretiosa,1,adult,female,19S,7E,17,Apex
7/31/2024,Rana pretiosa,1,adult,female,19S,7E,17,Apex
7/31/2024,Rana pretiosa,1,adult,male,19S,7E,17,Apex
7/31/2024,Rana pretiosa,2,subadult,unknown,19S,7E,8,Apex
7/31/2024,Rana pretiosa,1,subadult,unknown,19S,7E,17,Apex
8/6/2024,Rana pretiosa,1,adult,female,22S,9E,5,Apex
8/6/2024,Rana pretiosa,3,adult,female,22S,9E,5,Apex
8/6/2024,Rana pretiosa,1,juvenile,unknown,22S,9E,5,Apex
8/6/2024,Rana pretiosa,1,juvenile,unknown,22S,9E,5,Apex
8/6/2024,Rana pretiosa,1,subadult,unknown,22S,9E,5,Apex
8/6/2024,Rana pretiosa,2,subadult,unknown,22S,9E,5,Apex
8/7/2024,Rana pretiosa,1,adult,female,22S,9E,5,Apex
8/7/2024,Rana pretiosa,1,adult,female,22S,9E,5,Apex
8/7/2024,Rana pretiosa,4,adult,male,22S,9E,5,Apex
8/7/2024,Rana pretiosa,4,juvenile,unknown,22S,9E,5,Apex
8/7/2024,Rana pretiosa,8,juvenile,unknown,22S,9E,5,Apex
8/7/2024,Rana pretiosa,8,juvenile,unknown,22S,9E,5,Apex
8/7/2024,Rana pretiosa,3,subadult,unknown,22S,9E,5,Apex
8/8/2024,Rana pretiosa,3,adult,female,22S,9E,5,Apex
8/8/2024,Rana pretiosa,2,adult,female,22S,9E,5,Apex
8/8/2024,Rana pretiosa,1,adult,male,22S,9E,5,Apex
8/8/2024,Rana pretiosa,2,adult,male,22S,9E,5,Apex
8/8/2024,Rana pretiosa,1,juvenile,unknown,22S,9E,5,Apex
8/8/2024,Rana pretiosa,2,juvenile,unknown,22S,9E,5,Apex
8/8/2024,Rana pretiosa,2,juvenile,unknown,22S,9E,5,Apex
8/8/2024,Rana pretiosa,2,subadult,unknown,22S,9E,5,Apex
8/14/2024,Rana pretiosa,1,adult,male,33S,7-1/2E,3,Apex
8/14/2024,Rana pretiosa,2,juvenile,unknown,33S,7-1/2E,3,Apex
8/28/2024,Rana pretiosa,3,adult,female,34S,6E,1,Apex
8/28/2024,Rana pretiosa,2,adult,male,34S,6E,1,Apex
8/29/2024,Rana pretiosa,7,adult,female,34S,6E,1,Apex
8/29/2024,Rana pretiosa,3,adult,male,34S,6E,1,Apex
9/10/2024,Rana pretiosa,2,juvenile,unknown,33S,7-1/2E,3,Apex
9/11/2024,Rana pretiosa,1,adult,male,33S,7-1/2E,3,Apex
9/11/2024,Rana pretiosa,3,juvenile,unknown,33S,7-1/2E,3,Apex
9/11/2024,Rana pretiosa,5,juvenile,unknown,33S,7-1/2E,3,Apex
9/24/2024,Rana pretiosa,3,adult,female,19S,11E,9,Apex
9/24/2024,Rana pretiosa,1,subadult,female,19S,11E,9,Apex
9/25/2024,Rana pretiosa,2,adult,female,19S,11E,9,Apex
9/25/2024,Rana pretiosa,1,subadult,female,19S,11E,9,Apex
9/30/2024,Rana pretiosa,1,adult,female,21S,10E,10,Apex
9/30/2024,Rana pretiosa,1,subadult,male,21S,10E,10,Apex
10/2/2024,Rana pretiosa,1,subadult,male,21S,10E,9,Apex
10/2/2024,Rana pretiosa,2,subadult,female,21S,10E,10,Apex
10/2/2024,Rana pretiosa,2,subadult,male,21S,10E,10,Apex
10/2/2024,Rana pretiosa,1,subadult,unknown,21S,10E,10,Apex
