<?xml version="1.0" encoding="UTF-8"?>
<kml xmlns="http://www.opengis.net/kml/2.2" xmlns:gx="http://www.google.com/kml/ext/2.2" xmlns:kml="http://www.opengis.net/kml/2.2" xmlns:atom="http://www.w3.org/2005/Atom">
<Document>
	<name>CABPOP_POINTS.shp</name>
	<Schema name="CABPOP_POINTS" id="S_CABPOP_POINTS_DDSDDDDDDDDDDSS">
		<SimpleField type="double" name="Wpt__"><displayName>&lt;b&gt;Wpt__&lt;/b&gt;</displayName>
</SimpleField>
		<SimpleField type="double" name="Seg"><displayName>&lt;b&gt;Seg&lt;/b&gt;</displayName>
</SimpleField>
		<SimpleField type="string" name="Transect_L"><displayName>&lt;b&gt;Transect_L&lt;/b&gt;</displayName>
</SimpleField>
		<SimpleField type="double" name="lat__Deg"><displayName>&lt;b&gt;lat__Deg&lt;/b&gt;</displayName>
</SimpleField>
		<SimpleField type="double" name="lat_Min"><displayName>&lt;b&gt;lat_Min&lt;/b&gt;</displayName>
</SimpleField>
		<SimpleField type="double" name="lat_100th_"><displayName>&lt;b&gt;lat_100th_&lt;/b&gt;</displayName>
</SimpleField>
		<SimpleField type="double" name="long_Deg"><displayName>&lt;b&gt;long_Deg&lt;/b&gt;</displayName>
</SimpleField>
		<SimpleField type="double" name="long_Min"><displayName>&lt;b&gt;long_Min&lt;/b&gt;</displayName>
</SimpleField>
		<SimpleField type="double" name="long_100th"><displayName>&lt;b&gt;long_100th&lt;/b&gt;</displayName>
</SimpleField>
		<SimpleField type="double" name="trans_lat"><displayName>&lt;b&gt;trans_lat&lt;/b&gt;</displayName>
</SimpleField>
		<SimpleField type="double" name="trans_long"><displayName>&lt;b&gt;trans_long&lt;/b&gt;</displayName>
</SimpleField>
		<SimpleField type="double" name="calc_lat"><displayName>&lt;b&gt;calc_lat&lt;/b&gt;</displayName>
</SimpleField>
		<SimpleField type="double" name="calc_long"><displayName>&lt;b&gt;calc_long&lt;/b&gt;</displayName>
</SimpleField>
		<SimpleField type="string" name="direction"><displayName>&lt;b&gt;direction&lt;/b&gt;</displayName>
</SimpleField>
		<SimpleField type="string" name="area_name"><displayName>&lt;b&gt;area_name&lt;/b&gt;</displayName>
</SimpleField>
	</Schema>
	<StyleMap id="pointStyleMap">
		<Pair>
			<key>normal</key>
			<styleUrl>#normPointStyle</styleUrl>
		</Pair>
		<Pair>
			<key>highlight</key>
			<styleUrl>#hlightPointStyle</styleUrl>
		</Pair>
	</StyleMap>
	<Style id="normPointStyle">
		<IconStyle>
			<Icon>
				<href>http://maps.google.com/mapfiles/kml/shapes/placemark_circle.png</href>
			</Icon>
		</IconStyle>
		<BalloonStyle>
			<text><![CDATA[<table border="0">
  <tr><td><b>Wpt__</b></td><td>$[CABPOP_POINTS/Wpt__]</td></tr>
  <tr><td><b>Seg</b></td><td>$[CABPOP_POINTS/Seg]</td></tr>
  <tr><td><b>Transect_L</b></td><td>$[CABPOP_POINTS/Transect_L]</td></tr>
  <tr><td><b>lat__Deg</b></td><td>$[CABPOP_POINTS/lat__Deg]</td></tr>
  <tr><td><b>lat_Min</b></td><td>$[CABPOP_POINTS/lat_Min]</td></tr>
  <tr><td><b>lat_100th_</b></td><td>$[CABPOP_POINTS/lat_100th_]</td></tr>
  <tr><td><b>long_Deg</b></td><td>$[CABPOP_POINTS/long_Deg]</td></tr>
  <tr><td><b>long_Min</b></td><td>$[CABPOP_POINTS/long_Min]</td></tr>
  <tr><td><b>long_100th</b></td><td>$[CABPOP_POINTS/long_100th]</td></tr>
  <tr><td><b>trans_lat</b></td><td>$[CABPOP_POINTS/trans_lat]</td></tr>
  <tr><td><b>trans_long</b></td><td>$[CABPOP_POINTS/trans_long]</td></tr>
  <tr><td><b>calc_lat</b></td><td>$[CABPOP_POINTS/calc_lat]</td></tr>
  <tr><td><b>calc_long</b></td><td>$[CABPOP_POINTS/calc_long]</td></tr>
  <tr><td><b>direction</b></td><td>$[CABPOP_POINTS/direction]</td></tr>
  <tr><td><b>area_name</b></td><td>$[CABPOP_POINTS/area_name]</td></tr>
</table>
]]></text>
		</BalloonStyle>
	</Style>
	<Style id="hlightPointStyle">
		<IconStyle>
			<Icon>
				<href>http://maps.google.com/mapfiles/kml/shapes/placemark_circle_highlight.png</href>
			</Icon>
		</IconStyle>
		<BalloonStyle>
			<text><![CDATA[<table border="0">
  <tr><td><b>Wpt__</b></td><td>$[CABPOP_POINTS/Wpt__]</td></tr>
  <tr><td><b>Seg</b></td><td>$[CABPOP_POINTS/Seg]</td></tr>
  <tr><td><b>Transect_L</b></td><td>$[CABPOP_POINTS/Transect_L]</td></tr>
  <tr><td><b>lat__Deg</b></td><td>$[CABPOP_POINTS/lat__Deg]</td></tr>
  <tr><td><b>lat_Min</b></td><td>$[CABPOP_POINTS/lat_Min]</td></tr>
  <tr><td><b>lat_100th_</b></td><td>$[CABPOP_POINTS/lat_100th_]</td></tr>
  <tr><td><b>long_Deg</b></td><td>$[CABPOP_POINTS/long_Deg]</td></tr>
  <tr><td><b>long_Min</b></td><td>$[CABPOP_POINTS/long_Min]</td></tr>
  <tr><td><b>long_100th</b></td><td>$[CABPOP_POINTS/long_100th]</td></tr>
  <tr><td><b>trans_lat</b></td><td>$[CABPOP_POINTS/trans_lat]</td></tr>
  <tr><td><b>trans_long</b></td><td>$[CABPOP_POINTS/trans_long]</td></tr>
  <tr><td><b>calc_lat</b></td><td>$[CABPOP_POINTS/calc_lat]</td></tr>
  <tr><td><b>calc_long</b></td><td>$[CABPOP_POINTS/calc_long]</td></tr>
  <tr><td><b>direction</b></td><td>$[CABPOP_POINTS/direction]</td></tr>
  <tr><td><b>area_name</b></td><td>$[CABPOP_POINTS/area_name]</td></tr>
</table>
]]></text>
		</BalloonStyle>
	</Style>
	<Folder id="layer 0">
		<name>CABPOP_POINTS</name>
		<Placemark>
			<name>1</name>
			<styleUrl>#pointStyleMap</styleUrl>
			<Style id="inline">
				<IconStyle>
					<color>ffe7ebef</color>
					<colorMode>normal</colorMode>
				</IconStyle>
				<LineStyle>
					<color>ffe7ebef</color>
					<colorMode>normal</colorMode>
				</LineStyle>
				<PolyStyle>
					<color>ffe7ebef</color>
					<colorMode>normal</colorMode>
				</PolyStyle>
			</Style>
			<ExtendedData>
				<SchemaData schemaUrl="#S_CABPOP_POINTS_DDSDDDDDDDDDDSS">
					<SimpleData name="Wpt__">1</SimpleData>
					<SimpleData name="Seg">1</SimpleData>
					<SimpleData name="Transect_L">N of Los Molinos</SimpleData>
					<SimpleData name="lat__Deg">40</SimpleData>
					<SimpleData name="lat_Min">2</SimpleData>
					<SimpleData name="lat_100th_">57</SimpleData>
					<SimpleData name="long_Deg">122</SimpleData>
					<SimpleData name="long_Min">5</SimpleData>
					<SimpleData name="long_100th">10</SimpleData>
					<SimpleData name="trans_lat">40.0257</SimpleData>
					<SimpleData name="trans_long">-122.051</SimpleData>
					<SimpleData name="calc_lat">40.0428</SimpleData>
					<SimpleData name="calc_long">-122.085</SimpleData>
					<SimpleData name="direction">ns</SimpleData>
					<SimpleData name="area_name">Sacramento Valley</SimpleData>
				</SchemaData>
			</ExtendedData>
			<Point>
				<coordinates>-122.085,40.04283333333335,0</coordinates>
			</Point>
		</Placemark>
		<Placemark>
			<name>2</name>
			<styleUrl>#pointStyleMap</styleUrl>
			<Style id="inline">
				<IconStyle>
					<color>ffe7ebef</color>
					<colorMode>normal</colorMode>
				</IconStyle>
				<LineStyle>
					<color>ffe7ebef</color>
					<colorMode>normal</colorMode>
				</LineStyle>
				<PolyStyle>
					<color>ffe7ebef</color>
					<colorMode>normal</colorMode>
				</PolyStyle>
			</Style>
			<ExtendedData>
				<SchemaData schemaUrl="#S_CABPOP_POINTS_DDSDDDDDDDDDDSS">
					<SimpleData name="Wpt__">2</SimpleData>
					<SimpleData name="Seg">1</SimpleData>
					<SimpleData name="Transect_L">to Black Butte Res.</SimpleData>
					<SimpleData name="lat__Deg">39</SimpleData>
					<SimpleData name="lat_Min">51</SimpleData>
					<SimpleData name="lat_100th_">25</SimpleData>
					<SimpleData name="long_Deg">122</SimpleData>
					<SimpleData name="long_Min">19</SimpleData>
					<SimpleData name="long_100th">11</SimpleData>
					<SimpleData name="trans_lat">39.5125</SimpleData>
					<SimpleData name="trans_long">-122.191</SimpleData>
					<SimpleData name="calc_lat">39.8542</SimpleData>
					<SimpleData name="calc_long">-122.319</SimpleData>
					<SimpleData name="direction">ns</SimpleData>
					<SimpleData name="area_name">Sacramento Valley</SimpleData>
				</SchemaData>
			</ExtendedData>
			<Point>
				<coordinates>-122.3185,39.85416666666665,0</coordinates>
			</Point>
		</Placemark>
		<Placemark>
			<name>3</name>
			<styleUrl>#pointStyleMap</styleUrl>
			<Style id="inline">
				<IconStyle>
					<color>ffe7ebef</color>
					<colorMode>normal</colorMode>
				</IconStyle>
				<LineStyle>
					<color>ffe7ebef</color>
					<colorMode>normal</colorMode>
				</LineStyle>
				<PolyStyle>
					<color>ffe7ebef</color>
					<colorMode>normal</colorMode>
				</PolyStyle>
			</Style>
			<ExtendedData>
				<SchemaData schemaUrl="#S_CABPOP_POINTS_DDSDDDDDDDDDDSS">
					<SimpleData name="Wpt__">3</SimpleData>
					<SimpleData name="Seg">2</SimpleData>
					<SimpleData name="Transect_L">SW of Orland</SimpleData>
					<SimpleData name="lat__Deg">39</SimpleData>
					<SimpleData name="lat_Min">41</SimpleData>
					<SimpleData name="lat_100th_">25</SimpleData>
					<SimpleData name="long_Deg">122</SimpleData>
					<SimpleData name="long_Min">14</SimpleData>
					<SimpleData name="long_100th">54</SimpleData>
					<SimpleData name="trans_lat">39.4125</SimpleData>
					<SimpleData name="trans_long">-122.145</SimpleData>
					<SimpleData name="calc_lat">39.6875</SimpleData>
					<SimpleData name="calc_long">-122.242</SimpleData>
					<SimpleData name="direction">ns</SimpleData>
					<SimpleData name="area_name">Sacramento Valley</SimpleData>
				</SchemaData>
			</ExtendedData>
			<Point>
				<coordinates>-122.2423333333333,39.68750000000001,0</coordinates>
			</Point>
		</Placemark>
		<Placemark>
			<name>4</name>
			<styleUrl>#pointStyleMap</styleUrl>
			<Style id="inline">
				<IconStyle>
					<color>ffe7ebef</color>
					<colorMode>normal</colorMode>
				</IconStyle>
				<LineStyle>
					<color>ffe7ebef</color>
					<colorMode>normal</colorMode>
				</LineStyle>
				<PolyStyle>
					<color>ffe7ebef</color>
					<colorMode>normal</colorMode>
				</PolyStyle>
			</Style>
			<ExtendedData>
				<SchemaData schemaUrl="#S_CABPOP_POINTS_DDSDDDDDDDDDDSS">
					<SimpleData name="Wpt__">4</SimpleData>
					<SimpleData name="Seg">2</SimpleData>
					<SimpleData name="Transect_L">to NW of Chico(RR)</SimpleData>
					<SimpleData name="lat__Deg">39</SimpleData>
					<SimpleData name="lat_Min">52</SimpleData>
					<SimpleData name="lat_100th_">57</SimpleData>
					<SimpleData name="long_Deg">122</SimpleData>
					<SimpleData name="long_Min">0</SimpleData>
					<SimpleData name="long_100th">57</SimpleData>
					<SimpleData name="trans_lat">39.5257</SimpleData>
					<SimpleData name="trans_long">-122.006</SimpleData>
					<SimpleData name="calc_lat">39.8762</SimpleData>
					<SimpleData name="calc_long">-122.01</SimpleData>
					<SimpleData name="direction">ns</SimpleData>
					<SimpleData name="area_name">Sacramento Valley</SimpleData>
				</SchemaData>
			</ExtendedData>
			<Point>
				<coordinates>-122.0095,39.87616666666667,0</coordinates>
			</Point>
		</Placemark>
		<Placemark>
			<name>5</name>
			<styleUrl>#pointStyleMap</styleUrl>
			<Style id="inline">
				<IconStyle>
					<color>ffe7ebef</color>
					<colorMode>normal</colorMode>
				</IconStyle>
				<LineStyle>
					<color>ffe7ebef</color>
					<colorMode>normal</colorMode>
				</LineStyle>
				<PolyStyle>
					<color>ffe7ebef</color>
					<colorMode>normal</colorMode>
				</PolyStyle>
			</Style>
			<ExtendedData>
				<SchemaData schemaUrl="#S_CABPOP_POINTS_DDSDDDDDDDDDDSS">
					<SimpleData name="Wpt__">5</SimpleData>
					<SimpleData name="Seg">3</SimpleData>
					<SimpleData name="Transect_L">W of Chico</SimpleData>
					<SimpleData name="lat__Deg">39</SimpleData>
					<SimpleData name="lat_Min">43</SimpleData>
					<SimpleData name="lat_100th_">12</SimpleData>
					<SimpleData name="long_Deg">121</SimpleData>
					<SimpleData name="long_Min">55</SimpleData>
					<SimpleData name="long_100th">13</SimpleData>
					<SimpleData name="trans_lat">39.4312</SimpleData>
					<SimpleData name="trans_long">-121.551</SimpleData>
					<SimpleData name="calc_lat">39.7187</SimpleData>
					<SimpleData name="calc_long">-121.919</SimpleData>
					<SimpleData name="direction">ns</SimpleData>
					<SimpleData name="area_name">Sacramento Valley</SimpleData>
				</SchemaData>
			</ExtendedData>
			<Point>
				<coordinates>-121.9188333333333,39.71866666666668,0</coordinates>
			</Point>
		</Placemark>
		<Placemark>
			<name>6</name>
			<styleUrl>#pointStyleMap</styleUrl>
			<Style id="inline">
				<IconStyle>
					<color>ffe7ebef</color>
					<colorMode>normal</colorMode>
				</IconStyle>
				<LineStyle>
					<color>ffe7ebef</color>
					<colorMode>normal</colorMode>
				</LineStyle>
				<PolyStyle>
					<color>ffe7ebef</color>
					<colorMode>normal</colorMode>
				</PolyStyle>
			</Style>
			<ExtendedData>
				<SchemaData schemaUrl="#S_CABPOP_POINTS_DDSDDDDDDDDDDSS">
					<SimpleData name="Wpt__">6</SimpleData>
					<SimpleData name="Seg">3</SimpleData>
					<SimpleData name="Transect_L">to NE Willows</SimpleData>
					<SimpleData name="lat__Deg">39</SimpleData>
					<SimpleData name="lat_Min">31</SimpleData>
					<SimpleData name="lat_100th_">80</SimpleData>
					<SimpleData name="long_Deg">122</SimpleData>
					<SimpleData name="long_Min">9</SimpleData>
					<SimpleData name="long_100th">7</SimpleData>
					<SimpleData name="trans_lat">39.318</SimpleData>
					<SimpleData name="trans_long">-122.091</SimpleData>
					<SimpleData name="calc_lat">39.53</SimpleData>
					<SimpleData name="calc_long">-122.151</SimpleData>
					<SimpleData name="direction">ns</SimpleData>
					<SimpleData name="area_name">Sacramento Valley</SimpleData>
				</SchemaData>
			</ExtendedData>
			<Point>
				<coordinates>-122.1511666666667,39.53000000000002,0</coordinates>
			</Point>
		</Placemark>
		<Placemark>
			<name>7</name>
			<styleUrl>#pointStyleMap</styleUrl>
			<Style id="inline">
				<IconStyle>
					<color>ffe7ebef</color>
					<colorMode>normal</colorMode>
				</IconStyle>
				<LineStyle>
					<color>ffe7ebef</color>
					<colorMode>normal</colorMode>
				</LineStyle>
				<PolyStyle>
					<color>ffe7ebef</color>
					<colorMode>normal</colorMode>
				</PolyStyle>
			</Style>
			<ExtendedData>
				<SchemaData schemaUrl="#S_CABPOP_POINTS_DDSDDDDDDDDDDSS">
					<SimpleData name="Wpt__">7</SimpleData>
					<SimpleData name="Seg">4</SimpleData>
					<SimpleData name="Transect_L">SW of Maxwell</SimpleData>
					<SimpleData name="lat__Deg">39</SimpleData>
					<SimpleData name="lat_Min">13</SimpleData>
					<SimpleData name="lat_100th_">75</SimpleData>
					<SimpleData name="long_Deg">122</SimpleData>
					<SimpleData name="long_Min">15</SimpleData>
					<SimpleData name="long_100th">54</SimpleData>
					<SimpleData name="trans_lat">39.1375</SimpleData>
					<SimpleData name="trans_long">-122.155</SimpleData>
					<SimpleData name="calc_lat">39.2292</SimpleData>
					<SimpleData name="calc_long">-122.259</SimpleData>
					<SimpleData name="direction">ns</SimpleData>
					<SimpleData name="area_name">Sacramento Valley</SimpleData>
				</SchemaData>
			</ExtendedData>
			<Point>
				<coordinates>-122.259,39.22916666666667,0</coordinates>
			</Point>
		</Placemark>
		<Placemark>
			<name>8</name>
			<styleUrl>#pointStyleMap</styleUrl>
			<Style id="inline">
				<IconStyle>
					<color>ffe7ebef</color>
					<colorMode>normal</colorMode>
				</IconStyle>
				<LineStyle>
					<color>ffe7ebef</color>
					<colorMode>normal</colorMode>
				</LineStyle>
				<PolyStyle>
					<color>ffe7ebef</color>
					<colorMode>normal</colorMode>
				</PolyStyle>
			</Style>
			<ExtendedData>
				<SchemaData schemaUrl="#S_CABPOP_POINTS_DDSDDDDDDDDDDSS">
					<SimpleData name="Wpt__">8</SimpleData>
					<SimpleData name="Seg">5</SimpleData>
					<SimpleData name="Transect_L">to N of Princeton</SimpleData>
					<SimpleData name="lat__Deg">39</SimpleData>
					<SimpleData name="lat_Min">25</SimpleData>
					<SimpleData name="lat_100th_">12</SimpleData>
					<SimpleData name="long_Deg">122</SimpleData>
					<SimpleData name="long_Min">1</SimpleData>
					<SimpleData name="long_100th">72</SimpleData>
					<SimpleData name="trans_lat">39.2512</SimpleData>
					<SimpleData name="trans_long">-122.017</SimpleData>
					<SimpleData name="calc_lat">39.4187</SimpleData>
					<SimpleData name="calc_long">-122.029</SimpleData>
					<SimpleData name="direction">ns</SimpleData>
					<SimpleData name="area_name">Sacramento Valley</SimpleData>
				</SchemaData>
			</ExtendedData>
			<Point>
				<coordinates>-122.0286666666667,39.41866666666667,0</coordinates>
			</Point>
		</Placemark>
		<Placemark>
			<name>9</name>
			<styleUrl>#pointStyleMap</styleUrl>
			<Style id="inline">
				<IconStyle>
					<color>ffe7ebef</color>
					<colorMode>normal</colorMode>
				</IconStyle>
				<LineStyle>
					<color>ffe7ebef</color>
					<colorMode>normal</colorMode>
				</LineStyle>
				<PolyStyle>
					<color>ffe7ebef</color>
					<colorMode>normal</colorMode>
				</PolyStyle>
			</Style>
			<ExtendedData>
				<SchemaData schemaUrl="#S_CABPOP_POINTS_DDSDDDDDDDDDDSS">
					<SimpleData name="Wpt__">9</SimpleData>
					<SimpleData name="Seg">5</SimpleData>
					<SimpleData name="Transect_L">to S of Durham(RR)</SimpleData>
					<SimpleData name="lat__Deg">39</SimpleData>
					<SimpleData name="lat_Min">36</SimpleData>
					<SimpleData name="lat_100th_">52</SimpleData>
					<SimpleData name="long_Deg">121</SimpleData>
					<SimpleData name="long_Min">47</SimpleData>
					<SimpleData name="long_100th">91</SimpleData>
					<SimpleData name="trans_lat">39.3652</SimpleData>
					<SimpleData name="trans_long">-121.479</SimpleData>
					<SimpleData name="calc_lat">39.6087</SimpleData>
					<SimpleData name="calc_long">-121.799</SimpleData>
					<SimpleData name="direction">ns</SimpleData>
					<SimpleData name="area_name">Sacramento Valley</SimpleData>
				</SchemaData>
			</ExtendedData>
			<Point>
				<coordinates>-121.7985,39.60866666666668,0</coordinates>
			</Point>
		</Placemark>
		<Placemark>
			<name>10</name>
			<styleUrl>#pointStyleMap</styleUrl>
			<Style id="inline">
				<IconStyle>
					<color>ffe7ebef</color>
					<colorMode>normal</colorMode>
				</IconStyle>
				<LineStyle>
					<color>ffe7ebef</color>
					<colorMode>normal</colorMode>
				</LineStyle>
				<PolyStyle>
					<color>ffe7ebef</color>
					<colorMode>normal</colorMode>
				</PolyStyle>
			</Style>
			<ExtendedData>
				<SchemaData schemaUrl="#S_CABPOP_POINTS_DDSDDDDDDDDDDSS">
					<SimpleData name="Wpt__">10</SimpleData>
					<SimpleData name="Seg">6</SimpleData>
					<SimpleData name="Transect_L">Thermalito</SimpleData>
					<SimpleData name="lat__Deg">39</SimpleData>
					<SimpleData name="lat_Min">29</SimpleData>
					<SimpleData name="lat_100th_">27</SimpleData>
					<SimpleData name="long_Deg">121</SimpleData>
					<SimpleData name="long_Min">39</SimpleData>
					<SimpleData name="long_100th">37</SimpleData>
					<SimpleData name="trans_lat">39.2927</SimpleData>
					<SimpleData name="trans_long">-121.394</SimpleData>
					<SimpleData name="calc_lat">39.4878</SimpleData>
					<SimpleData name="calc_long">-121.656</SimpleData>
					<SimpleData name="direction">ns</SimpleData>
					<SimpleData name="area_name">Sacramento Valley</SimpleData>
				</SchemaData>
			</ExtendedData>
			<Point>
				<coordinates>-121.6561666666667,39.48783333333331,0</coordinates>
			</Point>
		</Placemark>
		<Placemark>
			<name>11</name>
			<styleUrl>#pointStyleMap</styleUrl>
			<Style id="inline">
				<IconStyle>
					<color>ffe7ebef</color>
					<colorMode>normal</colorMode>
				</IconStyle>
				<LineStyle>
					<color>ffe7ebef</color>
					<colorMode>normal</colorMode>
				</LineStyle>
				<PolyStyle>
					<color>ffe7ebef</color>
					<colorMode>normal</colorMode>
				</PolyStyle>
			</Style>
			<ExtendedData>
				<SchemaData schemaUrl="#S_CABPOP_POINTS_DDSDDDDDDDDDDSS">
					<SimpleData name="Wpt__">11</SimpleData>
					<SimpleData name="Seg">7</SimpleData>
					<SimpleData name="Transect_L">to N of Sutter Butte</SimpleData>
					<SimpleData name="lat__Deg">39</SimpleData>
					<SimpleData name="lat_Min">17</SimpleData>
					<SimpleData name="lat_100th_">92</SimpleData>
					<SimpleData name="long_Deg">121</SimpleData>
					<SimpleData name="long_Min">53</SimpleData>
					<SimpleData name="long_100th">21</SimpleData>
					<SimpleData name="trans_lat">39.1792</SimpleData>
					<SimpleData name="trans_long">-121.532</SimpleData>
					<SimpleData name="calc_lat">39.2987</SimpleData>
					<SimpleData name="calc_long">-121.887</SimpleData>
					<SimpleData name="direction">ns</SimpleData>
					<SimpleData name="area_name">Sacramento Valley</SimpleData>
				</SchemaData>
			</ExtendedData>
			<Point>
				<coordinates>-121.8868333333333,39.29866666666665,0</coordinates>
			</Point>
		</Placemark>
		<Placemark>
			<name>12</name>
			<styleUrl>#pointStyleMap</styleUrl>
			<Style id="inline">
				<IconStyle>
					<color>ffe7ebef</color>
					<colorMode>normal</colorMode>
				</IconStyle>
				<LineStyle>
					<color>ffe7ebef</color>
					<colorMode>normal</colorMode>
				</LineStyle>
				<PolyStyle>
					<color>ffe7ebef</color>
					<colorMode>normal</colorMode>
				</PolyStyle>
			</Style>
			<ExtendedData>
				<SchemaData schemaUrl="#S_CABPOP_POINTS_DDSDDDDDDDDDDSS">
					<SimpleData name="Wpt__">12</SimpleData>
					<SimpleData name="Seg">7</SimpleData>
					<SimpleData name="Transect_L">to SE of Williams(I-5)</SimpleData>
					<SimpleData name="lat__Deg">39</SimpleData>
					<SimpleData name="lat_Min">6</SimpleData>
					<SimpleData name="lat_100th_">50</SimpleData>
					<SimpleData name="long_Deg">122</SimpleData>
					<SimpleData name="long_Min">6</SimpleData>
					<SimpleData name="long_100th">95</SimpleData>
					<SimpleData name="trans_lat">39.065</SimpleData>
					<SimpleData name="trans_long">-122.07</SimpleData>
					<SimpleData name="calc_lat">39.1083</SimpleData>
					<SimpleData name="calc_long">-122.116</SimpleData>
					<SimpleData name="direction">ns</SimpleData>
					<SimpleData name="area_name">Sacramento Valley</SimpleData>
				</SchemaData>
			</ExtendedData>
			<Point>
				<coordinates>-122.1158333333333,39.10833333333335,0</coordinates>
			</Point>
		</Placemark>
		<Placemark>
			<name>13</name>
			<styleUrl>#pointStyleMap</styleUrl>
			<Style id="inline">
				<IconStyle>
					<color>ffe7ebef</color>
					<colorMode>normal</colorMode>
				</IconStyle>
				<LineStyle>
					<color>ffe7ebef</color>
					<colorMode>normal</colorMode>
				</LineStyle>
				<PolyStyle>
					<color>ffe7ebef</color>
					<colorMode>normal</colorMode>
				</PolyStyle>
			</Style>
			<ExtendedData>
				<SchemaData schemaUrl="#S_CABPOP_POINTS_DDSDDDDDDDDDDSS">
					<SimpleData name="Wpt__">13</SimpleData>
					<SimpleData name="Seg">8</SimpleData>
					<SimpleData name="Transect_L">SW of College City</SimpleData>
					<SimpleData name="lat__Deg">38</SimpleData>
					<SimpleData name="lat_Min">57</SimpleData>
					<SimpleData name="lat_100th_">53</SimpleData>
					<SimpleData name="long_Deg">122</SimpleData>
					<SimpleData name="long_Min">0</SimpleData>
					<SimpleData name="long_100th">95</SimpleData>
					<SimpleData name="trans_lat">38.5753</SimpleData>
					<SimpleData name="trans_long">-122.01</SimpleData>
					<SimpleData name="calc_lat">38.9588</SimpleData>
					<SimpleData name="calc_long">-122.016</SimpleData>
					<SimpleData name="direction">ns</SimpleData>
					<SimpleData name="area_name">Sacramento Valley</SimpleData>
				</SchemaData>
			</ExtendedData>
			<Point>
				<coordinates>-122.0158333333333,38.95883333333332,0</coordinates>
			</Point>
		</Placemark>
		<Placemark>
			<name>14</name>
			<styleUrl>#pointStyleMap</styleUrl>
			<Style id="inline">
				<IconStyle>
					<color>ffe7ebef</color>
					<colorMode>normal</colorMode>
				</IconStyle>
				<LineStyle>
					<color>ffe7ebef</color>
					<colorMode>normal</colorMode>
				</LineStyle>
				<PolyStyle>
					<color>ffe7ebef</color>
					<colorMode>normal</colorMode>
				</PolyStyle>
			</Style>
			<ExtendedData>
				<SchemaData schemaUrl="#S_CABPOP_POINTS_DDSDDDDDDDDDDSS">
					<SimpleData name="Wpt__">14</SimpleData>
					<SimpleData name="Seg">9</SimpleData>
					<SimpleData name="Transect_L">to Sutter</SimpleData>
					<SimpleData name="lat__Deg">39</SimpleData>
					<SimpleData name="lat_Min">8</SimpleData>
					<SimpleData name="lat_100th_">86</SimpleData>
					<SimpleData name="long_Deg">121</SimpleData>
					<SimpleData name="long_Min">47</SimpleData>
					<SimpleData name="long_100th">13</SimpleData>
					<SimpleData name="trans_lat">39.0886</SimpleData>
					<SimpleData name="trans_long">-121.471</SimpleData>
					<SimpleData name="calc_lat">39.1477</SimpleData>
					<SimpleData name="calc_long">-121.785</SimpleData>
					<SimpleData name="direction">ns</SimpleData>
					<SimpleData name="area_name">Sacramento Valley</SimpleData>
				</SchemaData>
			</ExtendedData>
			<Point>
				<coordinates>-121.7855,39.14766666666669,0</coordinates>
			</Point>
		</Placemark>
		<Placemark>
			<name>15</name>
			<styleUrl>#pointStyleMap</styleUrl>
			<Style id="inline">
				<IconStyle>
					<color>ffe7ebef</color>
					<colorMode>normal</colorMode>
				</IconStyle>
				<LineStyle>
					<color>ffe7ebef</color>
					<colorMode>normal</colorMode>
				</LineStyle>
				<PolyStyle>
					<color>ffe7ebef</color>
					<colorMode>normal</colorMode>
				</PolyStyle>
			</Style>
			<ExtendedData>
				<SchemaData schemaUrl="#S_CABPOP_POINTS_DDSDDDDDDDDDDSS">
					<SimpleData name="Wpt__">15</SimpleData>
					<SimpleData name="Seg">9</SimpleData>
					<SimpleData name="Transect_L">to NW of Honcut</SimpleData>
					<SimpleData name="lat__Deg">39</SimpleData>
					<SimpleData name="lat_Min">20</SimpleData>
					<SimpleData name="lat_100th_">18</SimpleData>
					<SimpleData name="long_Deg">121</SimpleData>
					<SimpleData name="long_Min">33</SimpleData>
					<SimpleData name="long_100th">26</SimpleData>
					<SimpleData name="trans_lat">39.2018</SimpleData>
					<SimpleData name="trans_long">-121.333</SimpleData>
					<SimpleData name="calc_lat">39.3363</SimpleData>
					<SimpleData name="calc_long">-121.554</SimpleData>
					<SimpleData name="direction">ns</SimpleData>
					<SimpleData name="area_name">Sacramento Valley</SimpleData>
				</SchemaData>
			</ExtendedData>
			<Point>
				<coordinates>-121.5543333333333,39.33633333333332,0</coordinates>
			</Point>
		</Placemark>
		<Placemark>
			<name>16</name>
			<styleUrl>#pointStyleMap</styleUrl>
			<Style id="inline">
				<IconStyle>
					<color>ffe7ebef</color>
					<colorMode>normal</colorMode>
				</IconStyle>
				<LineStyle>
					<color>ffe7ebef</color>
					<colorMode>normal</colorMode>
				</LineStyle>
				<PolyStyle>
					<color>ffe7ebef</color>
					<colorMode>normal</colorMode>
				</PolyStyle>
			</Style>
			<ExtendedData>
				<SchemaData schemaUrl="#S_CABPOP_POINTS_DDSDDDDDDDDDDSS">
					<SimpleData name="Wpt__">16</SimpleData>
					<SimpleData name="Seg">10</SimpleData>
					<SimpleData name="Transect_L">SW of Yuba City</SimpleData>
					<SimpleData name="lat__Deg">39</SimpleData>
					<SimpleData name="lat_Min">1</SimpleData>
					<SimpleData name="lat_100th_">7</SimpleData>
					<SimpleData name="long_Deg">121</SimpleData>
					<SimpleData name="long_Min">40</SimpleData>
					<SimpleData name="long_100th">57</SimpleData>
					<SimpleData name="trans_lat">39.0107</SimpleData>
					<SimpleData name="trans_long">-121.406</SimpleData>
					<SimpleData name="calc_lat">39.0178</SimpleData>
					<SimpleData name="calc_long">-121.676</SimpleData>
					<SimpleData name="direction">ns</SimpleData>
					<SimpleData name="area_name">Sacramento Valley</SimpleData>
				</SchemaData>
			</ExtendedData>
			<Point>
				<coordinates>-121.6761666666667,39.01783333333331,0</coordinates>
			</Point>
		</Placemark>
		<Placemark>
			<name>17</name>
			<styleUrl>#pointStyleMap</styleUrl>
			<Style id="inline">
				<IconStyle>
					<color>ffe7ebef</color>
					<colorMode>normal</colorMode>
				</IconStyle>
				<LineStyle>
					<color>ffe7ebef</color>
					<colorMode>normal</colorMode>
				</LineStyle>
				<PolyStyle>
					<color>ffe7ebef</color>
					<colorMode>normal</colorMode>
				</PolyStyle>
			</Style>
			<ExtendedData>
				<SchemaData schemaUrl="#S_CABPOP_POINTS_DDSDDDDDDDDDDSS">
					<SimpleData name="Wpt__">17</SimpleData>
					<SimpleData name="Seg">10</SimpleData>
					<SimpleData name="Transect_L">to N of Zamora</SimpleData>
					<SimpleData name="lat__Deg">38</SimpleData>
					<SimpleData name="lat_Min">49</SimpleData>
					<SimpleData name="lat_100th_">75</SimpleData>
					<SimpleData name="long_Deg">121</SimpleData>
					<SimpleData name="long_Min">54</SimpleData>
					<SimpleData name="long_100th">37</SimpleData>
					<SimpleData name="trans_lat">38.4975</SimpleData>
					<SimpleData name="trans_long">-121.544</SimpleData>
					<SimpleData name="calc_lat">38.8292</SimpleData>
					<SimpleData name="calc_long">-121.906</SimpleData>
					<SimpleData name="direction">ns</SimpleData>
					<SimpleData name="area_name">Sacramento Valley</SimpleData>
				</SchemaData>
			</ExtendedData>
			<Point>
				<coordinates>-121.9061666666667,38.82916666666669,0</coordinates>
			</Point>
		</Placemark>
		<Placemark>
			<name>18</name>
			<styleUrl>#pointStyleMap</styleUrl>
			<Style id="inline">
				<IconStyle>
					<color>ffe7ebef</color>
					<colorMode>normal</colorMode>
				</IconStyle>
				<LineStyle>
					<color>ffe7ebef</color>
					<colorMode>normal</colorMode>
				</LineStyle>
				<PolyStyle>
					<color>ffe7ebef</color>
					<colorMode>normal</colorMode>
				</PolyStyle>
			</Style>
			<ExtendedData>
				<SchemaData schemaUrl="#S_CABPOP_POINTS_DDSDDDDDDDDDDSS">
					<SimpleData name="Wpt__">18</SimpleData>
					<SimpleData name="Seg">11</SimpleData>
					<SimpleData name="Transect_L">SW of Woodland</SimpleData>
					<SimpleData name="lat__Deg">38</SimpleData>
					<SimpleData name="lat_Min">37</SimpleData>
					<SimpleData name="lat_100th_">50</SimpleData>
					<SimpleData name="long_Deg">121</SimpleData>
					<SimpleData name="long_Min">52</SimpleData>
					<SimpleData name="long_100th">55</SimpleData>
					<SimpleData name="trans_lat">38.375</SimpleData>
					<SimpleData name="trans_long">-121.525</SimpleData>
					<SimpleData name="calc_lat">38.625</SimpleData>
					<SimpleData name="calc_long">-121.876</SimpleData>
					<SimpleData name="direction">ns</SimpleData>
					<SimpleData name="area_name">Sacramento Valley</SimpleData>
				</SchemaData>
			</ExtendedData>
			<Point>
				<coordinates>-121.8758333333333,38.625,0</coordinates>
			</Point>
		</Placemark>
		<Placemark>
			<name>19</name>
			<styleUrl>#pointStyleMap</styleUrl>
			<Style id="inline">
				<IconStyle>
					<color>ffe7ebef</color>
					<colorMode>normal</colorMode>
				</IconStyle>
				<LineStyle>
					<color>ffe7ebef</color>
					<colorMode>normal</colorMode>
				</LineStyle>
				<PolyStyle>
					<color>ffe7ebef</color>
					<colorMode>normal</colorMode>
				</PolyStyle>
			</Style>
			<ExtendedData>
				<SchemaData schemaUrl="#S_CABPOP_POINTS_DDSDDDDDDDDDDSS">
					<SimpleData name="Wpt__">19</SimpleData>
					<SimpleData name="Seg">12</SimpleData>
					<SimpleData name="Transect_L">to N of Verona</SimpleData>
					<SimpleData name="lat__Deg">38</SimpleData>
					<SimpleData name="lat_Min">48</SimpleData>
					<SimpleData name="lat_100th_">97</SimpleData>
					<SimpleData name="long_Deg">121</SimpleData>
					<SimpleData name="long_Min">38</SimpleData>
					<SimpleData name="long_100th">97</SimpleData>
					<SimpleData name="trans_lat">38.4897</SimpleData>
					<SimpleData name="trans_long">-121.39</SimpleData>
					<SimpleData name="calc_lat">38.8162</SimpleData>
					<SimpleData name="calc_long">-121.65</SimpleData>
					<SimpleData name="direction">ns</SimpleData>
					<SimpleData name="area_name">Sacramento Valley</SimpleData>
				</SchemaData>
			</ExtendedData>
			<Point>
				<coordinates>-121.6495,38.81616666666665,0</coordinates>
			</Point>
		</Placemark>
		<Placemark>
			<name>20</name>
			<styleUrl>#pointStyleMap</styleUrl>
			<Style id="inline">
				<IconStyle>
					<color>ffe7ebef</color>
					<colorMode>normal</colorMode>
				</IconStyle>
				<LineStyle>
					<color>ffe7ebef</color>
					<colorMode>normal</colorMode>
				</LineStyle>
				<PolyStyle>
					<color>ffe7ebef</color>
					<colorMode>normal</colorMode>
				</PolyStyle>
			</Style>
			<ExtendedData>
				<SchemaData schemaUrl="#S_CABPOP_POINTS_DDSDDDDDDDDDDSS">
					<SimpleData name="Wpt__">20</SimpleData>
					<SimpleData name="Seg">12</SimpleData>
					<SimpleData name="Transect_L">to SE of Wheatland</SimpleData>
					<SimpleData name="lat__Deg">39</SimpleData>
					<SimpleData name="lat_Min">0</SimpleData>
					<SimpleData name="lat_100th_">39</SimpleData>
					<SimpleData name="long_Deg">121</SimpleData>
					<SimpleData name="long_Min">25</SimpleData>
					<SimpleData name="long_100th">33</SimpleData>
					<SimpleData name="trans_lat">39.0039</SimpleData>
					<SimpleData name="trans_long">-121.253</SimpleData>
					<SimpleData name="calc_lat">39.0065</SimpleData>
					<SimpleData name="calc_long">-121.422</SimpleData>
					<SimpleData name="direction">ns</SimpleData>
					<SimpleData name="area_name">Sacramento Valley</SimpleData>
				</SchemaData>
			</ExtendedData>
			<Point>
				<coordinates>-121.4221666666667,39.00650000000002,0</coordinates>
			</Point>
		</Placemark>
		<Placemark>
			<name>21</name>
			<styleUrl>#pointStyleMap</styleUrl>
			<Style id="inline">
				<IconStyle>
					<color>ffe7ebef</color>
					<colorMode>normal</colorMode>
				</IconStyle>
				<LineStyle>
					<color>ffe7ebef</color>
					<colorMode>normal</colorMode>
				</LineStyle>
				<PolyStyle>
					<color>ffe7ebef</color>
					<colorMode>normal</colorMode>
				</PolyStyle>
			</Style>
			<ExtendedData>
				<SchemaData schemaUrl="#S_CABPOP_POINTS_DDSDDDDDDDDDDSS">
					<SimpleData name="Wpt__">21</SimpleData>
					<SimpleData name="Seg">13</SimpleData>
					<SimpleData name="Transect_L">N of Roseville</SimpleData>
					<SimpleData name="lat__Deg">38</SimpleData>
					<SimpleData name="lat_Min">48</SimpleData>
					<SimpleData name="lat_100th_">73</SimpleData>
					<SimpleData name="long_Deg">121</SimpleData>
					<SimpleData name="long_Min">20</SimpleData>
					<SimpleData name="long_100th">63</SimpleData>
					<SimpleData name="trans_lat">38.4873</SimpleData>
					<SimpleData name="trans_long">-121.206</SimpleData>
					<SimpleData name="calc_lat">38.8122</SimpleData>
					<SimpleData name="calc_long">-121.344</SimpleData>
					<SimpleData name="direction">ns</SimpleData>
					<SimpleData name="area_name">Sacramento Valley</SimpleData>
				</SchemaData>
			</ExtendedData>
			<Point>
				<coordinates>-121.3438333333333,38.81216666666666,0</coordinates>
			</Point>
		</Placemark>
		<Placemark>
			<name>22</name>
			<styleUrl>#pointStyleMap</styleUrl>
			<Style id="inline">
				<IconStyle>
					<color>ffe7ebef</color>
					<colorMode>normal</colorMode>
				</IconStyle>
				<LineStyle>
					<color>ffe7ebef</color>
					<colorMode>normal</colorMode>
				</LineStyle>
				<PolyStyle>
					<color>ffe7ebef</color>
					<colorMode>normal</colorMode>
				</PolyStyle>
			</Style>
			<ExtendedData>
				<SchemaData schemaUrl="#S_CABPOP_POINTS_DDSDDDDDDDDDDSS">
					<SimpleData name="Wpt__">22</SimpleData>
					<SimpleData name="Seg">14</SimpleData>
					<SimpleData name="Transect_L">to SW of Natomas</SimpleData>
					<SimpleData name="lat__Deg">38</SimpleData>
					<SimpleData name="lat_Min">37</SimpleData>
					<SimpleData name="lat_100th_">41</SimpleData>
					<SimpleData name="long_Deg">121</SimpleData>
					<SimpleData name="long_Min">34</SimpleData>
					<SimpleData name="long_100th">39</SimpleData>
					<SimpleData name="trans_lat">38.3741</SimpleData>
					<SimpleData name="trans_long">-121.344</SimpleData>
					<SimpleData name="calc_lat">38.6235</SimpleData>
					<SimpleData name="calc_long">-121.573</SimpleData>
					<SimpleData name="direction">ns</SimpleData>
					<SimpleData name="area_name">Sacramento Valley</SimpleData>
				</SchemaData>
			</ExtendedData>
			<Point>
				<coordinates>-121.5731666666667,38.62349999999999,0</coordinates>
			</Point>
		</Placemark>
		<Placemark>
			<name>23</name>
			<styleUrl>#pointStyleMap</styleUrl>
			<Style id="inline">
				<IconStyle>
					<color>ffe7ebef</color>
					<colorMode>normal</colorMode>
				</IconStyle>
				<LineStyle>
					<color>ffe7ebef</color>
					<colorMode>normal</colorMode>
				</LineStyle>
				<PolyStyle>
					<color>ffe7ebef</color>
					<colorMode>normal</colorMode>
				</PolyStyle>
			</Style>
			<ExtendedData>
				<SchemaData schemaUrl="#S_CABPOP_POINTS_DDSDDDDDDDDDDSS">
					<SimpleData name="Wpt__">23</SimpleData>
					<SimpleData name="Seg">14</SimpleData>
					<SimpleData name="Transect_L">to Dixon</SimpleData>
					<SimpleData name="lat__Deg">38</SimpleData>
					<SimpleData name="lat_Min">26</SimpleData>
					<SimpleData name="lat_100th_">9</SimpleData>
					<SimpleData name="long_Deg">121</SimpleData>
					<SimpleData name="long_Min">48</SimpleData>
					<SimpleData name="long_100th">12</SimpleData>
					<SimpleData name="trans_lat">38.2609</SimpleData>
					<SimpleData name="trans_long">-121.481</SimpleData>
					<SimpleData name="calc_lat">38.4348</SimpleData>
					<SimpleData name="calc_long">-121.802</SimpleData>
					<SimpleData name="direction">ns</SimpleData>
					<SimpleData name="area_name">Sacramento Valley</SimpleData>
				</SchemaData>
			</ExtendedData>
			<Point>
				<coordinates>-121.802,38.43483333333333,0</coordinates>
			</Point>
		</Placemark>
		<Placemark>
			<name>24</name>
			<styleUrl>#pointStyleMap</styleUrl>
			<Style id="inline">
				<IconStyle>
					<color>ffe7ebef</color>
					<colorMode>normal</colorMode>
				</IconStyle>
				<LineStyle>
					<color>ffe7ebef</color>
					<colorMode>normal</colorMode>
				</LineStyle>
				<PolyStyle>
					<color>ffe7ebef</color>
					<colorMode>normal</colorMode>
				</PolyStyle>
			</Style>
			<ExtendedData>
				<SchemaData schemaUrl="#S_CABPOP_POINTS_DDSDDDDDDDDDDSS">
					<SimpleData name="Wpt__">24</SimpleData>
					<SimpleData name="Seg">15</SimpleData>
					<SimpleData name="Transect_L">SW Sacramento</SimpleData>
					<SimpleData name="lat__Deg">38</SimpleData>
					<SimpleData name="lat_Min">16</SimpleData>
					<SimpleData name="lat_100th_">33</SimpleData>
					<SimpleData name="long_Deg">121</SimpleData>
					<SimpleData name="long_Min">43</SimpleData>
					<SimpleData name="long_100th">70</SimpleData>
					<SimpleData name="trans_lat">38.1633</SimpleData>
					<SimpleData name="trans_long">-121.437</SimpleData>
					<SimpleData name="calc_lat">38.2722</SimpleData>
					<SimpleData name="calc_long">-121.728</SimpleData>
					<SimpleData name="direction">ns</SimpleData>
					<SimpleData name="area_name">Sacramento Valley</SimpleData>
				</SchemaData>
			</ExtendedData>
			<Point>
				<coordinates>-121.7283333333333,38.27216666666668,0</coordinates>
			</Point>
		</Placemark>
		<Placemark>
			<name>25</name>
			<styleUrl>#pointStyleMap</styleUrl>
			<Style id="inline">
				<IconStyle>
					<color>ffe7ebef</color>
					<colorMode>normal</colorMode>
				</IconStyle>
				<LineStyle>
					<color>ffe7ebef</color>
					<colorMode>normal</colorMode>
				</LineStyle>
				<PolyStyle>
					<color>ffe7ebef</color>
					<colorMode>normal</colorMode>
				</PolyStyle>
			</Style>
			<ExtendedData>
				<SchemaData schemaUrl="#S_CABPOP_POINTS_DDSDDDDDDDDDDSS">
					<SimpleData name="Wpt__">25</SimpleData>
					<SimpleData name="Seg">15</SimpleData>
					<SimpleData name="Transect_L">to Freeport</SimpleData>
					<SimpleData name="lat__Deg">38</SimpleData>
					<SimpleData name="lat_Min">27</SimpleData>
					<SimpleData name="lat_100th_">65</SimpleData>
					<SimpleData name="long_Deg">121</SimpleData>
					<SimpleData name="long_Min">30</SimpleData>
					<SimpleData name="long_100th">0</SimpleData>
					<SimpleData name="trans_lat">38.2765</SimpleData>
					<SimpleData name="trans_long">-121.3</SimpleData>
					<SimpleData name="calc_lat">38.4608</SimpleData>
					<SimpleData name="calc_long">-121.5</SimpleData>
					<SimpleData name="direction">ns</SimpleData>
					<SimpleData name="area_name">Sacramento Valley</SimpleData>
				</SchemaData>
			</ExtendedData>
			<Point>
				<coordinates>-121.5,38.46083333333334,0</coordinates>
			</Point>
		</Placemark>
		<Placemark>
			<name>28</name>
			<styleUrl>#pointStyleMap</styleUrl>
			<Style id="inline">
				<IconStyle>
					<color>ffe7ebef</color>
					<colorMode>normal</colorMode>
				</IconStyle>
				<LineStyle>
					<color>ffe7ebef</color>
					<colorMode>normal</colorMode>
				</LineStyle>
				<PolyStyle>
					<color>ffe7ebef</color>
					<colorMode>normal</colorMode>
				</PolyStyle>
			</Style>
			<ExtendedData>
				<SchemaData schemaUrl="#S_CABPOP_POINTS_DDSDDDDDDDDDDSS">
					<SimpleData name="Wpt__">28</SimpleData>
					<SimpleData name="Seg">17</SimpleData>
					<SimpleData name="Transect_L">N of Rio Vista</SimpleData>
					<SimpleData name="lat__Deg">38</SimpleData>
					<SimpleData name="lat_Min">11</SimpleData>
					<SimpleData name="lat_100th_">23</SimpleData>
					<SimpleData name="long_Deg">121</SimpleData>
					<SimpleData name="long_Min">40</SimpleData>
					<SimpleData name="long_100th">90</SimpleData>
					<SimpleData name="trans_lat">38.1123</SimpleData>
					<SimpleData name="trans_long">-121.409</SimpleData>
					<SimpleData name="calc_lat">38.1872</SimpleData>
					<SimpleData name="calc_long">-121.682</SimpleData>
					<SimpleData name="direction">ns</SimpleData>
					<SimpleData name="area_name">Sacramento/San Joaquin Delta</SimpleData>
				</SchemaData>
			</ExtendedData>
			<Point>
				<coordinates>-121.6816666666667,38.18716666666664,0</coordinates>
			</Point>
		</Placemark>
		<Placemark>
			<name>29</name>
			<styleUrl>#pointStyleMap</styleUrl>
			<Style id="inline">
				<IconStyle>
					<color>ffe7ebef</color>
					<colorMode>normal</colorMode>
				</IconStyle>
				<LineStyle>
					<color>ffe7ebef</color>
					<colorMode>normal</colorMode>
				</LineStyle>
				<PolyStyle>
					<color>ffe7ebef</color>
					<colorMode>normal</colorMode>
				</PolyStyle>
			</Style>
			<ExtendedData>
				<SchemaData schemaUrl="#S_CABPOP_POINTS_DDSDDDDDDDDDDSS">
					<SimpleData name="Wpt__">29</SimpleData>
					<SimpleData name="Seg">17</SimpleData>
					<SimpleData name="Transect_L">to Franklin Blvd.</SimpleData>
					<SimpleData name="lat__Deg">38</SimpleData>
					<SimpleData name="lat_Min">22</SimpleData>
					<SimpleData name="lat_100th_">55</SimpleData>
					<SimpleData name="long_Deg">121</SimpleData>
					<SimpleData name="long_Min">27</SimpleData>
					<SimpleData name="long_100th">22</SimpleData>
					<SimpleData name="trans_lat">38.2255</SimpleData>
					<SimpleData name="trans_long">-121.272</SimpleData>
					<SimpleData name="calc_lat">38.3758</SimpleData>
					<SimpleData name="calc_long">-121.454</SimpleData>
					<SimpleData name="direction">ns</SimpleData>
					<SimpleData name="area_name">Sacramento/San Joaquin Delta</SimpleData>
				</SchemaData>
			</ExtendedData>
			<Point>
				<coordinates>-121.4536666666667,38.37583333333334,0</coordinates>
			</Point>
		</Placemark>
		<Placemark>
			<name>30</name>
			<styleUrl>#pointStyleMap</styleUrl>
			<Style id="inline">
				<IconStyle>
					<color>ffe7ebef</color>
					<colorMode>normal</colorMode>
				</IconStyle>
				<LineStyle>
					<color>ffe7ebef</color>
					<colorMode>normal</colorMode>
				</LineStyle>
				<PolyStyle>
					<color>ffe7ebef</color>
					<colorMode>normal</colorMode>
				</PolyStyle>
			</Style>
			<ExtendedData>
				<SchemaData schemaUrl="#S_CABPOP_POINTS_DDSDDDDDDDDDDSS">
					<SimpleData name="Wpt__">30</SimpleData>
					<SimpleData name="Seg">18</SimpleData>
					<SimpleData name="Transect_L">N of Thornton</SimpleData>
					<SimpleData name="lat__Deg">38</SimpleData>
					<SimpleData name="lat_Min">14</SimpleData>
					<SimpleData name="lat_100th_">73</SimpleData>
					<SimpleData name="long_Deg">121</SimpleData>
					<SimpleData name="long_Min">25</SimpleData>
					<SimpleData name="long_100th">87</SimpleData>
					<SimpleData name="trans_lat">38.1473</SimpleData>
					<SimpleData name="trans_long">-121.259</SimpleData>
					<SimpleData name="calc_lat">38.2455</SimpleData>
					<SimpleData name="calc_long">-121.431</SimpleData>
					<SimpleData name="direction">ns</SimpleData>
					<SimpleData name="area_name">Sacramento/San Joaquin Delta</SimpleData>
				</SchemaData>
			</ExtendedData>
			<Point>
				<coordinates>-121.4311666666667,38.24549999999999,0</coordinates>
			</Point>
		</Placemark>
		<Placemark>
			<name>31</name>
			<styleUrl>#pointStyleMap</styleUrl>
			<Style id="inline">
				<IconStyle>
					<color>ffe7ebef</color>
					<colorMode>normal</colorMode>
				</IconStyle>
				<LineStyle>
					<color>ffe7ebef</color>
					<colorMode>normal</colorMode>
				</LineStyle>
				<PolyStyle>
					<color>ffe7ebef</color>
					<colorMode>normal</colorMode>
				</PolyStyle>
			</Style>
			<ExtendedData>
				<SchemaData schemaUrl="#S_CABPOP_POINTS_DDSDDDDDDDDDDSS">
					<SimpleData name="Wpt__">31</SimpleData>
					<SimpleData name="Seg">18</SimpleData>
					<SimpleData name="Transect_L">to W of Franks Tract</SimpleData>
					<SimpleData name="lat__Deg">38</SimpleData>
					<SimpleData name="lat_Min">3</SimpleData>
					<SimpleData name="lat_100th_">41</SimpleData>
					<SimpleData name="long_Deg">121</SimpleData>
					<SimpleData name="long_Min">39</SimpleData>
					<SimpleData name="long_100th">53</SimpleData>
					<SimpleData name="trans_lat">38.0341</SimpleData>
					<SimpleData name="trans_long">-121.395</SimpleData>
					<SimpleData name="calc_lat">38.0568</SimpleData>
					<SimpleData name="calc_long">-121.659</SimpleData>
					<SimpleData name="direction">ns</SimpleData>
					<SimpleData name="area_name">Sacramento/San Joaquin Delta</SimpleData>
				</SchemaData>
			</ExtendedData>
			<Point>
				<coordinates>-121.6588333333334,38.05683333333333,0</coordinates>
			</Point>
		</Placemark>
		<Placemark>
			<name>32</name>
			<styleUrl>#pointStyleMap</styleUrl>
			<Style id="inline">
				<IconStyle>
					<color>ffe7ebef</color>
					<colorMode>normal</colorMode>
				</IconStyle>
				<LineStyle>
					<color>ffe7ebef</color>
					<colorMode>normal</colorMode>
				</LineStyle>
				<PolyStyle>
					<color>ffe7ebef</color>
					<colorMode>normal</colorMode>
				</PolyStyle>
			</Style>
			<ExtendedData>
				<SchemaData schemaUrl="#S_CABPOP_POINTS_DDSDDDDDDDDDDSS">
					<SimpleData name="Wpt__">32</SimpleData>
					<SimpleData name="Seg">19</SimpleData>
					<SimpleData name="Transect_L">E of Brentwood</SimpleData>
					<SimpleData name="lat__Deg">37</SimpleData>
					<SimpleData name="lat_Min">56</SimpleData>
					<SimpleData name="lat_100th_">63</SimpleData>
					<SimpleData name="long_Deg">121</SimpleData>
					<SimpleData name="long_Min">37</SimpleData>
					<SimpleData name="long_100th">31</SimpleData>
					<SimpleData name="trans_lat">37.5663</SimpleData>
					<SimpleData name="trans_long">-121.373</SimpleData>
					<SimpleData name="calc_lat">37.9438</SimpleData>
					<SimpleData name="calc_long">-121.622</SimpleData>
					<SimpleData name="direction">ns</SimpleData>
					<SimpleData name="area_name">Sacramento/San Joaquin Delta</SimpleData>
				</SchemaData>
			</ExtendedData>
			<Point>
				<coordinates>-121.6218333333333,37.94383333333331,0</coordinates>
			</Point>
		</Placemark>
		<Placemark>
			<name>33</name>
			<styleUrl>#pointStyleMap</styleUrl>
			<Style id="inline">
				<IconStyle>
					<color>ffe7ebef</color>
					<colorMode>normal</colorMode>
				</IconStyle>
				<LineStyle>
					<color>ffe7ebef</color>
					<colorMode>normal</colorMode>
				</LineStyle>
				<PolyStyle>
					<color>ffe7ebef</color>
					<colorMode>normal</colorMode>
				</PolyStyle>
			</Style>
			<ExtendedData>
				<SchemaData schemaUrl="#S_CABPOP_POINTS_DDSDDDDDDDDDDSS">
					<SimpleData name="Wpt__">33</SimpleData>
					<SimpleData name="Seg">19</SimpleData>
					<SimpleData name="Transect_L">to W of Woodbridge(RR)</SimpleData>
					<SimpleData name="lat__Deg">38</SimpleData>
					<SimpleData name="lat_Min">7</SimpleData>
					<SimpleData name="lat_100th_">95</SimpleData>
					<SimpleData name="long_Deg">121</SimpleData>
					<SimpleData name="long_Min">23</SimpleData>
					<SimpleData name="long_100th">67</SimpleData>
					<SimpleData name="trans_lat">38.0795</SimpleData>
					<SimpleData name="trans_long">-121.237</SimpleData>
					<SimpleData name="calc_lat">38.1325</SimpleData>
					<SimpleData name="calc_long">-121.394</SimpleData>
					<SimpleData name="direction">ns</SimpleData>
					<SimpleData name="area_name">Sacramento/San Joaquin Delta</SimpleData>
				</SchemaData>
			</ExtendedData>
			<Point>
				<coordinates>-121.3945,38.13249999999997,0</coordinates>
			</Point>
		</Placemark>
		<Placemark>
			<name>34</name>
			<styleUrl>#pointStyleMap</styleUrl>
			<Style id="inline">
				<IconStyle>
					<color>ffe7ebef</color>
					<colorMode>normal</colorMode>
				</IconStyle>
				<LineStyle>
					<color>ffe7ebef</color>
					<colorMode>normal</colorMode>
				</LineStyle>
				<PolyStyle>
					<color>ffe7ebef</color>
					<colorMode>normal</colorMode>
				</PolyStyle>
			</Style>
			<ExtendedData>
				<SchemaData schemaUrl="#S_CABPOP_POINTS_DDSDDDDDDDDDDSS">
					<SimpleData name="Wpt__">34</SimpleData>
					<SimpleData name="Seg">20</SimpleData>
					<SimpleData name="Transect_L">Wright Tract</SimpleData>
					<SimpleData name="lat__Deg">38</SimpleData>
					<SimpleData name="lat_Min">0</SimpleData>
					<SimpleData name="lat_100th_">78</SimpleData>
					<SimpleData name="long_Deg">121</SimpleData>
					<SimpleData name="long_Min">21</SimpleData>
					<SimpleData name="long_100th">53</SimpleData>
					<SimpleData name="trans_lat">38.0078</SimpleData>
					<SimpleData name="trans_long">-121.215</SimpleData>
					<SimpleData name="calc_lat">38.013</SimpleData>
					<SimpleData name="calc_long">-121.359</SimpleData>
					<SimpleData name="direction">ns</SimpleData>
					<SimpleData name="area_name">Sacramento/San Joaquin Delta</SimpleData>
				</SchemaData>
			</ExtendedData>
			<Point>
				<coordinates>-121.3588333333333,38.01299999999999,0</coordinates>
			</Point>
		</Placemark>
		<Placemark>
			<name>35</name>
			<styleUrl>#pointStyleMap</styleUrl>
			<Style id="inline">
				<IconStyle>
					<color>ffe7ebef</color>
					<colorMode>normal</colorMode>
				</IconStyle>
				<LineStyle>
					<color>ffe7ebef</color>
					<colorMode>normal</colorMode>
				</LineStyle>
				<PolyStyle>
					<color>ffe7ebef</color>
					<colorMode>normal</colorMode>
				</PolyStyle>
			</Style>
			<ExtendedData>
				<SchemaData schemaUrl="#S_CABPOP_POINTS_DDSDDDDDDDDDDSS">
					<SimpleData name="Wpt__">35</SimpleData>
					<SimpleData name="Seg">20</SimpleData>
					<SimpleData name="Transect_L">to SE of Byron(RR)</SimpleData>
					<SimpleData name="lat__Deg">37</SimpleData>
					<SimpleData name="lat_Min">49</SimpleData>
					<SimpleData name="lat_100th_">46</SimpleData>
					<SimpleData name="long_Deg">121</SimpleData>
					<SimpleData name="long_Min">35</SimpleData>
					<SimpleData name="long_100th">14</SimpleData>
					<SimpleData name="trans_lat">37.4946</SimpleData>
					<SimpleData name="trans_long">-121.351</SimpleData>
					<SimpleData name="calc_lat">37.8243</SimpleData>
					<SimpleData name="calc_long">-121.586</SimpleData>
					<SimpleData name="direction">ns</SimpleData>
					<SimpleData name="area_name">Sacramento/San Joaquin Delta</SimpleData>
				</SchemaData>
			</ExtendedData>
			<Point>
				<coordinates>-121.5856666666667,37.82433333333333,0</coordinates>
			</Point>
		</Placemark>
		<Placemark>
			<name>36</name>
			<styleUrl>#pointStyleMap</styleUrl>
			<Style id="inline">
				<IconStyle>
					<color>ffe7ebef</color>
					<colorMode>normal</colorMode>
				</IconStyle>
				<LineStyle>
					<color>ffe7ebef</color>
					<colorMode>normal</colorMode>
				</LineStyle>
				<PolyStyle>
					<color>ffe7ebef</color>
					<colorMode>normal</colorMode>
				</PolyStyle>
			</Style>
			<ExtendedData>
				<SchemaData schemaUrl="#S_CABPOP_POINTS_DDSDDDDDDDDDDSS">
					<SimpleData name="Wpt__">36</SimpleData>
					<SimpleData name="Seg">21</SimpleData>
					<SimpleData name="Transect_L">Bethany</SimpleData>
					<SimpleData name="lat__Deg">37</SimpleData>
					<SimpleData name="lat_Min">44</SimpleData>
					<SimpleData name="lat_100th_">6</SimpleData>
					<SimpleData name="long_Deg">121</SimpleData>
					<SimpleData name="long_Min">32</SimpleData>
					<SimpleData name="long_100th">38</SimpleData>
					<SimpleData name="trans_lat">37.4406</SimpleData>
					<SimpleData name="trans_long">-121.324</SimpleData>
					<SimpleData name="calc_lat">37.7343</SimpleData>
					<SimpleData name="calc_long">-121.54</SimpleData>
					<SimpleData name="direction">ns</SimpleData>
					<SimpleData name="area_name">San Joaquin Grasslands</SimpleData>
				</SchemaData>
			</ExtendedData>
			<Point>
				<coordinates>-121.5396666666667,37.73433333333334,0</coordinates>
			</Point>
		</Placemark>
		<Placemark>
			<name>37</name>
			<styleUrl>#pointStyleMap</styleUrl>
			<Style id="inline">
				<IconStyle>
					<color>ffe7ebef</color>
					<colorMode>normal</colorMode>
				</IconStyle>
				<LineStyle>
					<color>ffe7ebef</color>
					<colorMode>normal</colorMode>
				</LineStyle>
				<PolyStyle>
					<color>ffe7ebef</color>
					<colorMode>normal</colorMode>
				</PolyStyle>
			</Style>
			<ExtendedData>
				<SchemaData schemaUrl="#S_CABPOP_POINTS_DDSDDDDDDDDDDSS">
					<SimpleData name="Wpt__">37</SimpleData>
					<SimpleData name="Seg">21</SimpleData>
					<SimpleData name="Transect_L">to Stockton</SimpleData>
					<SimpleData name="lat__Deg">37</SimpleData>
					<SimpleData name="lat_Min">55</SimpleData>
					<SimpleData name="lat_100th_">38</SimpleData>
					<SimpleData name="long_Deg">121</SimpleData>
					<SimpleData name="long_Min">18</SimpleData>
					<SimpleData name="long_100th">78</SimpleData>
					<SimpleData name="trans_lat">37.5538</SimpleData>
					<SimpleData name="trans_long">-121.188</SimpleData>
					<SimpleData name="calc_lat">37.923</SimpleData>
					<SimpleData name="calc_long">-121.313</SimpleData>
					<SimpleData name="direction">ns</SimpleData>
					<SimpleData name="area_name">San Joaquin Grasslands</SimpleData>
				</SchemaData>
			</ExtendedData>
			<Point>
				<coordinates>-121.313,37.923,0</coordinates>
			</Point>
		</Placemark>
		<Placemark>
			<name>38</name>
			<styleUrl>#pointStyleMap</styleUrl>
			<Style id="inline">
				<IconStyle>
					<color>ffe7ebef</color>
					<colorMode>normal</colorMode>
				</IconStyle>
				<LineStyle>
					<color>ffe7ebef</color>
					<colorMode>normal</colorMode>
				</LineStyle>
				<PolyStyle>
					<color>ffe7ebef</color>
					<colorMode>normal</colorMode>
				</PolyStyle>
			</Style>
			<ExtendedData>
				<SchemaData schemaUrl="#S_CABPOP_POINTS_DDSDDDDDDDDDDSS">
					<SimpleData name="Wpt__">38</SimpleData>
					<SimpleData name="Seg">22</SimpleData>
					<SimpleData name="Transect_L">NE of Five Corners(RR)</SimpleData>
					<SimpleData name="lat__Deg">37</SimpleData>
					<SimpleData name="lat_Min">51</SimpleData>
					<SimpleData name="lat_100th_">93</SimpleData>
					<SimpleData name="long_Deg">121</SimpleData>
					<SimpleData name="long_Min">6</SimpleData>
					<SimpleData name="long_100th">27</SimpleData>
					<SimpleData name="trans_lat">37.5193</SimpleData>
					<SimpleData name="trans_long">-121.063</SimpleData>
					<SimpleData name="calc_lat">37.8655</SimpleData>
					<SimpleData name="calc_long">-121.105</SimpleData>
					<SimpleData name="direction">ns</SimpleData>
					<SimpleData name="area_name">San Joaquin Grasslands</SimpleData>
				</SchemaData>
			</ExtendedData>
			<Point>
				<coordinates>-121.1045,37.86549999999998,0</coordinates>
			</Point>
		</Placemark>
		<Placemark>
			<name>39</name>
			<styleUrl>#pointStyleMap</styleUrl>
			<Style id="inline">
				<IconStyle>
					<color>ffe7ebef</color>
					<colorMode>normal</colorMode>
				</IconStyle>
				<LineStyle>
					<color>ffe7ebef</color>
					<colorMode>normal</colorMode>
				</LineStyle>
				<PolyStyle>
					<color>ffe7ebef</color>
					<colorMode>normal</colorMode>
				</PolyStyle>
			</Style>
			<ExtendedData>
				<SchemaData schemaUrl="#S_CABPOP_POINTS_DDSDDDDDDDDDDSS">
					<SimpleData name="Wpt__">39</SimpleData>
					<SimpleData name="Seg">22</SimpleData>
					<SimpleData name="Transect_L">to NW of Vernalis(Hwy33)</SimpleData>
					<SimpleData name="lat__Deg">37</SimpleData>
					<SimpleData name="lat_Min">40</SimpleData>
					<SimpleData name="lat_100th_">61</SimpleData>
					<SimpleData name="long_Deg">121</SimpleData>
					<SimpleData name="long_Min">19</SimpleData>
					<SimpleData name="long_100th">86</SimpleData>
					<SimpleData name="trans_lat">37.4061</SimpleData>
					<SimpleData name="trans_long">-121.199</SimpleData>
					<SimpleData name="calc_lat">37.6768</SimpleData>
					<SimpleData name="calc_long">-121.331</SimpleData>
					<SimpleData name="direction">ns</SimpleData>
					<SimpleData name="area_name">San Joaquin Grasslands</SimpleData>
				</SchemaData>
			</ExtendedData>
			<Point>
				<coordinates>-121.331,37.67683333333332,0</coordinates>
			</Point>
		</Placemark>
		<Placemark>
			<name>40</name>
			<styleUrl>#pointStyleMap</styleUrl>
			<Style id="inline">
				<IconStyle>
					<color>ffe7ebef</color>
					<colorMode>normal</colorMode>
				</IconStyle>
				<LineStyle>
					<color>ffe7ebef</color>
					<colorMode>normal</colorMode>
				</LineStyle>
				<PolyStyle>
					<color>ffe7ebef</color>
					<colorMode>normal</colorMode>
				</PolyStyle>
			</Style>
			<ExtendedData>
				<SchemaData schemaUrl="#S_CABPOP_POINTS_DDSDDDDDDDDDDSS">
					<SimpleData name="Wpt__">40</SimpleData>
					<SimpleData name="Seg">23</SimpleData>
					<SimpleData name="Transect_L">W of Westly</SimpleData>
					<SimpleData name="lat__Deg">37</SimpleData>
					<SimpleData name="lat_Min">31</SimpleData>
					<SimpleData name="lat_100th_">43</SimpleData>
					<SimpleData name="long_Deg">121</SimpleData>
					<SimpleData name="long_Min">14</SimpleData>
					<SimpleData name="long_100th">35</SimpleData>
					<SimpleData name="trans_lat">37.3143</SimpleData>
					<SimpleData name="trans_long">-121.144</SimpleData>
					<SimpleData name="calc_lat">37.5238</SimpleData>
					<SimpleData name="calc_long">-121.239</SimpleData>
					<SimpleData name="direction">ns</SimpleData>
					<SimpleData name="area_name">San Joaquin Grasslands</SimpleData>
				</SchemaData>
			</ExtendedData>
			<Point>
				<coordinates>-121.2391666666667,37.52383333333331,0</coordinates>
			</Point>
		</Placemark>
		<Placemark>
			<name>41</name>
			<styleUrl>#pointStyleMap</styleUrl>
			<Style id="inline">
				<IconStyle>
					<color>ffe7ebef</color>
					<colorMode>normal</colorMode>
				</IconStyle>
				<LineStyle>
					<color>ffe7ebef</color>
					<colorMode>normal</colorMode>
				</LineStyle>
				<PolyStyle>
					<color>ffe7ebef</color>
					<colorMode>normal</colorMode>
				</PolyStyle>
			</Style>
			<ExtendedData>
				<SchemaData schemaUrl="#S_CABPOP_POINTS_DDSDDDDDDDDDDSS">
					<SimpleData name="Wpt__">41</SimpleData>
					<SimpleData name="Seg">23</SimpleData>
					<SimpleData name="Transect_L">to N of Modesto(Hwy219)</SimpleData>
					<SimpleData name="lat__Deg">37</SimpleData>
					<SimpleData name="lat_Min">42</SimpleData>
					<SimpleData name="lat_100th_">75</SimpleData>
					<SimpleData name="long_Deg">121</SimpleData>
					<SimpleData name="long_Min">0</SimpleData>
					<SimpleData name="long_100th">79</SimpleData>
					<SimpleData name="trans_lat">37.4275</SimpleData>
					<SimpleData name="trans_long">-121.008</SimpleData>
					<SimpleData name="calc_lat">37.7125</SimpleData>
					<SimpleData name="calc_long">-121.013</SimpleData>
					<SimpleData name="direction">ns</SimpleData>
					<SimpleData name="area_name">San Joaquin Grasslands</SimpleData>
				</SchemaData>
			</ExtendedData>
			<Point>
				<coordinates>-121.0131666666667,37.71250000000002,0</coordinates>
			</Point>
		</Placemark>
		<Placemark>
			<name>42</name>
			<styleUrl>#pointStyleMap</styleUrl>
			<Style id="inline">
				<IconStyle>
					<color>ffe7ebef</color>
					<colorMode>normal</colorMode>
				</IconStyle>
				<LineStyle>
					<color>ffe7ebef</color>
					<colorMode>normal</colorMode>
				</LineStyle>
				<PolyStyle>
					<color>ffe7ebef</color>
					<colorMode>normal</colorMode>
				</PolyStyle>
			</Style>
			<ExtendedData>
				<SchemaData schemaUrl="#S_CABPOP_POINTS_DDSDDDDDDDDDDSS">
					<SimpleData name="Wpt__">42</SimpleData>
					<SimpleData name="Seg">24</SimpleData>
					<SimpleData name="Transect_L">E of Ceres (RR)</SimpleData>
					<SimpleData name="lat__Deg">37</SimpleData>
					<SimpleData name="lat_Min">36</SimpleData>
					<SimpleData name="lat_100th_">22</SimpleData>
					<SimpleData name="long_Deg">120</SimpleData>
					<SimpleData name="long_Min">52</SimpleData>
					<SimpleData name="long_100th">2</SimpleData>
					<SimpleData name="trans_lat">37.3622</SimpleData>
					<SimpleData name="trans_long">-120.52</SimpleData>
					<SimpleData name="calc_lat">37.6037</SimpleData>
					<SimpleData name="calc_long">-120.867</SimpleData>
					<SimpleData name="direction">ns</SimpleData>
					<SimpleData name="area_name">San Joaquin Grasslands</SimpleData>
				</SchemaData>
			</ExtendedData>
			<Point>
				<coordinates>-120.867,37.60366666666666,0</coordinates>
			</Point>
		</Placemark>
		<Placemark>
			<name>43</name>
			<styleUrl>#pointStyleMap</styleUrl>
			<Style id="inline">
				<IconStyle>
					<color>ffe7ebef</color>
					<colorMode>normal</colorMode>
				</IconStyle>
				<LineStyle>
					<color>ffe7ebef</color>
					<colorMode>normal</colorMode>
				</LineStyle>
				<PolyStyle>
					<color>ffe7ebef</color>
					<colorMode>normal</colorMode>
				</PolyStyle>
			</Style>
			<ExtendedData>
				<SchemaData schemaUrl="#S_CABPOP_POINTS_DDSDDDDDDDDDDSS">
					<SimpleData name="Wpt__">43</SimpleData>
					<SimpleData name="Seg">24</SimpleData>
					<SimpleData name="Transect_L">to N of Crows Landing</SimpleData>
					<SimpleData name="lat__Deg">37</SimpleData>
					<SimpleData name="lat_Min">24</SimpleData>
					<SimpleData name="lat_100th_">90</SimpleData>
					<SimpleData name="long_Deg">121</SimpleData>
					<SimpleData name="long_Min">5</SimpleData>
					<SimpleData name="long_100th">56</SimpleData>
					<SimpleData name="trans_lat">37.249</SimpleData>
					<SimpleData name="trans_long">-121.056</SimpleData>
					<SimpleData name="calc_lat">37.415</SimpleData>
					<SimpleData name="calc_long">-121.093</SimpleData>
					<SimpleData name="direction">ns</SimpleData>
					<SimpleData name="area_name">San Joaquin Grasslands</SimpleData>
				</SchemaData>
			</ExtendedData>
			<Point>
				<coordinates>-121.0926666666667,37.41499999999999,0</coordinates>
			</Point>
		</Placemark>
		<Placemark>
			<name>44</name>
			<styleUrl>#pointStyleMap</styleUrl>
			<Style id="inline">
				<IconStyle>
					<color>ffe7ebef</color>
					<colorMode>normal</colorMode>
				</IconStyle>
				<LineStyle>
					<color>ffe7ebef</color>
					<colorMode>normal</colorMode>
				</LineStyle>
				<PolyStyle>
					<color>ffe7ebef</color>
					<colorMode>normal</colorMode>
				</PolyStyle>
			</Style>
			<ExtendedData>
				<SchemaData schemaUrl="#S_CABPOP_POINTS_DDSDDDDDDDDDDSS">
					<SimpleData name="Wpt__">44</SimpleData>
					<SimpleData name="Seg">25</SimpleData>
					<SimpleData name="Transect_L">SW of Gustine (Aqueduct)</SimpleData>
					<SimpleData name="lat__Deg">37</SimpleData>
					<SimpleData name="lat_Min">11</SimpleData>
					<SimpleData name="lat_100th_">91</SimpleData>
					<SimpleData name="long_Deg">121</SimpleData>
					<SimpleData name="long_Min">4</SimpleData>
					<SimpleData name="long_100th">21</SimpleData>
					<SimpleData name="trans_lat">37.1191</SimpleData>
					<SimpleData name="trans_long">-121.042</SimpleData>
					<SimpleData name="calc_lat">37.1985</SimpleData>
					<SimpleData name="calc_long">-121.07</SimpleData>
					<SimpleData name="direction">ns</SimpleData>
					<SimpleData name="area_name">San Joaquin Grasslands</SimpleData>
				</SchemaData>
			</ExtendedData>
			<Point>
				<coordinates>-121.0701666666667,37.19850000000001,0</coordinates>
			</Point>
		</Placemark>
		<Placemark>
			<name>45</name>
			<styleUrl>#pointStyleMap</styleUrl>
			<Style id="inline">
				<IconStyle>
					<color>ffe7ebef</color>
					<colorMode>normal</colorMode>
				</IconStyle>
				<LineStyle>
					<color>ffe7ebef</color>
					<colorMode>normal</colorMode>
				</LineStyle>
				<PolyStyle>
					<color>ffe7ebef</color>
					<colorMode>normal</colorMode>
				</PolyStyle>
			</Style>
			<ExtendedData>
				<SchemaData schemaUrl="#S_CABPOP_POINTS_DDSDDDDDDDDDDSS">
					<SimpleData name="Wpt__">45</SimpleData>
					<SimpleData name="Seg">26</SimpleData>
					<SimpleData name="Transect_L">to SW of Irwin</SimpleData>
					<SimpleData name="lat__Deg">37</SimpleData>
					<SimpleData name="lat_Min">23</SimpleData>
					<SimpleData name="lat_100th_">23</SimpleData>
					<SimpleData name="long_Deg">120</SimpleData>
					<SimpleData name="long_Min">50</SimpleData>
					<SimpleData name="long_100th">70</SimpleData>
					<SimpleData name="trans_lat">37.2323</SimpleData>
					<SimpleData name="trans_long">-120.507</SimpleData>
					<SimpleData name="calc_lat">37.3872</SimpleData>
					<SimpleData name="calc_long">-120.845</SimpleData>
					<SimpleData name="direction">ns</SimpleData>
					<SimpleData name="area_name">San Joaquin Grasslands</SimpleData>
				</SchemaData>
			</ExtendedData>
			<Point>
				<coordinates>-120.845,37.38716666666667,0</coordinates>
			</Point>
		</Placemark>
		<Placemark>
			<name>46</name>
			<styleUrl>#pointStyleMap</styleUrl>
			<Style id="inline">
				<IconStyle>
					<color>ffe7ebef</color>
					<colorMode>normal</colorMode>
				</IconStyle>
				<LineStyle>
					<color>ffe7ebef</color>
					<colorMode>normal</colorMode>
				</LineStyle>
				<PolyStyle>
					<color>ffe7ebef</color>
					<colorMode>normal</colorMode>
				</PolyStyle>
			</Style>
			<ExtendedData>
				<SchemaData schemaUrl="#S_CABPOP_POINTS_DDSDDDDDDDDDDSS">
					<SimpleData name="Wpt__">46</SimpleData>
					<SimpleData name="Seg">26</SimpleData>
					<SimpleData name="Transect_L">to SW of Turlock Lake</SimpleData>
					<SimpleData name="lat__Deg">37</SimpleData>
					<SimpleData name="lat_Min">34</SimpleData>
					<SimpleData name="lat_100th_">55</SimpleData>
					<SimpleData name="long_Deg">120</SimpleData>
					<SimpleData name="long_Min">37</SimpleData>
					<SimpleData name="long_100th">17</SimpleData>
					<SimpleData name="trans_lat">37.3455</SimpleData>
					<SimpleData name="trans_long">-120.372</SimpleData>
					<SimpleData name="calc_lat">37.5758</SimpleData>
					<SimpleData name="calc_long">-120.62</SimpleData>
					<SimpleData name="direction">ns</SimpleData>
					<SimpleData name="area_name">San Joaquin Grasslands</SimpleData>
				</SchemaData>
			</ExtendedData>
			<Point>
				<coordinates>-120.6195,37.57583333333334,0</coordinates>
			</Point>
		</Placemark>
		<Placemark>
			<name>47</name>
			<styleUrl>#pointStyleMap</styleUrl>
			<Style id="inline">
				<IconStyle>
					<color>ffe7ebef</color>
					<colorMode>normal</colorMode>
				</IconStyle>
				<LineStyle>
					<color>ffe7ebef</color>
					<colorMode>normal</colorMode>
				</LineStyle>
				<PolyStyle>
					<color>ffe7ebef</color>
					<colorMode>normal</colorMode>
				</PolyStyle>
			</Style>
			<ExtendedData>
				<SchemaData schemaUrl="#S_CABPOP_POINTS_DDSDDDDDDDDDDSS">
					<SimpleData name="Wpt__">47</SimpleData>
					<SimpleData name="Seg">27</SimpleData>
					<SimpleData name="Transect_L">SW of Atwater</SimpleData>
					<SimpleData name="lat__Deg">37</SimpleData>
					<SimpleData name="lat_Min">19</SimpleData>
					<SimpleData name="lat_100th_">87</SimpleData>
					<SimpleData name="long_Deg">120</SimpleData>
					<SimpleData name="long_Min">38</SimpleData>
					<SimpleData name="long_100th">75</SimpleData>
					<SimpleData name="trans_lat">37.1987</SimpleData>
					<SimpleData name="trans_long">-120.388</SimpleData>
					<SimpleData name="calc_lat">37.3312</SimpleData>
					<SimpleData name="calc_long">-120.646</SimpleData>
					<SimpleData name="direction">ns</SimpleData>
					<SimpleData name="area_name">San Joaquin Grasslands</SimpleData>
				</SchemaData>
			</ExtendedData>
			<Point>
				<coordinates>-120.6458333333333,37.33116666666667,0</coordinates>
			</Point>
		</Placemark>
		<Placemark>
			<name>48</name>
			<styleUrl>#pointStyleMap</styleUrl>
			<Style id="inline">
				<IconStyle>
					<color>ffe7ebef</color>
					<colorMode>normal</colorMode>
				</IconStyle>
				<LineStyle>
					<color>ffe7ebef</color>
					<colorMode>normal</colorMode>
				</LineStyle>
				<PolyStyle>
					<color>ffe7ebef</color>
					<colorMode>normal</colorMode>
				</PolyStyle>
			</Style>
			<ExtendedData>
				<SchemaData schemaUrl="#S_CABPOP_POINTS_DDSDDDDDDDDDDSS">
					<SimpleData name="Wpt__">48</SimpleData>
					<SimpleData name="Seg">27</SimpleData>
					<SimpleData name="Transect_L">to W of Santa Fe Canal</SimpleData>
					<SimpleData name="lat__Deg">37</SimpleData>
					<SimpleData name="lat_Min">8</SimpleData>
					<SimpleData name="lat_100th_">55</SimpleData>
					<SimpleData name="long_Deg">120</SimpleData>
					<SimpleData name="long_Min">52</SimpleData>
					<SimpleData name="long_100th">24</SimpleData>
					<SimpleData name="trans_lat">37.0855</SimpleData>
					<SimpleData name="trans_long">-120.522</SimpleData>
					<SimpleData name="calc_lat">37.1425</SimpleData>
					<SimpleData name="calc_long">-120.871</SimpleData>
					<SimpleData name="direction">ns</SimpleData>
					<SimpleData name="area_name">San Joaquin Grasslands</SimpleData>
				</SchemaData>
			</ExtendedData>
			<Point>
				<coordinates>-120.8706666666667,37.14250000000001,0</coordinates>
			</Point>
		</Placemark>
		<Placemark>
			<name>49</name>
			<styleUrl>#pointStyleMap</styleUrl>
			<Style id="inline">
				<IconStyle>
					<color>ffe7ebef</color>
					<colorMode>normal</colorMode>
				</IconStyle>
				<LineStyle>
					<color>ffe7ebef</color>
					<colorMode>normal</colorMode>
				</LineStyle>
				<PolyStyle>
					<color>ffe7ebef</color>
					<colorMode>normal</colorMode>
				</PolyStyle>
			</Style>
			<ExtendedData>
				<SchemaData schemaUrl="#S_CABPOP_POINTS_DDSDDDDDDDDDDSS">
					<SimpleData name="Wpt__">49</SimpleData>
					<SimpleData name="Seg">28</SimpleData>
					<SimpleData name="Transect_L">S of Los Banos(Aqueduct)</SimpleData>
					<SimpleData name="lat__Deg">36</SimpleData>
					<SimpleData name="lat_Min">56</SimpleData>
					<SimpleData name="lat_100th_">51</SimpleData>
					<SimpleData name="long_Deg">120</SimpleData>
					<SimpleData name="long_Min">50</SimpleData>
					<SimpleData name="long_100th">50</SimpleData>
					<SimpleData name="trans_lat">36.5651</SimpleData>
					<SimpleData name="trans_long">-120.505</SimpleData>
					<SimpleData name="calc_lat">36.9418</SimpleData>
					<SimpleData name="calc_long">-120.842</SimpleData>
					<SimpleData name="direction">ns</SimpleData>
					<SimpleData name="area_name">San Joaquin Grasslands</SimpleData>
				</SchemaData>
			</ExtendedData>
			<Point>
				<coordinates>-120.8416666666667,36.9418333333333,0</coordinates>
			</Point>
		</Placemark>
		<Placemark>
			<name>50</name>
			<styleUrl>#pointStyleMap</styleUrl>
			<Style id="inline">
				<IconStyle>
					<color>ffe7ebef</color>
					<colorMode>normal</colorMode>
				</IconStyle>
				<LineStyle>
					<color>ffe7ebef</color>
					<colorMode>normal</colorMode>
				</LineStyle>
				<PolyStyle>
					<color>ffe7ebef</color>
					<colorMode>normal</colorMode>
				</PolyStyle>
			</Style>
			<ExtendedData>
				<SchemaData schemaUrl="#S_CABPOP_POINTS_DDSDDDDDDDDDDSS">
					<SimpleData name="Wpt__">50</SimpleData>
					<SimpleData name="Seg">29</SimpleData>
					<SimpleData name="Transect_L">to Sand Slough</SimpleData>
					<SimpleData name="lat__Deg">37</SimpleData>
					<SimpleData name="lat_Min">8</SimpleData>
					<SimpleData name="lat_100th_">15</SimpleData>
					<SimpleData name="long_Deg">120</SimpleData>
					<SimpleData name="long_Min">37</SimpleData>
					<SimpleData name="long_100th">46</SimpleData>
					<SimpleData name="trans_lat">37.0815</SimpleData>
					<SimpleData name="trans_long">-120.375</SimpleData>
					<SimpleData name="calc_lat">37.1358</SimpleData>
					<SimpleData name="calc_long">-120.624</SimpleData>
					<SimpleData name="direction">ns</SimpleData>
					<SimpleData name="area_name">San Joaquin Grasslands</SimpleData>
				</SchemaData>
			</ExtendedData>
			<Point>
				<coordinates>-120.6243333333333,37.13583333333333,0</coordinates>
			</Point>
		</Placemark>
		<Placemark>
			<name>51</name>
			<styleUrl>#pointStyleMap</styleUrl>
			<Style id="inline">
				<IconStyle>
					<color>ffe7ebef</color>
					<colorMode>normal</colorMode>
				</IconStyle>
				<LineStyle>
					<color>ffe7ebef</color>
					<colorMode>normal</colorMode>
				</LineStyle>
				<PolyStyle>
					<color>ffe7ebef</color>
					<colorMode>normal</colorMode>
				</PolyStyle>
			</Style>
			<ExtendedData>
				<SchemaData schemaUrl="#S_CABPOP_POINTS_DDSDDDDDDDDDDSS">
					<SimpleData name="Wpt__">51</SimpleData>
					<SimpleData name="Seg">29</SimpleData>
					<SimpleData name="Transect_L">to E of Merced</SimpleData>
					<SimpleData name="lat__Deg">37</SimpleData>
					<SimpleData name="lat_Min">19</SimpleData>
					<SimpleData name="lat_100th_">74</SimpleData>
					<SimpleData name="long_Deg">120</SimpleData>
					<SimpleData name="long_Min">24</SimpleData>
					<SimpleData name="long_100th">36</SimpleData>
					<SimpleData name="trans_lat">37.1974</SimpleData>
					<SimpleData name="trans_long">-120.244</SimpleData>
					<SimpleData name="calc_lat">37.329</SimpleData>
					<SimpleData name="calc_long">-120.406</SimpleData>
					<SimpleData name="direction">ns</SimpleData>
					<SimpleData name="area_name">San Joaquin Grasslands</SimpleData>
				</SchemaData>
			</ExtendedData>
			<Point>
				<coordinates>-120.406,37.32900000000002,0</coordinates>
			</Point>
		</Placemark>
		<Placemark>
			<name>52</name>
			<styleUrl>#pointStyleMap</styleUrl>
			<Style id="inline">
				<IconStyle>
					<color>ffe7ebef</color>
					<colorMode>normal</colorMode>
				</IconStyle>
				<LineStyle>
					<color>ffe7ebef</color>
					<colorMode>normal</colorMode>
				</LineStyle>
				<PolyStyle>
					<color>ffe7ebef</color>
					<colorMode>normal</colorMode>
				</PolyStyle>
			</Style>
			<ExtendedData>
				<SchemaData schemaUrl="#S_CABPOP_POINTS_DDSDDDDDDDDDDSS">
					<SimpleData name="Wpt__">52</SimpleData>
					<SimpleData name="Seg">30</SimpleData>
					<SimpleData name="Transect_L">N of Chowchilla</SimpleData>
					<SimpleData name="lat__Deg">37</SimpleData>
					<SimpleData name="lat_Min">11</SimpleData>
					<SimpleData name="lat_100th_">71</SimpleData>
					<SimpleData name="long_Deg">120</SimpleData>
					<SimpleData name="long_Min">16</SimpleData>
					<SimpleData name="long_100th">89</SimpleData>
					<SimpleData name="trans_lat">37.1171</SimpleData>
					<SimpleData name="trans_long">-120.169</SimpleData>
					<SimpleData name="calc_lat">37.1952</SimpleData>
					<SimpleData name="calc_long">-120.281</SimpleData>
					<SimpleData name="direction">ns</SimpleData>
					<SimpleData name="area_name">San Joaquin Desert</SimpleData>
				</SchemaData>
			</ExtendedData>
			<Point>
				<coordinates>-120.2815,37.19516666666665,0</coordinates>
			</Point>
		</Placemark>
		<Placemark>
			<name>53</name>
			<styleUrl>#pointStyleMap</styleUrl>
			<Style id="inline">
				<IconStyle>
					<color>ffe7ebef</color>
					<colorMode>normal</colorMode>
				</IconStyle>
				<LineStyle>
					<color>ffe7ebef</color>
					<colorMode>normal</colorMode>
				</LineStyle>
				<PolyStyle>
					<color>ffe7ebef</color>
					<colorMode>normal</colorMode>
				</PolyStyle>
			</Style>
			<ExtendedData>
				<SchemaData schemaUrl="#S_CABPOP_POINTS_DDSDDDDDDDDDDSS">
					<SimpleData name="Wpt__">53</SimpleData>
					<SimpleData name="Seg">31</SimpleData>
					<SimpleData name="Transect_L">Fresno/San Joaquin river</SimpleData>
					<SimpleData name="lat__Deg">37</SimpleData>
					<SimpleData name="lat_Min">0</SimpleData>
					<SimpleData name="lat_100th_">10</SimpleData>
					<SimpleData name="long_Deg">120</SimpleData>
					<SimpleData name="long_Min">29</SimpleData>
					<SimpleData name="long_100th">95</SimpleData>
					<SimpleData name="trans_lat">37.001</SimpleData>
					<SimpleData name="trans_long">-120.299</SimpleData>
					<SimpleData name="calc_lat">37.0017</SimpleData>
					<SimpleData name="calc_long">-120.499</SimpleData>
					<SimpleData name="direction">ns</SimpleData>
					<SimpleData name="area_name">San Joaquin Desert</SimpleData>
				</SchemaData>
			</ExtendedData>
			<Point>
				<coordinates>-120.4991666666667,37.00166666666667,0</coordinates>
			</Point>
		</Placemark>
		<Placemark>
			<name>54</name>
			<styleUrl>#pointStyleMap</styleUrl>
			<Style id="inline">
				<IconStyle>
					<color>ffe7ebef</color>
					<colorMode>normal</colorMode>
				</IconStyle>
				<LineStyle>
					<color>ffe7ebef</color>
					<colorMode>normal</colorMode>
				</LineStyle>
				<PolyStyle>
					<color>ffe7ebef</color>
					<colorMode>normal</colorMode>
				</PolyStyle>
			</Style>
			<ExtendedData>
				<SchemaData schemaUrl="#S_CABPOP_POINTS_DDSDDDDDDDDDDSS">
					<SimpleData name="Wpt__">54</SimpleData>
					<SimpleData name="Seg">31</SimpleData>
					<SimpleData name="Transect_L">to SW of Oro Loma(Aqued)</SimpleData>
					<SimpleData name="lat__Deg">36</SimpleData>
					<SimpleData name="lat_Min">48</SimpleData>
					<SimpleData name="lat_100th_">45</SimpleData>
					<SimpleData name="long_Deg">120</SimpleData>
					<SimpleData name="long_Min">42</SimpleData>
					<SimpleData name="long_100th">95</SimpleData>
					<SimpleData name="trans_lat">36.4845</SimpleData>
					<SimpleData name="trans_long">-120.43</SimpleData>
					<SimpleData name="calc_lat">36.8075</SimpleData>
					<SimpleData name="calc_long">-120.716</SimpleData>
					<SimpleData name="direction">ns</SimpleData>
					<SimpleData name="area_name">San Joaquin Desert</SimpleData>
				</SchemaData>
			</ExtendedData>
			<Point>
				<coordinates>-120.7158333333333,36.80750000000001,0</coordinates>
			</Point>
		</Placemark>
		<Placemark>
			<name>55</name>
			<styleUrl>#pointStyleMap</styleUrl>
			<Style id="inline">
				<IconStyle>
					<color>ffe7ebef</color>
					<colorMode>normal</colorMode>
				</IconStyle>
				<LineStyle>
					<color>ffe7ebef</color>
					<colorMode>normal</colorMode>
				</LineStyle>
				<PolyStyle>
					<color>ffe7ebef</color>
					<colorMode>normal</colorMode>
				</PolyStyle>
			</Style>
			<ExtendedData>
				<SchemaData schemaUrl="#S_CABPOP_POINTS_DDSDDDDDDDDDDSS">
					<SimpleData name="Wpt__">55</SimpleData>
					<SimpleData name="Seg">32</SimpleData>
					<SimpleData name="Transect_L">N of Panoche Jct.</SimpleData>
					<SimpleData name="lat__Deg">36</SimpleData>
					<SimpleData name="lat_Min">32</SimpleData>
					<SimpleData name="lat_100th_">99</SimpleData>
					<SimpleData name="long_Deg">120</SimpleData>
					<SimpleData name="long_Min">29</SimpleData>
					<SimpleData name="long_100th">40</SimpleData>
					<SimpleData name="trans_lat">36.3299</SimpleData>
					<SimpleData name="trans_long">-120.294</SimpleData>
					<SimpleData name="calc_lat">36.5498</SimpleData>
					<SimpleData name="calc_long">-120.49</SimpleData>
					<SimpleData name="direction">ns</SimpleData>
					<SimpleData name="area_name">San Joaquin Desert</SimpleData>
				</SchemaData>
			</ExtendedData>
			<Point>
				<coordinates>-120.49,36.54983333333333,0</coordinates>
			</Point>
		</Placemark>
		<Placemark>
			<name>56</name>
			<styleUrl>#pointStyleMap</styleUrl>
			<Style id="inline">
				<IconStyle>
					<color>ffe7ebef</color>
					<colorMode>normal</colorMode>
				</IconStyle>
				<LineStyle>
					<color>ffe7ebef</color>
					<colorMode>normal</colorMode>
				</LineStyle>
				<PolyStyle>
					<color>ffe7ebef</color>
					<colorMode>normal</colorMode>
				</PolyStyle>
			</Style>
			<ExtendedData>
				<SchemaData schemaUrl="#S_CABPOP_POINTS_DDSDDDDDDDDDDSS">
					<SimpleData name="Wpt__">56</SimpleData>
					<SimpleData name="Seg">33</SimpleData>
					<SimpleData name="Transect_L">to N Hwy. 180</SimpleData>
					<SimpleData name="lat__Deg">36</SimpleData>
					<SimpleData name="lat_Min">44</SimpleData>
					<SimpleData name="lat_100th_">67</SimpleData>
					<SimpleData name="long_Deg">120</SimpleData>
					<SimpleData name="long_Min">15</SimpleData>
					<SimpleData name="long_100th">48</SimpleData>
					<SimpleData name="trans_lat">36.4467</SimpleData>
					<SimpleData name="trans_long">-120.155</SimpleData>
					<SimpleData name="calc_lat">36.7445</SimpleData>
					<SimpleData name="calc_long">-120.258</SimpleData>
					<SimpleData name="direction">ns</SimpleData>
					<SimpleData name="area_name">San Joaquin Desert</SimpleData>
				</SchemaData>
			</ExtendedData>
			<Point>
				<coordinates>-120.258,36.74450000000003,0</coordinates>
			</Point>
		</Placemark>
		<Placemark>
			<name>57</name>
			<styleUrl>#pointStyleMap</styleUrl>
			<Style id="inline">
				<IconStyle>
					<color>ffe7ebef</color>
					<colorMode>normal</colorMode>
				</IconStyle>
				<LineStyle>
					<color>ffe7ebef</color>
					<colorMode>normal</colorMode>
				</LineStyle>
				<PolyStyle>
					<color>ffe7ebef</color>
					<colorMode>normal</colorMode>
				</PolyStyle>
			</Style>
			<ExtendedData>
				<SchemaData schemaUrl="#S_CABPOP_POINTS_DDSDDDDDDDDDDSS">
					<SimpleData name="Wpt__">57</SimpleData>
					<SimpleData name="Seg">33</SimpleData>
					<SimpleData name="Transect_L">to E of Madera(Hwy 99)</SimpleData>
					<SimpleData name="lat__Deg">36</SimpleData>
					<SimpleData name="lat_Min">55</SimpleData>
					<SimpleData name="lat_100th_">63</SimpleData>
					<SimpleData name="long_Deg">120</SimpleData>
					<SimpleData name="long_Min">1</SimpleData>
					<SimpleData name="long_100th">60</SimpleData>
					<SimpleData name="trans_lat">36.5563</SimpleData>
					<SimpleData name="trans_long">-120.016</SimpleData>
					<SimpleData name="calc_lat">36.9272</SimpleData>
					<SimpleData name="calc_long">-120.027</SimpleData>
					<SimpleData name="direction">ns</SimpleData>
					<SimpleData name="area_name">San Joaquin Desert</SimpleData>
				</SchemaData>
			</ExtendedData>
			<Point>
				<coordinates>-120.0266666666667,36.92716666666666,0</coordinates>
			</Point>
		</Placemark>
		<Placemark>
			<name>58</name>
			<styleUrl>#pointStyleMap</styleUrl>
			<Style id="inline">
				<IconStyle>
					<color>ffe7ebef</color>
					<colorMode>normal</colorMode>
				</IconStyle>
				<LineStyle>
					<color>ffe7ebef</color>
					<colorMode>normal</colorMode>
				</LineStyle>
				<PolyStyle>
					<color>ffe7ebef</color>
					<colorMode>normal</colorMode>
				</PolyStyle>
			</Style>
			<ExtendedData>
				<SchemaData schemaUrl="#S_CABPOP_POINTS_DDSDDDDDDDDDDSS">
					<SimpleData name="Wpt__">58</SimpleData>
					<SimpleData name="Seg">34</SimpleData>
					<SimpleData name="Transect_L">S of Fresno (Hwy 99)</SimpleData>
					<SimpleData name="lat__Deg">36</SimpleData>
					<SimpleData name="lat_Min">41</SimpleData>
					<SimpleData name="lat_100th_">27</SimpleData>
					<SimpleData name="long_Deg">119</SimpleData>
					<SimpleData name="long_Min">45</SimpleData>
					<SimpleData name="long_100th">89</SimpleData>
					<SimpleData name="trans_lat">36.4127</SimpleData>
					<SimpleData name="trans_long">-119.459</SimpleData>
					<SimpleData name="calc_lat">36.6878</SimpleData>
					<SimpleData name="calc_long">-119.765</SimpleData>
					<SimpleData name="direction">ns</SimpleData>
					<SimpleData name="area_name">San Joaquin Desert</SimpleData>
				</SchemaData>
			</ExtendedData>
			<Point>
				<coordinates>-119.7648333333333,36.68783333333336,0</coordinates>
			</Point>
		</Placemark>
		<Placemark>
			<name>59</name>
			<styleUrl>#pointStyleMap</styleUrl>
			<Style id="inline">
				<IconStyle>
					<color>ffe7ebef</color>
					<colorMode>normal</colorMode>
				</IconStyle>
				<LineStyle>
					<color>ffe7ebef</color>
					<colorMode>normal</colorMode>
				</LineStyle>
				<PolyStyle>
					<color>ffe7ebef</color>
					<colorMode>normal</colorMode>
				</PolyStyle>
			</Style>
			<ExtendedData>
				<SchemaData schemaUrl="#S_CABPOP_POINTS_DDSDDDDDDDDDDSS">
					<SimpleData name="Wpt__">59</SimpleData>
					<SimpleData name="Seg">35</SimpleData>
					<SimpleData name="Transect_L">to NW of Burrel</SimpleData>
					<SimpleData name="lat__Deg">36</SimpleData>
					<SimpleData name="lat_Min">29</SimpleData>
					<SimpleData name="lat_100th_">95</SimpleData>
					<SimpleData name="long_Deg">119</SimpleData>
					<SimpleData name="long_Min">59</SimpleData>
					<SimpleData name="long_100th">27</SimpleData>
					<SimpleData name="trans_lat">36.2995</SimpleData>
					<SimpleData name="trans_long">-119.593</SimpleData>
					<SimpleData name="calc_lat">36.4992</SimpleData>
					<SimpleData name="calc_long">-119.988</SimpleData>
					<SimpleData name="direction">ns</SimpleData>
					<SimpleData name="area_name">San Joaquin Desert</SimpleData>
				</SchemaData>
			</ExtendedData>
			<Point>
				<coordinates>-119.9878333333333,36.49916666666665,0</coordinates>
			</Point>
		</Placemark>
		<Placemark>
			<name>60</name>
			<styleUrl>#pointStyleMap</styleUrl>
			<Style id="inline">
				<IconStyle>
					<color>ffe7ebef</color>
					<colorMode>normal</colorMode>
				</IconStyle>
				<LineStyle>
					<color>ffe7ebef</color>
					<colorMode>normal</colorMode>
				</LineStyle>
				<PolyStyle>
					<color>ffe7ebef</color>
					<colorMode>normal</colorMode>
				</PolyStyle>
			</Style>
			<ExtendedData>
				<SchemaData schemaUrl="#S_CABPOP_POINTS_DDSDDDDDDDDDDSS">
					<SimpleData name="Wpt__">60</SimpleData>
					<SimpleData name="Seg">35</SimpleData>
					<SimpleData name="Transect_L">to SE of Harris Ranch(Aq)</SimpleData>
					<SimpleData name="lat__Deg">36</SimpleData>
					<SimpleData name="lat_Min">18</SimpleData>
					<SimpleData name="lat_100th_">63</SimpleData>
					<SimpleData name="long_Deg">120</SimpleData>
					<SimpleData name="long_Min">12</SimpleData>
					<SimpleData name="long_100th">61</SimpleData>
					<SimpleData name="trans_lat">36.1863</SimpleData>
					<SimpleData name="trans_long">-120.126</SimpleData>
					<SimpleData name="calc_lat">36.3105</SimpleData>
					<SimpleData name="calc_long">-120.21</SimpleData>
					<SimpleData name="direction">ns</SimpleData>
					<SimpleData name="area_name">San Joaquin Desert</SimpleData>
				</SchemaData>
			</ExtendedData>
			<Point>
				<coordinates>-120.2101666666667,36.31049999999999,0</coordinates>
			</Point>
		</Placemark>
		<Placemark>
			<name>61</name>
			<styleUrl>#pointStyleMap</styleUrl>
			<Style id="inline">
				<IconStyle>
					<color>ffe7ebef</color>
					<colorMode>normal</colorMode>
				</IconStyle>
				<LineStyle>
					<color>ffe7ebef</color>
					<colorMode>normal</colorMode>
				</LineStyle>
				<PolyStyle>
					<color>ffe7ebef</color>
					<colorMode>normal</colorMode>
				</PolyStyle>
			</Style>
			<ExtendedData>
				<SchemaData schemaUrl="#S_CABPOP_POINTS_DDSDDDDDDDDDDSS">
					<SimpleData name="Wpt__">61</SimpleData>
					<SimpleData name="Seg">36</SimpleData>
					<SimpleData name="Transect_L">NW of Kettleman City</SimpleData>
					<SimpleData name="lat__Deg">36</SimpleData>
					<SimpleData name="lat_Min">4</SimpleData>
					<SimpleData name="lat_100th_">33</SimpleData>
					<SimpleData name="long_Deg">119</SimpleData>
					<SimpleData name="long_Min">57</SimpleData>
					<SimpleData name="long_100th">91</SimpleData>
					<SimpleData name="trans_lat">36.0433</SimpleData>
					<SimpleData name="trans_long">-119.579</SimpleData>
					<SimpleData name="calc_lat">36.0722</SimpleData>
					<SimpleData name="calc_long">-119.965</SimpleData>
					<SimpleData name="direction">ns</SimpleData>
					<SimpleData name="area_name">San Joaquin Desert</SimpleData>
				</SchemaData>
			</ExtendedData>
			<Point>
				<coordinates>-119.9651666666667,36.07216666666669,0</coordinates>
			</Point>
		</Placemark>
		<Placemark>
			<name>62</name>
			<styleUrl>#pointStyleMap</styleUrl>
			<Style id="inline">
				<IconStyle>
					<color>ffe7ebef</color>
					<colorMode>normal</colorMode>
				</IconStyle>
				<LineStyle>
					<color>ffe7ebef</color>
					<colorMode>normal</colorMode>
				</LineStyle>
				<PolyStyle>
					<color>ffe7ebef</color>
					<colorMode>normal</colorMode>
				</PolyStyle>
			</Style>
			<ExtendedData>
				<SchemaData schemaUrl="#S_CABPOP_POINTS_DDSDDDDDDDDDDSS">
					<SimpleData name="Wpt__">62</SimpleData>
					<SimpleData name="Seg">37</SimpleData>
					<SimpleData name="Transect_L">to S of Lemoore</SimpleData>
					<SimpleData name="lat__Deg">36</SimpleData>
					<SimpleData name="lat_Min">15</SimpleData>
					<SimpleData name="lat_100th_">69</SimpleData>
					<SimpleData name="long_Deg">119</SimpleData>
					<SimpleData name="long_Min">44</SimpleData>
					<SimpleData name="long_100th">64</SimpleData>
					<SimpleData name="trans_lat">36.1569</SimpleData>
					<SimpleData name="trans_long">-119.446</SimpleData>
					<SimpleData name="calc_lat">36.2615</SimpleData>
					<SimpleData name="calc_long">-119.744</SimpleData>
					<SimpleData name="direction">ns</SimpleData>
					<SimpleData name="area_name">San Joaquin Desert</SimpleData>
				</SchemaData>
			</ExtendedData>
			<Point>
				<coordinates>-119.744,36.26150000000003,0</coordinates>
			</Point>
		</Placemark>
		<Placemark>
			<name>63</name>
			<styleUrl>#pointStyleMap</styleUrl>
			<Style id="inline">
				<IconStyle>
					<color>ffe7ebef</color>
					<colorMode>normal</colorMode>
				</IconStyle>
				<LineStyle>
					<color>ffe7ebef</color>
					<colorMode>normal</colorMode>
				</LineStyle>
				<PolyStyle>
					<color>ffe7ebef</color>
					<colorMode>normal</colorMode>
				</PolyStyle>
			</Style>
			<ExtendedData>
				<SchemaData schemaUrl="#S_CABPOP_POINTS_DDSDDDDDDDDDDSS">
					<SimpleData name="Wpt__">63</SimpleData>
					<SimpleData name="Seg">37</SimpleData>
					<SimpleData name="Transect_L">to Traver(Hwy 99)</SimpleData>
					<SimpleData name="lat__Deg">36</SimpleData>
					<SimpleData name="lat_Min">27</SimpleData>
					<SimpleData name="lat_100th_">1</SimpleData>
					<SimpleData name="long_Deg">119</SimpleData>
					<SimpleData name="long_Min">31</SimpleData>
					<SimpleData name="long_100th">32</SimpleData>
					<SimpleData name="trans_lat">36.2701</SimpleData>
					<SimpleData name="trans_long">-119.313</SimpleData>
					<SimpleData name="calc_lat">36.4502</SimpleData>
					<SimpleData name="calc_long">-119.522</SimpleData>
					<SimpleData name="direction">ns</SimpleData>
					<SimpleData name="area_name">San Joaquin Desert</SimpleData>
				</SchemaData>
			</ExtendedData>
			<Point>
				<coordinates>-119.522,36.45016666666665,0</coordinates>
			</Point>
		</Placemark>
		<Placemark>
			<name>64</name>
			<styleUrl>#pointStyleMap</styleUrl>
			<Style id="inline">
				<IconStyle>
					<color>ffe7ebef</color>
					<colorMode>normal</colorMode>
				</IconStyle>
				<LineStyle>
					<color>ffe7ebef</color>
					<colorMode>normal</colorMode>
				</LineStyle>
				<PolyStyle>
					<color>ffe7ebef</color>
					<colorMode>normal</colorMode>
				</PolyStyle>
			</Style>
			<ExtendedData>
				<SchemaData schemaUrl="#S_CABPOP_POINTS_DDSDDDDDDDDDDSS">
					<SimpleData name="Wpt__">64</SimpleData>
					<SimpleData name="Seg">38</SimpleData>
					<SimpleData name="Transect_L">S of Tulare (Hwy 99)</SimpleData>
					<SimpleData name="lat__Deg">36</SimpleData>
					<SimpleData name="lat_Min">9</SimpleData>
					<SimpleData name="lat_100th_">24</SimpleData>
					<SimpleData name="long_Deg">119</SimpleData>
					<SimpleData name="long_Min">17</SimpleData>
					<SimpleData name="long_100th">71</SimpleData>
					<SimpleData name="trans_lat">36.0924</SimpleData>
					<SimpleData name="trans_long">-119.177</SimpleData>
					<SimpleData name="calc_lat">36.154</SimpleData>
					<SimpleData name="calc_long">-119.295</SimpleData>
					<SimpleData name="direction">ns</SimpleData>
					<SimpleData name="area_name">San Joaquin Desert</SimpleData>
				</SchemaData>
			</ExtendedData>
			<Point>
				<coordinates>-119.2951666666667,36.154,0</coordinates>
			</Point>
		</Placemark>
		<Placemark>
			<name>65</name>
			<styleUrl>#pointStyleMap</styleUrl>
			<Style id="inline">
				<IconStyle>
					<color>ffe7ebef</color>
					<colorMode>normal</colorMode>
				</IconStyle>
				<LineStyle>
					<color>ffe7ebef</color>
					<colorMode>normal</colorMode>
				</LineStyle>
				<PolyStyle>
					<color>ffe7ebef</color>
					<colorMode>normal</colorMode>
				</PolyStyle>
			</Style>
			<ExtendedData>
				<SchemaData schemaUrl="#S_CABPOP_POINTS_DDSDDDDDDDDDDSS">
					<SimpleData name="Wpt__">65</SimpleData>
					<SimpleData name="Seg">39</SimpleData>
					<SimpleData name="Transect_L">to NE of Homeland Canal</SimpleData>
					<SimpleData name="lat__Deg">35</SimpleData>
					<SimpleData name="lat_Min">57</SimpleData>
					<SimpleData name="lat_100th_">89</SimpleData>
					<SimpleData name="long_Deg">119</SimpleData>
					<SimpleData name="long_Min">31</SimpleData>
					<SimpleData name="long_100th">90</SimpleData>
					<SimpleData name="trans_lat">35.5789</SimpleData>
					<SimpleData name="trans_long">-119.319</SimpleData>
					<SimpleData name="calc_lat">35.9648</SimpleData>
					<SimpleData name="calc_long">-119.532</SimpleData>
					<SimpleData name="direction">ns</SimpleData>
					<SimpleData name="area_name">San Joaquin Desert</SimpleData>
				</SchemaData>
			</ExtendedData>
			<Point>
				<coordinates>-119.5316666666667,35.96483333333333,0</coordinates>
			</Point>
		</Placemark>
		<Placemark>
			<name>66</name>
			<styleUrl>#pointStyleMap</styleUrl>
			<Style id="inline">
				<IconStyle>
					<color>ffe7ebef</color>
					<colorMode>normal</colorMode>
				</IconStyle>
				<LineStyle>
					<color>ffe7ebef</color>
					<colorMode>normal</colorMode>
				</LineStyle>
				<PolyStyle>
					<color>ffe7ebef</color>
					<colorMode>normal</colorMode>
				</PolyStyle>
			</Style>
			<ExtendedData>
				<SchemaData schemaUrl="#S_CABPOP_POINTS_DDSDDDDDDDDDDSS">
					<SimpleData name="Wpt__">66</SimpleData>
					<SimpleData name="Seg">39</SimpleData>
					<SimpleData name="Transect_L">to Antelope Plain(SW I-5)</SimpleData>
					<SimpleData name="lat__Deg">35</SimpleData>
					<SimpleData name="lat_Min">46</SimpleData>
					<SimpleData name="lat_100th_">50</SimpleData>
					<SimpleData name="long_Deg">119</SimpleData>
					<SimpleData name="long_Min">45</SimpleData>
					<SimpleData name="long_100th">8</SimpleData>
					<SimpleData name="trans_lat">35.465</SimpleData>
					<SimpleData name="trans_long">-119.451</SimpleData>
					<SimpleData name="calc_lat">35.775</SimpleData>
					<SimpleData name="calc_long">-119.751</SimpleData>
					<SimpleData name="direction">ns</SimpleData>
					<SimpleData name="area_name">San Joaquin Desert</SimpleData>
				</SchemaData>
			</ExtendedData>
			<Point>
				<coordinates>-119.7513333333333,35.775,0</coordinates>
			</Point>
		</Placemark>
		<Placemark>
			<name>67</name>
			<styleUrl>#pointStyleMap</styleUrl>
			<Style id="inline">
				<IconStyle>
					<color>ffe7ebef</color>
					<colorMode>normal</colorMode>
				</IconStyle>
				<LineStyle>
					<color>ffe7ebef</color>
					<colorMode>normal</colorMode>
				</LineStyle>
				<PolyStyle>
					<color>ffe7ebef</color>
					<colorMode>normal</colorMode>
				</PolyStyle>
			</Style>
			<ExtendedData>
				<SchemaData schemaUrl="#S_CABPOP_POINTS_DDSDDDDDDDDDDSS">
					<SimpleData name="Wpt__">67</SimpleData>
					<SimpleData name="Seg">40</SimpleData>
					<SimpleData name="Transect_L">SW of Goose Lake Bed</SimpleData>
					<SimpleData name="lat__Deg">35</SimpleData>
					<SimpleData name="lat_Min">30</SimpleData>
					<SimpleData name="lat_100th_">2</SimpleData>
					<SimpleData name="long_Deg">119</SimpleData>
					<SimpleData name="long_Min">33</SimpleData>
					<SimpleData name="long_100th">49</SimpleData>
					<SimpleData name="trans_lat">35.3002</SimpleData>
					<SimpleData name="trans_long">-119.335</SimpleData>
					<SimpleData name="calc_lat">35.5003</SimpleData>
					<SimpleData name="calc_long">-119.558</SimpleData>
					<SimpleData name="direction">ns</SimpleData>
					<SimpleData name="area_name">San Joaquin Desert</SimpleData>
				</SchemaData>
			</ExtendedData>
			<Point>
				<coordinates>-119.5581666666667,35.50033333333333,0</coordinates>
			</Point>
		</Placemark>
		<Placemark>
			<name>68</name>
			<styleUrl>#pointStyleMap</styleUrl>
			<Style id="inline">
				<IconStyle>
					<color>ffe7ebef</color>
					<colorMode>normal</colorMode>
				</IconStyle>
				<LineStyle>
					<color>ffe7ebef</color>
					<colorMode>normal</colorMode>
				</LineStyle>
				<PolyStyle>
					<color>ffe7ebef</color>
					<colorMode>normal</colorMode>
				</PolyStyle>
			</Style>
			<ExtendedData>
				<SchemaData schemaUrl="#S_CABPOP_POINTS_DDSDDDDDDDDDDSS">
					<SimpleData name="Wpt__">68</SimpleData>
					<SimpleData name="Seg">40</SimpleData>
					<SimpleData name="Transect_L">to SE of Delano (Hwy 43)</SimpleData>
					<SimpleData name="lat__Deg">35</SimpleData>
					<SimpleData name="lat_Min">41</SimpleData>
					<SimpleData name="lat_100th_">20</SimpleData>
					<SimpleData name="long_Deg">119</SimpleData>
					<SimpleData name="long_Min">20</SimpleData>
					<SimpleData name="long_100th">11</SimpleData>
					<SimpleData name="trans_lat">35.412</SimpleData>
					<SimpleData name="trans_long">-119.201</SimpleData>
					<SimpleData name="calc_lat">35.6867</SimpleData>
					<SimpleData name="calc_long">-119.335</SimpleData>
					<SimpleData name="direction">ns</SimpleData>
					<SimpleData name="area_name">San Joaquin Desert</SimpleData>
				</SchemaData>
			</ExtendedData>
			<Point>
				<coordinates>-119.3351666666666,35.68666666666668,0</coordinates>
			</Point>
		</Placemark>
		<Placemark>
			<name>69</name>
			<styleUrl>#pointStyleMap</styleUrl>
			<Style id="inline">
				<IconStyle>
					<color>ffe7ebef</color>
					<colorMode>normal</colorMode>
				</IconStyle>
				<LineStyle>
					<color>ffe7ebef</color>
					<colorMode>normal</colorMode>
				</LineStyle>
				<PolyStyle>
					<color>ffe7ebef</color>
					<colorMode>normal</colorMode>
				</PolyStyle>
			</Style>
			<ExtendedData>
				<SchemaData schemaUrl="#S_CABPOP_POINTS_DDSDDDDDDDDDDSS">
					<SimpleData name="Wpt__">69</SimpleData>
					<SimpleData name="Seg">1</SimpleData>
					<SimpleData name="Transect_L">Nut Tree</SimpleData>
					<SimpleData name="lat__Deg">38</SimpleData>
					<SimpleData name="lat_Min">23</SimpleData>
					<SimpleData name="lat_100th_">50</SimpleData>
					<SimpleData name="long_Deg">122</SimpleData>
					<SimpleData name="long_Min">0</SimpleData>
					<SimpleData name="long_100th">0</SimpleData>
					<SimpleData name="trans_lat">38.235</SimpleData>
					<SimpleData name="trans_long">-122</SimpleData>
					<SimpleData name="calc_lat">38.3917</SimpleData>
					<SimpleData name="calc_long">-122</SimpleData>
					<SimpleData name="direction">sn</SimpleData>
					<SimpleData name="area_name">West Valley</SimpleData>
				</SchemaData>
			</ExtendedData>
			<Point>
				<coordinates>-122,38.39166666666666,0</coordinates>
			</Point>
		</Placemark>
		<Placemark>
			<name>70</name>
			<styleUrl>#pointStyleMap</styleUrl>
			<Style id="inline">
				<IconStyle>
					<color>ffe7ebef</color>
					<colorMode>normal</colorMode>
				</IconStyle>
				<LineStyle>
					<color>ffe7ebef</color>
					<colorMode>normal</colorMode>
				</LineStyle>
				<PolyStyle>
					<color>ffe7ebef</color>
					<colorMode>normal</colorMode>
				</PolyStyle>
			</Style>
			<ExtendedData>
				<SchemaData schemaUrl="#S_CABPOP_POINTS_DDSDDDDDDDDDDSS">
					<SimpleData name="Wpt__">70</SimpleData>
					<SimpleData name="Seg">2</SimpleData>
					<SimpleData name="Transect_L">to S of Esparto</SimpleData>
					<SimpleData name="lat__Deg">38</SimpleData>
					<SimpleData name="lat_Min">39</SimpleData>
					<SimpleData name="lat_100th_">12</SimpleData>
					<SimpleData name="long_Deg">122</SimpleData>
					<SimpleData name="long_Min">0</SimpleData>
					<SimpleData name="long_100th">14</SimpleData>
					<SimpleData name="trans_lat">38.3912</SimpleData>
					<SimpleData name="trans_long">-122.001</SimpleData>
					<SimpleData name="calc_lat">38.652</SimpleData>
					<SimpleData name="calc_long">-122.002</SimpleData>
					<SimpleData name="direction">sn</SimpleData>
					<SimpleData name="area_name">West Valley</SimpleData>
				</SchemaData>
			</ExtendedData>
			<Point>
				<coordinates>-122.0023333333333,38.65199999999998,0</coordinates>
			</Point>
		</Placemark>
		<Placemark>
			<name>71</name>
			<styleUrl>#pointStyleMap</styleUrl>
			<Style id="inline">
				<IconStyle>
					<color>ffe7ebef</color>
					<colorMode>normal</colorMode>
				</IconStyle>
				<LineStyle>
					<color>ffe7ebef</color>
					<colorMode>normal</colorMode>
				</LineStyle>
				<PolyStyle>
					<color>ffe7ebef</color>
					<colorMode>normal</colorMode>
				</PolyStyle>
			</Style>
			<ExtendedData>
				<SchemaData schemaUrl="#S_CABPOP_POINTS_DDSDDDDDDDDDDSS">
					<SimpleData name="Wpt__">71</SimpleData>
					<SimpleData name="Seg">2</SimpleData>
					<SimpleData name="Transect_L">to N of Dunnigan</SimpleData>
					<SimpleData name="lat__Deg">38</SimpleData>
					<SimpleData name="lat_Min">54</SimpleData>
					<SimpleData name="lat_100th_">73</SimpleData>
					<SimpleData name="long_Deg">122</SimpleData>
					<SimpleData name="long_Min">0</SimpleData>
					<SimpleData name="long_100th">28</SimpleData>
					<SimpleData name="trans_lat">38.5473</SimpleData>
					<SimpleData name="trans_long">-122.003</SimpleData>
					<SimpleData name="calc_lat">38.9122</SimpleData>
					<SimpleData name="calc_long">-122.005</SimpleData>
					<SimpleData name="direction">sn</SimpleData>
					<SimpleData name="area_name">West Valley</SimpleData>
				</SchemaData>
			</ExtendedData>
			<Point>
				<coordinates>-122.0046666666667,38.91216666666667,0</coordinates>
			</Point>
		</Placemark>
		<Placemark>
			<name>72</name>
			<styleUrl>#pointStyleMap</styleUrl>
			<Style id="inline">
				<IconStyle>
					<color>ffe7ebef</color>
					<colorMode>normal</colorMode>
				</IconStyle>
				<LineStyle>
					<color>ffe7ebef</color>
					<colorMode>normal</colorMode>
				</LineStyle>
				<PolyStyle>
					<color>ffe7ebef</color>
					<colorMode>normal</colorMode>
				</PolyStyle>
			</Style>
			<ExtendedData>
				<SchemaData schemaUrl="#S_CABPOP_POINTS_DDSDDDDDDDDDDSS">
					<SimpleData name="Wpt__">72</SimpleData>
					<SimpleData name="Seg">3</SimpleData>
					<SimpleData name="Transect_L">SW Willows</SimpleData>
					<SimpleData name="lat__Deg">39</SimpleData>
					<SimpleData name="lat_Min">26</SimpleData>
					<SimpleData name="lat_100th_">88</SimpleData>
					<SimpleData name="long_Deg">122</SimpleData>
					<SimpleData name="long_Min">19</SimpleData>
					<SimpleData name="long_100th">75</SimpleData>
					<SimpleData name="trans_lat">39.2688</SimpleData>
					<SimpleData name="trans_long">-122.198</SimpleData>
					<SimpleData name="calc_lat">39.448</SimpleData>
					<SimpleData name="calc_long">-122.329</SimpleData>
					<SimpleData name="direction">sn</SimpleData>
					<SimpleData name="area_name">West Valley</SimpleData>
				</SchemaData>
			</ExtendedData>
			<Point>
				<coordinates>-122.3291666666667,39.448,0</coordinates>
			</Point>
		</Placemark>
		<Placemark>
			<name>73</name>
			<styleUrl>#pointStyleMap</styleUrl>
			<Style id="inline">
				<IconStyle>
					<color>ffe7ebef</color>
					<colorMode>normal</colorMode>
				</IconStyle>
				<LineStyle>
					<color>ffe7ebef</color>
					<colorMode>normal</colorMode>
				</LineStyle>
				<PolyStyle>
					<color>ffe7ebef</color>
					<colorMode>normal</colorMode>
				</PolyStyle>
			</Style>
			<ExtendedData>
				<SchemaData schemaUrl="#S_CABPOP_POINTS_DDSDDDDDDDDDDSS">
					<SimpleData name="Wpt__">73</SimpleData>
					<SimpleData name="Seg">3</SimpleData>
					<SimpleData name="Transect_L">to W of Orland</SimpleData>
					<SimpleData name="lat__Deg">39</SimpleData>
					<SimpleData name="lat_Min">42</SimpleData>
					<SimpleData name="lat_100th_">50</SimpleData>
					<SimpleData name="long_Deg">122</SimpleData>
					<SimpleData name="long_Min">19</SimpleData>
					<SimpleData name="long_100th">71</SimpleData>
					<SimpleData name="trans_lat">39.425</SimpleData>
					<SimpleData name="trans_long">-122.197</SimpleData>
					<SimpleData name="calc_lat">39.7083</SimpleData>
					<SimpleData name="calc_long">-122.329</SimpleData>
					<SimpleData name="direction">sn</SimpleData>
					<SimpleData name="area_name">West Valley</SimpleData>
				</SchemaData>
			</ExtendedData>
			<Point>
				<coordinates>-122.3285,39.70833333333336,0</coordinates>
			</Point>
		</Placemark>
		<Placemark>
			<name>74</name>
			<styleUrl>#pointStyleMap</styleUrl>
			<Style id="inline">
				<IconStyle>
					<color>ffe7ebef</color>
					<colorMode>normal</colorMode>
				</IconStyle>
				<LineStyle>
					<color>ffe7ebef</color>
					<colorMode>normal</colorMode>
				</LineStyle>
				<PolyStyle>
					<color>ffe7ebef</color>
					<colorMode>normal</colorMode>
				</PolyStyle>
			</Style>
			<ExtendedData>
				<SchemaData schemaUrl="#S_CABPOP_POINTS_DDSDDDDDDDDDDSS">
					<SimpleData name="Wpt__">74</SimpleData>
					<SimpleData name="Seg">4</SimpleData>
					<SimpleData name="Transect_L">N of Red Bluff</SimpleData>
					<SimpleData name="lat__Deg">40</SimpleData>
					<SimpleData name="lat_Min">15</SimpleData>
					<SimpleData name="lat_100th_">75</SimpleData>
					<SimpleData name="long_Deg">122</SimpleData>
					<SimpleData name="long_Min">14</SimpleData>
					<SimpleData name="long_100th">75</SimpleData>
					<SimpleData name="trans_lat">40.1575</SimpleData>
					<SimpleData name="trans_long">-122.147</SimpleData>
					<SimpleData name="calc_lat">40.2625</SimpleData>
					<SimpleData name="calc_long">-122.246</SimpleData>
					<SimpleData name="direction">sn</SimpleData>
					<SimpleData name="area_name">East Valley</SimpleData>
				</SchemaData>
			</ExtendedData>
			<Point>
				<coordinates>-122.2458333333334,40.26249999999998,0</coordinates>
			</Point>
		</Placemark>
		<Placemark>
			<name>75</name>
			<styleUrl>#pointStyleMap</styleUrl>
			<Style id="inline">
				<IconStyle>
					<color>ffe7ebef</color>
					<colorMode>normal</colorMode>
				</IconStyle>
				<LineStyle>
					<color>ffe7ebef</color>
					<colorMode>normal</colorMode>
				</LineStyle>
				<PolyStyle>
					<color>ffe7ebef</color>
					<colorMode>normal</colorMode>
				</PolyStyle>
			</Style>
			<ExtendedData>
				<SchemaData schemaUrl="#S_CABPOP_POINTS_DDSDDDDDDDDDDSS">
					<SimpleData name="Wpt__">75</SimpleData>
					<SimpleData name="Seg">5</SimpleData>
					<SimpleData name="Transect_L">to W of Los Malinos</SimpleData>
					<SimpleData name="lat__Deg">40</SimpleData>
					<SimpleData name="lat_Min">2</SimpleData>
					<SimpleData name="lat_100th_">88</SimpleData>
					<SimpleData name="long_Deg">122</SimpleData>
					<SimpleData name="long_Min">3</SimpleData>
					<SimpleData name="long_100th">2</SimpleData>
					<SimpleData name="trans_lat">40.0288</SimpleData>
					<SimpleData name="trans_long">-122.032</SimpleData>
					<SimpleData name="calc_lat">40.048</SimpleData>
					<SimpleData name="calc_long">-122.05</SimpleData>
					<SimpleData name="direction">sn</SimpleData>
					<SimpleData name="area_name">East Valley</SimpleData>
				</SchemaData>
			</ExtendedData>
			<Point>
				<coordinates>-122.0503333333333,40.04800000000002,0</coordinates>
			</Point>
		</Placemark>
		<Placemark>
			<name>76</name>
			<styleUrl>#pointStyleMap</styleUrl>
			<Style id="inline">
				<IconStyle>
					<color>ffe7ebef</color>
					<colorMode>normal</colorMode>
				</IconStyle>
				<LineStyle>
					<color>ffe7ebef</color>
					<colorMode>normal</colorMode>
				</LineStyle>
				<PolyStyle>
					<color>ffe7ebef</color>
					<colorMode>normal</colorMode>
				</PolyStyle>
			</Style>
			<ExtendedData>
				<SchemaData schemaUrl="#S_CABPOP_POINTS_DDSDDDDDDDDDDSS">
					<SimpleData name="Wpt__">76</SimpleData>
					<SimpleData name="Seg">5</SimpleData>
					<SimpleData name="Transect_L">to Chico</SimpleData>
					<SimpleData name="lat__Deg">39</SimpleData>
					<SimpleData name="lat_Min">50</SimpleData>
					<SimpleData name="lat_100th_">1</SimpleData>
					<SimpleData name="long_Deg">121</SimpleData>
					<SimpleData name="long_Min">51</SimpleData>
					<SimpleData name="long_100th">70</SimpleData>
					<SimpleData name="trans_lat">39.5001</SimpleData>
					<SimpleData name="trans_long">-121.517</SimpleData>
					<SimpleData name="calc_lat">39.8335</SimpleData>
					<SimpleData name="calc_long">-121.862</SimpleData>
					<SimpleData name="direction">sn</SimpleData>
					<SimpleData name="area_name">East Valley</SimpleData>
				</SchemaData>
			</ExtendedData>
			<Point>
				<coordinates>-121.8616666666667,39.83350000000001,0</coordinates>
			</Point>
		</Placemark>
		<Placemark>
			<name>77</name>
			<styleUrl>#pointStyleMap</styleUrl>
			<Style id="inline">
				<IconStyle>
					<color>ffe7ebef</color>
					<colorMode>normal</colorMode>
				</IconStyle>
				<LineStyle>
					<color>ffe7ebef</color>
					<colorMode>normal</colorMode>
				</LineStyle>
				<PolyStyle>
					<color>ffe7ebef</color>
					<colorMode>normal</colorMode>
				</PolyStyle>
			</Style>
			<ExtendedData>
				<SchemaData schemaUrl="#S_CABPOP_POINTS_DDSDDDDDDDDDDSS">
					<SimpleData name="Wpt__">77</SimpleData>
					<SimpleData name="Seg">6</SimpleData>
					<SimpleData name="Transect_L">W of Lodi</SimpleData>
					<SimpleData name="lat__Deg">38</SimpleData>
					<SimpleData name="lat_Min">10</SimpleData>
					<SimpleData name="lat_100th_">77</SimpleData>
					<SimpleData name="long_Deg">121</SimpleData>
					<SimpleData name="long_Min">5</SimpleData>
					<SimpleData name="long_100th">18</SimpleData>
					<SimpleData name="trans_lat">38.1077</SimpleData>
					<SimpleData name="trans_long">-121.052</SimpleData>
					<SimpleData name="calc_lat">38.1795</SimpleData>
					<SimpleData name="calc_long">-121.086</SimpleData>
					<SimpleData name="direction">sn</SimpleData>
					<SimpleData name="area_name">East Valley</SimpleData>
				</SchemaData>
			</ExtendedData>
			<Point>
				<coordinates>-121.0863333333333,38.1795,0</coordinates>
			</Point>
		</Placemark>
		<Placemark>
			<name>78</name>
			<styleUrl>#pointStyleMap</styleUrl>
			<Style id="inline">
				<IconStyle>
					<color>ffe7ebef</color>
					<colorMode>normal</colorMode>
				</IconStyle>
				<LineStyle>
					<color>ffe7ebef</color>
					<colorMode>normal</colorMode>
				</LineStyle>
				<PolyStyle>
					<color>ffe7ebef</color>
					<colorMode>normal</colorMode>
				</PolyStyle>
			</Style>
			<ExtendedData>
				<SchemaData schemaUrl="#S_CABPOP_POINTS_DDSDDDDDDDDDDSS">
					<SimpleData name="Wpt__">78</SimpleData>
					<SimpleData name="Seg">7</SimpleData>
					<SimpleData name="Transect_L">to E of Farmington</SimpleData>
					<SimpleData name="lat__Deg">37</SimpleData>
					<SimpleData name="lat_Min">58</SimpleData>
					<SimpleData name="lat_100th_">21</SimpleData>
					<SimpleData name="long_Deg">120</SimpleData>
					<SimpleData name="long_Min">53</SimpleData>
					<SimpleData name="long_100th">40</SimpleData>
					<SimpleData name="trans_lat">37.5821</SimpleData>
					<SimpleData name="trans_long">-120.534</SimpleData>
					<SimpleData name="calc_lat">37.9702</SimpleData>
					<SimpleData name="calc_long">-120.89</SimpleData>
					<SimpleData name="direction">sn</SimpleData>
					<SimpleData name="area_name">East Valley</SimpleData>
				</SchemaData>
			</ExtendedData>
			<Point>
				<coordinates>-120.89,37.97016666666666,0</coordinates>
			</Point>
		</Placemark>
		<Placemark>
			<name>79</name>
			<styleUrl>#pointStyleMap</styleUrl>
			<Style id="inline">
				<IconStyle>
					<color>ffe7ebef</color>
					<colorMode>normal</colorMode>
				</IconStyle>
				<LineStyle>
					<color>ffe7ebef</color>
					<colorMode>normal</colorMode>
				</LineStyle>
				<PolyStyle>
					<color>ffe7ebef</color>
					<colorMode>normal</colorMode>
				</PolyStyle>
			</Style>
			<ExtendedData>
				<SchemaData schemaUrl="#S_CABPOP_POINTS_DDSDDDDDDDDDDSS">
					<SimpleData name="Wpt__">79</SimpleData>
					<SimpleData name="Seg">8</SimpleData>
					<SimpleData name="Transect_L">to E of Oakdale</SimpleData>
					<SimpleData name="lat__Deg">37</SimpleData>
					<SimpleData name="lat_Min">45</SimpleData>
					<SimpleData name="lat_100th_">76</SimpleData>
					<SimpleData name="long_Deg">120</SimpleData>
					<SimpleData name="long_Min">41</SimpleData>
					<SimpleData name="long_100th">49</SimpleData>
					<SimpleData name="trans_lat">37.4576</SimpleData>
					<SimpleData name="trans_long">-120.415</SimpleData>
					<SimpleData name="calc_lat">37.7627</SimpleData>
					<SimpleData name="calc_long">-120.692</SimpleData>
					<SimpleData name="direction">sn</SimpleData>
					<SimpleData name="area_name">East Valley</SimpleData>
				</SchemaData>
			</ExtendedData>
			<Point>
				<coordinates>-120.6915,37.76266666666665,0</coordinates>
			</Point>
		</Placemark>
		<Placemark>
			<name>80</name>
			<styleUrl>#pointStyleMap</styleUrl>
			<Style id="inline">
				<IconStyle>
					<color>ffe7ebef</color>
					<colorMode>normal</colorMode>
				</IconStyle>
				<LineStyle>
					<color>ffe7ebef</color>
					<colorMode>normal</colorMode>
				</LineStyle>
				<PolyStyle>
					<color>ffe7ebef</color>
					<colorMode>normal</colorMode>
				</PolyStyle>
			</Style>
			<ExtendedData>
				<SchemaData schemaUrl="#S_CABPOP_POINTS_DDSDDDDDDDDDDSS">
					<SimpleData name="Wpt__">80</SimpleData>
					<SimpleData name="Seg">9</SimpleData>
					<SimpleData name="Transect_L">to S of Turlock Lake</SimpleData>
					<SimpleData name="lat__Deg">37</SimpleData>
					<SimpleData name="lat_Min">33</SimpleData>
					<SimpleData name="lat_100th_">59</SimpleData>
					<SimpleData name="long_Deg">120</SimpleData>
					<SimpleData name="long_Min">28</SimpleData>
					<SimpleData name="long_100th">96</SimpleData>
					<SimpleData name="trans_lat">37.3359</SimpleData>
					<SimpleData name="trans_long">-120.29</SimpleData>
					<SimpleData name="calc_lat">37.5598</SimpleData>
					<SimpleData name="calc_long">-120.483</SimpleData>
					<SimpleData name="direction">sn</SimpleData>
					<SimpleData name="area_name">East Valley</SimpleData>
				</SchemaData>
			</ExtendedData>
			<Point>
				<coordinates>-120.4826666666667,37.55983333333332,0</coordinates>
			</Point>
		</Placemark>
		<Placemark>
			<name>81</name>
			<styleUrl>#pointStyleMap</styleUrl>
			<Style id="inline">
				<IconStyle>
					<color>ffe7ebef</color>
					<colorMode>normal</colorMode>
				</IconStyle>
				<LineStyle>
					<color>ffe7ebef</color>
					<colorMode>normal</colorMode>
				</LineStyle>
				<PolyStyle>
					<color>ffe7ebef</color>
					<colorMode>normal</colorMode>
				</PolyStyle>
			</Style>
			<ExtendedData>
				<SchemaData schemaUrl="#S_CABPOP_POINTS_DDSDDDDDDDDDDSS">
					<SimpleData name="Wpt__">81</SimpleData>
					<SimpleData name="Seg">10</SimpleData>
					<SimpleData name="Transect_L">to N of Planada</SimpleData>
					<SimpleData name="lat__Deg">37</SimpleData>
					<SimpleData name="lat_Min">21</SimpleData>
					<SimpleData name="lat_100th_">26</SimpleData>
					<SimpleData name="long_Deg">120</SimpleData>
					<SimpleData name="long_Min">16</SimpleData>
					<SimpleData name="long_100th">69</SimpleData>
					<SimpleData name="trans_lat">37.2126</SimpleData>
					<SimpleData name="trans_long">-120.167</SimpleData>
					<SimpleData name="calc_lat">37.3543</SimpleData>
					<SimpleData name="calc_long">-120.278</SimpleData>
					<SimpleData name="direction">sn</SimpleData>
					<SimpleData name="area_name">East Valley</SimpleData>
				</SchemaData>
			</ExtendedData>
			<Point>
				<coordinates>-120.2781666666667,37.35433333333332,0</coordinates>
			</Point>
		</Placemark>
		<Placemark>
			<name>82</name>
			<styleUrl>#pointStyleMap</styleUrl>
			<Style id="inline">
				<IconStyle>
					<color>ffe7ebef</color>
					<colorMode>normal</colorMode>
				</IconStyle>
				<LineStyle>
					<color>ffe7ebef</color>
					<colorMode>normal</colorMode>
				</LineStyle>
				<PolyStyle>
					<color>ffe7ebef</color>
					<colorMode>normal</colorMode>
				</PolyStyle>
			</Style>
			<ExtendedData>
				<SchemaData schemaUrl="#S_CABPOP_POINTS_DDSDDDDDDDDDDSS">
					<SimpleData name="Wpt__">82</SimpleData>
					<SimpleData name="Seg">11</SimpleData>
					<SimpleData name="Transect_L">to E of Chowchilla</SimpleData>
					<SimpleData name="lat__Deg">37</SimpleData>
					<SimpleData name="lat_Min">9</SimpleData>
					<SimpleData name="lat_100th_">7</SimpleData>
					<SimpleData name="long_Deg">120</SimpleData>
					<SimpleData name="long_Min">4</SimpleData>
					<SimpleData name="long_100th">49</SimpleData>
					<SimpleData name="trans_lat">37.0907</SimpleData>
					<SimpleData name="trans_long">-120.045</SimpleData>
					<SimpleData name="calc_lat">37.1512</SimpleData>
					<SimpleData name="calc_long">-120.075</SimpleData>
					<SimpleData name="direction">sn</SimpleData>
					<SimpleData name="area_name">East Valley</SimpleData>
				</SchemaData>
			</ExtendedData>
			<Point>
				<coordinates>-120.0748333333333,37.15116666666665,0</coordinates>
			</Point>
		</Placemark>
		<Placemark>
			<name>83</name>
			<styleUrl>#pointStyleMap</styleUrl>
			<Style id="inline">
				<IconStyle>
					<color>ffe7ebef</color>
					<colorMode>normal</colorMode>
				</IconStyle>
				<LineStyle>
					<color>ffe7ebef</color>
					<colorMode>normal</colorMode>
				</LineStyle>
				<PolyStyle>
					<color>ffe7ebef</color>
					<colorMode>normal</colorMode>
				</PolyStyle>
			</Style>
			<ExtendedData>
				<SchemaData schemaUrl="#S_CABPOP_POINTS_DDSDDDDDDDDDDSS">
					<SimpleData name="Wpt__">83</SimpleData>
					<SimpleData name="Seg">11</SimpleData>
					<SimpleData name="Transect_L">to Fresno</SimpleData>
					<SimpleData name="lat__Deg">36</SimpleData>
					<SimpleData name="lat_Min">56</SimpleData>
					<SimpleData name="lat_100th_">83</SimpleData>
					<SimpleData name="long_Deg">119</SimpleData>
					<SimpleData name="long_Min">52</SimpleData>
					<SimpleData name="long_100th">33</SimpleData>
					<SimpleData name="trans_lat">36.5683</SimpleData>
					<SimpleData name="trans_long">-119.523</SimpleData>
					<SimpleData name="calc_lat">36.9472</SimpleData>
					<SimpleData name="calc_long">-119.872</SimpleData>
					<SimpleData name="direction">sn</SimpleData>
					<SimpleData name="area_name">East Valley</SimpleData>
				</SchemaData>
			</ExtendedData>
			<Point>
				<coordinates>-119.8721666666667,36.94716666666663,0</coordinates>
			</Point>
		</Placemark>
		<Placemark>
			<name>101</name>
			<styleUrl>#pointStyleMap</styleUrl>
			<Style id="inline">
				<IconStyle>
					<color>ffe7ebef</color>
					<colorMode>normal</colorMode>
				</IconStyle>
				<LineStyle>
					<color>ffe7ebef</color>
					<colorMode>normal</colorMode>
				</LineStyle>
				<PolyStyle>
					<color>ffe7ebef</color>
					<colorMode>normal</colorMode>
				</PolyStyle>
			</Style>
			<ExtendedData>
				<SchemaData schemaUrl="#S_CABPOP_POINTS_DDSDDDDDDDDDDSS">
					<SimpleData name="Wpt__">101</SimpleData>
					<SimpleData name="Seg">1</SimpleData>
					<SimpleData name="Transect_L">Petaluma</SimpleData>
					<SimpleData name="lat__Deg">38</SimpleData>
					<SimpleData name="lat_Min">13</SimpleData>
					<SimpleData name="lat_100th_">95</SimpleData>
					<SimpleData name="long_Deg">122</SimpleData>
					<SimpleData name="long_Min">35</SimpleData>
					<SimpleData name="long_100th">79</SimpleData>
					<SimpleData name="trans_lat">38.1395</SimpleData>
					<SimpleData name="trans_long">-122.358</SimpleData>
					<SimpleData name="calc_lat">38.2325</SimpleData>
					<SimpleData name="calc_long">-122.597</SimpleData>
					<SimpleData name="direction">sn</SimpleData>
					<SimpleData name="area_name">Santa Rosa/Napa</SimpleData>
				</SchemaData>
			</ExtendedData>
			<Point>
				<coordinates>-122.5965,38.23249999999999,0</coordinates>
			</Point>
		</Placemark>
		<Placemark>
			<name>102</name>
			<styleUrl>#pointStyleMap</styleUrl>
			<Style id="inline">
				<IconStyle>
					<color>ffe7ebef</color>
					<colorMode>normal</colorMode>
				</IconStyle>
				<LineStyle>
					<color>ffe7ebef</color>
					<colorMode>normal</colorMode>
				</LineStyle>
				<PolyStyle>
					<color>ffe7ebef</color>
					<colorMode>normal</colorMode>
				</PolyStyle>
			</Style>
			<ExtendedData>
				<SchemaData schemaUrl="#S_CABPOP_POINTS_DDSDDDDDDDDDDSS">
					<SimpleData name="Wpt__">102</SimpleData>
					<SimpleData name="Seg">1</SimpleData>
					<SimpleData name="Transect_L">to Black Point</SimpleData>
					<SimpleData name="lat__Deg">38</SimpleData>
					<SimpleData name="lat_Min">7</SimpleData>
					<SimpleData name="lat_100th_">15</SimpleData>
					<SimpleData name="long_Deg">122</SimpleData>
					<SimpleData name="long_Min">30</SimpleData>
					<SimpleData name="long_100th">66</SimpleData>
					<SimpleData name="trans_lat">38.0715</SimpleData>
					<SimpleData name="trans_long">-122.307</SimpleData>
					<SimpleData name="calc_lat">38.1192</SimpleData>
					<SimpleData name="calc_long">-122.511</SimpleData>
					<SimpleData name="direction">sn</SimpleData>
					<SimpleData name="area_name">Santa Rosa/Napa</SimpleData>
				</SchemaData>
			</ExtendedData>
			<Point>
				<coordinates>-122.511,38.11916666666667,0</coordinates>
			</Point>
		</Placemark>
		<Placemark>
			<name>103</name>
			<styleUrl>#pointStyleMap</styleUrl>
			<Style id="inline">
				<IconStyle>
					<color>ffe7ebef</color>
					<colorMode>normal</colorMode>
				</IconStyle>
				<LineStyle>
					<color>ffe7ebef</color>
					<colorMode>normal</colorMode>
				</LineStyle>
				<PolyStyle>
					<color>ffe7ebef</color>
					<colorMode>normal</colorMode>
				</PolyStyle>
			</Style>
			<ExtendedData>
				<SchemaData schemaUrl="#S_CABPOP_POINTS_DDSDDDDDDDDDDSS">
					<SimpleData name="Wpt__">103</SimpleData>
					<SimpleData name="Seg">1</SimpleData>
					<SimpleData name="Transect_L">Midshipman Pt.</SimpleData>
					<SimpleData name="lat__Deg">38</SimpleData>
					<SimpleData name="lat_Min">7</SimpleData>
					<SimpleData name="lat_100th_">2</SimpleData>
					<SimpleData name="long_Deg">122</SimpleData>
					<SimpleData name="long_Min">26</SimpleData>
					<SimpleData name="long_100th">87</SimpleData>
					<SimpleData name="trans_lat">38.0702</SimpleData>
					<SimpleData name="trans_long">-122.269</SimpleData>
					<SimpleData name="calc_lat">38.117</SimpleData>
					<SimpleData name="calc_long">-122.448</SimpleData>
					<SimpleData name="direction">sn</SimpleData>
					<SimpleData name="area_name">Santa Rosa/Napa</SimpleData>
				</SchemaData>
			</ExtendedData>
			<Point>
				<coordinates>-122.4478333333333,38.11699999999999,0</coordinates>
			</Point>
		</Placemark>
		<Placemark>
			<name>104</name>
			<styleUrl>#pointStyleMap</styleUrl>
			<Style id="inline">
				<IconStyle>
					<color>ffe7ebef</color>
					<colorMode>normal</colorMode>
				</IconStyle>
				<LineStyle>
					<color>ffe7ebef</color>
					<colorMode>normal</colorMode>
				</LineStyle>
				<PolyStyle>
					<color>ffe7ebef</color>
					<colorMode>normal</colorMode>
				</PolyStyle>
			</Style>
			<ExtendedData>
				<SchemaData schemaUrl="#S_CABPOP_POINTS_DDSDDDDDDDDDDSS">
					<SimpleData name="Wpt__">104</SimpleData>
					<SimpleData name="Seg">1</SimpleData>
					<SimpleData name="Transect_L">to E of Schellville</SimpleData>
					<SimpleData name="lat__Deg">38</SimpleData>
					<SimpleData name="lat_Min">14</SimpleData>
					<SimpleData name="lat_100th_">53</SimpleData>
					<SimpleData name="long_Deg">122</SimpleData>
					<SimpleData name="long_Min">24</SimpleData>
					<SimpleData name="long_100th">12</SimpleData>
					<SimpleData name="trans_lat">38.1453</SimpleData>
					<SimpleData name="trans_long">-122.241</SimpleData>
					<SimpleData name="calc_lat">38.2422</SimpleData>
					<SimpleData name="calc_long">-122.402</SimpleData>
					<SimpleData name="direction">sn</SimpleData>
					<SimpleData name="area_name">Santa Rosa/Napa</SimpleData>
				</SchemaData>
			</ExtendedData>
			<Point>
				<coordinates>-122.402,38.24216666666668,0</coordinates>
			</Point>
		</Placemark>
		<Placemark>
			<name>105</name>
			<styleUrl>#pointStyleMap</styleUrl>
			<Style id="inline">
				<IconStyle>
					<color>ffe7ebef</color>
					<colorMode>normal</colorMode>
				</IconStyle>
				<LineStyle>
					<color>ffe7ebef</color>
					<colorMode>normal</colorMode>
				</LineStyle>
				<PolyStyle>
					<color>ffe7ebef</color>
					<colorMode>normal</colorMode>
				</PolyStyle>
			</Style>
			<ExtendedData>
				<SchemaData schemaUrl="#S_CABPOP_POINTS_DDSDDDDDDDDDDSS">
					<SimpleData name="Wpt__">105</SimpleData>
					<SimpleData name="Seg">2</SimpleData>
					<SimpleData name="Transect_L">SE of Shipyard Acres</SimpleData>
					<SimpleData name="lat__Deg">38</SimpleData>
					<SimpleData name="lat_Min">14</SimpleData>
					<SimpleData name="lat_100th_">53</SimpleData>
					<SimpleData name="long_Deg">122</SimpleData>
					<SimpleData name="long_Min">17</SimpleData>
					<SimpleData name="long_100th">67</SimpleData>
					<SimpleData name="trans_lat">38.1453</SimpleData>
					<SimpleData name="trans_long">-122.177</SimpleData>
					<SimpleData name="calc_lat">38.2422</SimpleData>
					<SimpleData name="calc_long">-122.294</SimpleData>
					<SimpleData name="direction">sn</SimpleData>
					<SimpleData name="area_name">Santa Rosa/Napa</SimpleData>
				</SchemaData>
			</ExtendedData>
			<Point>
				<coordinates>-122.2945,38.24216666666668,0</coordinates>
			</Point>
		</Placemark>
		<Placemark>
			<name>106</name>
			<styleUrl>#pointStyleMap</styleUrl>
			<Style id="inline">
				<IconStyle>
					<color>ffe7ebef</color>
					<colorMode>normal</colorMode>
				</IconStyle>
				<LineStyle>
					<color>ffe7ebef</color>
					<colorMode>normal</colorMode>
				</LineStyle>
				<PolyStyle>
					<color>ffe7ebef</color>
					<colorMode>normal</colorMode>
				</PolyStyle>
			</Style>
			<ExtendedData>
				<SchemaData schemaUrl="#S_CABPOP_POINTS_DDSDDDDDDDDDDSS">
					<SimpleData name="Wpt__">106</SimpleData>
					<SimpleData name="Seg">2</SimpleData>
					<SimpleData name="Transect_L">to Sonoma Creek</SimpleData>
					<SimpleData name="lat__Deg">38</SimpleData>
					<SimpleData name="lat_Min">9</SimpleData>
					<SimpleData name="lat_100th_">58</SimpleData>
					<SimpleData name="long_Deg">122</SimpleData>
					<SimpleData name="long_Min">25</SimpleData>
					<SimpleData name="long_100th">28</SimpleData>
					<SimpleData name="trans_lat">38.0958</SimpleData>
					<SimpleData name="trans_long">-122.253</SimpleData>
					<SimpleData name="calc_lat">38.1597</SimpleData>
					<SimpleData name="calc_long">-122.421</SimpleData>
					<SimpleData name="direction">sn</SimpleData>
					<SimpleData name="area_name">Santa Rosa/Napa</SimpleData>
				</SchemaData>
			</ExtendedData>
			<Point>
				<coordinates>-122.4213333333333,38.1596666666667,0</coordinates>
			</Point>
		</Placemark>
		<Placemark>
			<name>107</name>
			<styleUrl>#pointStyleMap</styleUrl>
			<Style id="inline">
				<IconStyle>
					<color>ffe7ebef</color>
					<colorMode>normal</colorMode>
				</IconStyle>
				<LineStyle>
					<color>ffe7ebef</color>
					<colorMode>normal</colorMode>
				</LineStyle>
				<PolyStyle>
					<color>ffe7ebef</color>
					<colorMode>normal</colorMode>
				</PolyStyle>
			</Style>
			<ExtendedData>
				<SchemaData schemaUrl="#S_CABPOP_POINTS_DDSDDDDDDDDDDSS">
					<SimpleData name="Wpt__">107</SimpleData>
					<SimpleData name="Seg">2</SimpleData>
					<SimpleData name="Transect_L">Shoreline</SimpleData>
					<SimpleData name="lat__Deg">38</SimpleData>
					<SimpleData name="lat_Min">7</SimpleData>
					<SimpleData name="lat_100th_">67</SimpleData>
					<SimpleData name="long_Deg">122</SimpleData>
					<SimpleData name="long_Min">20</SimpleData>
					<SimpleData name="long_100th">62</SimpleData>
					<SimpleData name="trans_lat">38.0767</SimpleData>
					<SimpleData name="trans_long">-122.206</SimpleData>
					<SimpleData name="calc_lat">38.1278</SimpleData>
					<SimpleData name="calc_long">-122.344</SimpleData>
					<SimpleData name="direction">sn</SimpleData>
					<SimpleData name="area_name">Santa Rosa/Napa</SimpleData>
				</SchemaData>
			</ExtendedData>
			<Point>
				<coordinates>-122.3436666666667,38.12783333333336,0</coordinates>
			</Point>
		</Placemark>
		<Placemark>
			<name>108</name>
			<styleUrl>#pointStyleMap</styleUrl>
			<Style id="inline">
				<IconStyle>
					<color>ffe7ebef</color>
					<colorMode>normal</colorMode>
				</IconStyle>
				<LineStyle>
					<color>ffe7ebef</color>
					<colorMode>normal</colorMode>
				</LineStyle>
				<PolyStyle>
					<color>ffe7ebef</color>
					<colorMode>normal</colorMode>
				</PolyStyle>
			</Style>
			<ExtendedData>
				<SchemaData schemaUrl="#S_CABPOP_POINTS_DDSDDDDDDDDDDSS">
					<SimpleData name="Wpt__">108</SimpleData>
					<SimpleData name="Seg">2</SimpleData>
					<SimpleData name="Transect_L">to S of Shipyard Ac</SimpleData>
					<SimpleData name="lat__Deg">38</SimpleData>
					<SimpleData name="lat_Min">15</SimpleData>
					<SimpleData name="lat_100th_">0</SimpleData>
					<SimpleData name="long_Deg">122</SimpleData>
					<SimpleData name="long_Min">16</SimpleData>
					<SimpleData name="long_100th">74</SimpleData>
					<SimpleData name="trans_lat">38.15</SimpleData>
					<SimpleData name="trans_long">-122.167</SimpleData>
					<SimpleData name="calc_lat">38.25</SimpleData>
					<SimpleData name="calc_long">-122.279</SimpleData>
					<SimpleData name="direction">sn</SimpleData>
					<SimpleData name="area_name">Santa Rosa/Napa</SimpleData>
				</SchemaData>
			</ExtendedData>
			<Point>
				<coordinates>-122.279,38.24999999999999,0</coordinates>
			</Point>
		</Placemark>
		<Placemark>
			<name>109</name>
			<styleUrl>#pointStyleMap</styleUrl>
			<Style id="inline">
				<IconStyle>
					<color>ffe7ebef</color>
					<colorMode>normal</colorMode>
				</IconStyle>
				<LineStyle>
					<color>ffe7ebef</color>
					<colorMode>normal</colorMode>
				</LineStyle>
				<PolyStyle>
					<color>ffe7ebef</color>
					<colorMode>normal</colorMode>
				</PolyStyle>
			</Style>
			<ExtendedData>
				<SchemaData schemaUrl="#S_CABPOP_POINTS_DDSDDDDDDDDDDSS">
					<SimpleData name="Wpt__">109</SimpleData>
					<SimpleData name="Seg">3</SimpleData>
					<SimpleData name="Transect_L">N of Salvador</SimpleData>
					<SimpleData name="lat__Deg">38</SimpleData>
					<SimpleData name="lat_Min">22</SimpleData>
					<SimpleData name="lat_100th_">33</SimpleData>
					<SimpleData name="long_Deg">122</SimpleData>
					<SimpleData name="long_Min">19</SimpleData>
					<SimpleData name="long_100th">17</SimpleData>
					<SimpleData name="trans_lat">38.2233</SimpleData>
					<SimpleData name="trans_long">-122.192</SimpleData>
					<SimpleData name="calc_lat">38.3722</SimpleData>
					<SimpleData name="calc_long">-122.32</SimpleData>
					<SimpleData name="direction">sn</SimpleData>
					<SimpleData name="area_name">Santa Rosa/Napa</SimpleData>
				</SchemaData>
			</ExtendedData>
			<Point>
				<coordinates>-122.3195,38.37216666666665,0</coordinates>
			</Point>
		</Placemark>
		<Placemark>
			<name>110</name>
			<styleUrl>#pointStyleMap</styleUrl>
			<Style id="inline">
				<IconStyle>
					<color>ffe7ebef</color>
					<colorMode>normal</colorMode>
				</IconStyle>
				<LineStyle>
					<color>ffe7ebef</color>
					<colorMode>normal</colorMode>
				</LineStyle>
				<PolyStyle>
					<color>ffe7ebef</color>
					<colorMode>normal</colorMode>
				</PolyStyle>
			</Style>
			<ExtendedData>
				<SchemaData schemaUrl="#S_CABPOP_POINTS_DDSDDDDDDDDDDSS">
					<SimpleData name="Wpt__">110</SimpleData>
					<SimpleData name="Seg">3</SimpleData>
					<SimpleData name="Transect_L">to SE of Zinfandel</SimpleData>
					<SimpleData name="lat__Deg">38</SimpleData>
					<SimpleData name="lat_Min">28</SimpleData>
					<SimpleData name="lat_100th_">75</SimpleData>
					<SimpleData name="long_Deg">122</SimpleData>
					<SimpleData name="long_Min">24</SimpleData>
					<SimpleData name="long_100th">87</SimpleData>
					<SimpleData name="trans_lat">38.2875</SimpleData>
					<SimpleData name="trans_long">-122.249</SimpleData>
					<SimpleData name="calc_lat">38.4792</SimpleData>
					<SimpleData name="calc_long">-122.415</SimpleData>
					<SimpleData name="direction">sn</SimpleData>
					<SimpleData name="area_name">Santa Rosa/Napa</SimpleData>
				</SchemaData>
			</ExtendedData>
			<Point>
				<coordinates>-122.4145,38.47916666666667,0</coordinates>
			</Point>
		</Placemark>
		<Placemark>
			<name>111</name>
			<styleUrl>#pointStyleMap</styleUrl>
			<Style id="inline">
				<IconStyle>
					<color>ffe7ebef</color>
					<colorMode>normal</colorMode>
				</IconStyle>
				<LineStyle>
					<color>ffe7ebef</color>
					<colorMode>normal</colorMode>
				</LineStyle>
				<PolyStyle>
					<color>ffe7ebef</color>
					<colorMode>normal</colorMode>
				</PolyStyle>
			</Style>
			<ExtendedData>
				<SchemaData schemaUrl="#S_CABPOP_POINTS_DDSDDDDDDDDDDSS">
					<SimpleData name="Wpt__">111</SimpleData>
					<SimpleData name="Seg">3</SimpleData>
					<SimpleData name="Transect_L">S of Trenton</SimpleData>
					<SimpleData name="lat__Deg">38</SimpleData>
					<SimpleData name="lat_Min">28</SimpleData>
					<SimpleData name="lat_100th_">91</SimpleData>
					<SimpleData name="long_Deg">122</SimpleData>
					<SimpleData name="long_Min">50</SimpleData>
					<SimpleData name="long_100th">50</SimpleData>
					<SimpleData name="trans_lat">38.2891</SimpleData>
					<SimpleData name="trans_long">-122.505</SimpleData>
					<SimpleData name="calc_lat">38.4818</SimpleData>
					<SimpleData name="calc_long">-122.842</SimpleData>
					<SimpleData name="direction">sn</SimpleData>
					<SimpleData name="area_name">Santa Rosa/Napa</SimpleData>
				</SchemaData>
			</ExtendedData>
			<Point>
				<coordinates>-122.8416666666667,38.48183333333332,0</coordinates>
			</Point>
		</Placemark>
		<Placemark>
			<name>112</name>
			<styleUrl>#pointStyleMap</styleUrl>
			<Style id="inline">
				<IconStyle>
					<color>ffe7ebef</color>
					<colorMode>normal</colorMode>
				</IconStyle>
				<LineStyle>
					<color>ffe7ebef</color>
					<colorMode>normal</colorMode>
				</LineStyle>
				<PolyStyle>
					<color>ffe7ebef</color>
					<colorMode>normal</colorMode>
				</PolyStyle>
			</Style>
			<ExtendedData>
				<SchemaData schemaUrl="#S_CABPOP_POINTS_DDSDDDDDDDDDDSS">
					<SimpleData name="Wpt__">112</SimpleData>
					<SimpleData name="Seg">3</SimpleData>
					<SimpleData name="Transect_L">to W of Wilfred</SimpleData>
					<SimpleData name="lat__Deg">38</SimpleData>
					<SimpleData name="lat_Min">21</SimpleData>
					<SimpleData name="lat_100th_">50</SimpleData>
					<SimpleData name="long_Deg">122</SimpleData>
					<SimpleData name="long_Min">45</SimpleData>
					<SimpleData name="long_100th">50</SimpleData>
					<SimpleData name="trans_lat">38.215</SimpleData>
					<SimpleData name="trans_long">-122.455</SimpleData>
					<SimpleData name="calc_lat">38.3583</SimpleData>
					<SimpleData name="calc_long">-122.758</SimpleData>
					<SimpleData name="direction">sn</SimpleData>
					<SimpleData name="area_name">Santa Rosa/Napa</SimpleData>
				</SchemaData>
			</ExtendedData>
			<Point>
				<coordinates>-122.7583333333334,38.35833333333335,0</coordinates>
			</Point>
		</Placemark>
		<Placemark>
			<name>113</name>
			<styleUrl>#pointStyleMap</styleUrl>
			<Style id="inline">
				<IconStyle>
					<color>ffe7ebef</color>
					<colorMode>normal</colorMode>
				</IconStyle>
				<LineStyle>
					<color>ffe7ebef</color>
					<colorMode>normal</colorMode>
				</LineStyle>
				<PolyStyle>
					<color>ffe7ebef</color>
					<colorMode>normal</colorMode>
				</PolyStyle>
			</Style>
			<ExtendedData>
				<SchemaData schemaUrl="#S_CABPOP_POINTS_DDSDDDDDDDDDDSS">
					<SimpleData name="Wpt__">113</SimpleData>
					<SimpleData name="Seg">1</SimpleData>
					<SimpleData name="Transect_L">Sacramento River</SimpleData>
					<SimpleData name="lat__Deg">38</SimpleData>
					<SimpleData name="lat_Min">3</SimpleData>
					<SimpleData name="lat_100th_">83</SimpleData>
					<SimpleData name="long_Deg">121</SimpleData>
					<SimpleData name="long_Min">52</SimpleData>
					<SimpleData name="long_100th">21</SimpleData>
					<SimpleData name="trans_lat">38.0383</SimpleData>
					<SimpleData name="trans_long">-121.522</SimpleData>
					<SimpleData name="calc_lat">38.0638</SimpleData>
					<SimpleData name="calc_long">-121.87</SimpleData>
					<SimpleData name="direction">unknown</SimpleData>
					<SimpleData name="area_name">Suisan Marsh</SimpleData>
				</SchemaData>
			</ExtendedData>
			<Point>
				<coordinates>-121.8701666666667,38.06383333333334,0</coordinates>
			</Point>
		</Placemark>
		<Placemark>
			<name>114</name>
			<styleUrl>#pointStyleMap</styleUrl>
			<Style id="inline">
				<IconStyle>
					<color>ffe7ebef</color>
					<colorMode>normal</colorMode>
				</IconStyle>
				<LineStyle>
					<color>ffe7ebef</color>
					<colorMode>normal</colorMode>
				</LineStyle>
				<PolyStyle>
					<color>ffe7ebef</color>
					<colorMode>normal</colorMode>
				</PolyStyle>
			</Style>
			<ExtendedData>
				<SchemaData schemaUrl="#S_CABPOP_POINTS_DDSDDDDDDDDDDSS">
					<SimpleData name="Wpt__">114</SimpleData>
					<SimpleData name="Seg">1</SimpleData>
					<SimpleData name="Transect_L">to N of Grizzly Bay</SimpleData>
					<SimpleData name="lat__Deg">38</SimpleData>
					<SimpleData name="lat_Min">9</SimpleData>
					<SimpleData name="lat_100th_">17</SimpleData>
					<SimpleData name="long_Deg">122</SimpleData>
					<SimpleData name="long_Min">0</SimpleData>
					<SimpleData name="long_100th">8</SimpleData>
					<SimpleData name="trans_lat">38.0917</SimpleData>
					<SimpleData name="trans_long">-122.001</SimpleData>
					<SimpleData name="calc_lat">38.1528</SimpleData>
					<SimpleData name="calc_long">-122.001</SimpleData>
					<SimpleData name="direction">unknown</SimpleData>
					<SimpleData name="area_name">Suisan Marsh</SimpleData>
				</SchemaData>
			</ExtendedData>
			<Point>
				<coordinates>-122.0013333333333,38.15283333333332,0</coordinates>
			</Point>
		</Placemark>
		<Placemark>
			<name>115</name>
			<styleUrl>#pointStyleMap</styleUrl>
			<Style id="inline">
				<IconStyle>
					<color>ffe7ebef</color>
					<colorMode>normal</colorMode>
				</IconStyle>
				<LineStyle>
					<color>ffe7ebef</color>
					<colorMode>normal</colorMode>
				</LineStyle>
				<PolyStyle>
					<color>ffe7ebef</color>
					<colorMode>normal</colorMode>
				</PolyStyle>
			</Style>
			<ExtendedData>
				<SchemaData schemaUrl="#S_CABPOP_POINTS_DDSDDDDDDDDDDSS">
					<SimpleData name="Wpt__">115</SimpleData>
					<SimpleData name="Seg">1</SimpleData>
					<SimpleData name="Transect_L">to Pierce</SimpleData>
					<SimpleData name="lat__Deg">38</SimpleData>
					<SimpleData name="lat_Min">7</SimpleData>
					<SimpleData name="lat_100th_">75</SimpleData>
					<SimpleData name="long_Deg">122</SimpleData>
					<SimpleData name="long_Min">6</SimpleData>
					<SimpleData name="long_100th">25</SimpleData>
					<SimpleData name="trans_lat">38.0775</SimpleData>
					<SimpleData name="trans_long">-122.062</SimpleData>
					<SimpleData name="calc_lat">38.1292</SimpleData>
					<SimpleData name="calc_long">-122.104</SimpleData>
					<SimpleData name="direction">unknown</SimpleData>
					<SimpleData name="area_name">Suisan Marsh</SimpleData>
				</SchemaData>
			</ExtendedData>
			<Point>
				<coordinates>-122.1041666666666,38.12916666666666,0</coordinates>
			</Point>
		</Placemark>
		<Placemark>
			<name>116</name>
			<styleUrl>#pointStyleMap</styleUrl>
			<Style id="inline">
				<IconStyle>
					<color>ffe7ebef</color>
					<colorMode>normal</colorMode>
				</IconStyle>
				<LineStyle>
					<color>ffe7ebef</color>
					<colorMode>normal</colorMode>
				</LineStyle>
				<PolyStyle>
					<color>ffe7ebef</color>
					<colorMode>normal</colorMode>
				</PolyStyle>
			</Style>
			<ExtendedData>
				<SchemaData schemaUrl="#S_CABPOP_POINTS_DDSDDDDDDDDDDSS">
					<SimpleData name="Wpt__">116</SimpleData>
					<SimpleData name="Seg">2</SimpleData>
					<SimpleData name="Transect_L">Rd. 21 S of Cordelia</SimpleData>
					<SimpleData name="lat__Deg">38</SimpleData>
					<SimpleData name="lat_Min">11</SimpleData>
					<SimpleData name="lat_100th_">42</SimpleData>
					<SimpleData name="long_Deg">122</SimpleData>
					<SimpleData name="long_Min">8</SimpleData>
					<SimpleData name="long_100th">21</SimpleData>
					<SimpleData name="trans_lat">38.1142</SimpleData>
					<SimpleData name="trans_long">-122.082</SimpleData>
					<SimpleData name="calc_lat">38.1903</SimpleData>
					<SimpleData name="calc_long">-122.137</SimpleData>
					<SimpleData name="direction">unknown</SimpleData>
					<SimpleData name="area_name">Suisan Marsh</SimpleData>
				</SchemaData>
			</ExtendedData>
			<Point>
				<coordinates>-122.1368333333333,38.19033333333333,0</coordinates>
			</Point>
		</Placemark>
		<Placemark>
			<name>117</name>
			<styleUrl>#pointStyleMap</styleUrl>
			<Style id="inline">
				<IconStyle>
					<color>ffe7ebef</color>
					<colorMode>normal</colorMode>
				</IconStyle>
				<LineStyle>
					<color>ffe7ebef</color>
					<colorMode>normal</colorMode>
				</LineStyle>
				<PolyStyle>
					<color>ffe7ebef</color>
					<colorMode>normal</colorMode>
				</PolyStyle>
			</Style>
			<ExtendedData>
				<SchemaData schemaUrl="#S_CABPOP_POINTS_DDSDDDDDDDDDDSS">
					<SimpleData name="Wpt__">117</SimpleData>
					<SimpleData name="Seg">2</SimpleData>
					<SimpleData name="Transect_L">to NW of Teal</SimpleData>
					<SimpleData name="lat__Deg">38</SimpleData>
					<SimpleData name="lat_Min">10</SimpleData>
					<SimpleData name="lat_100th_">93</SimpleData>
					<SimpleData name="long_Deg">122</SimpleData>
					<SimpleData name="long_Min">5</SimpleData>
					<SimpleData name="long_100th">17</SimpleData>
					<SimpleData name="trans_lat">38.1093</SimpleData>
					<SimpleData name="trans_long">-122.052</SimpleData>
					<SimpleData name="calc_lat">38.1822</SimpleData>
					<SimpleData name="calc_long">-122.086</SimpleData>
					<SimpleData name="direction">unknown</SimpleData>
					<SimpleData name="area_name">Suisan Marsh</SimpleData>
				</SchemaData>
			</ExtendedData>
			<Point>
				<coordinates>-122.0861666666666,38.18216666666665,0</coordinates>
			</Point>
		</Placemark>
		<Placemark>
			<name>118</name>
			<styleUrl>#pointStyleMap</styleUrl>
			<Style id="inline">
				<IconStyle>
					<color>ffe7ebef</color>
					<colorMode>normal</colorMode>
				</IconStyle>
				<LineStyle>
					<color>ffe7ebef</color>
					<colorMode>normal</colorMode>
				</LineStyle>
				<PolyStyle>
					<color>ffe7ebef</color>
					<colorMode>normal</colorMode>
				</PolyStyle>
			</Style>
			<ExtendedData>
				<SchemaData schemaUrl="#S_CABPOP_POINTS_DDSDDDDDDDDDDSS">
					<SimpleData name="Wpt__">118</SimpleData>
					<SimpleData name="Seg">2</SimpleData>
					<SimpleData name="Transect_L">to Kirby Hill</SimpleData>
					<SimpleData name="lat__Deg">38</SimpleData>
					<SimpleData name="lat_Min">9</SimpleData>
					<SimpleData name="lat_100th_">83</SimpleData>
					<SimpleData name="long_Deg">121</SimpleData>
					<SimpleData name="long_Min">55</SimpleData>
					<SimpleData name="long_100th">62</SimpleData>
					<SimpleData name="trans_lat">38.0983</SimpleData>
					<SimpleData name="trans_long">-121.556</SimpleData>
					<SimpleData name="calc_lat">38.1638</SimpleData>
					<SimpleData name="calc_long">-121.927</SimpleData>
					<SimpleData name="direction">unknown</SimpleData>
					<SimpleData name="area_name">Suisan Marsh</SimpleData>
				</SchemaData>
			</ExtendedData>
			<Point>
				<coordinates>-121.927,38.16383333333332,0</coordinates>
			</Point>
		</Placemark>
		<Placemark>
			<name>119</name>
			<styleUrl>#pointStyleMap</styleUrl>
			<Style id="inline">
				<IconStyle>
					<color>ffe7ebef</color>
					<colorMode>normal</colorMode>
				</IconStyle>
				<LineStyle>
					<color>ffe7ebef</color>
					<colorMode>normal</colorMode>
				</LineStyle>
				<PolyStyle>
					<color>ffe7ebef</color>
					<colorMode>normal</colorMode>
				</PolyStyle>
			</Style>
			<ExtendedData>
				<SchemaData schemaUrl="#S_CABPOP_POINTS_DDSDDDDDDDDDDSS">
					<SimpleData name="Wpt__">119</SimpleData>
					<SimpleData name="Seg">2</SimpleData>
					<SimpleData name="Transect_L">Denverton</SimpleData>
					<SimpleData name="lat__Deg">38</SimpleData>
					<SimpleData name="lat_Min">13</SimpleData>
					<SimpleData name="lat_100th_">50</SimpleData>
					<SimpleData name="long_Deg">121</SimpleData>
					<SimpleData name="long_Min">53</SimpleData>
					<SimpleData name="long_100th">65</SimpleData>
					<SimpleData name="trans_lat">38.135</SimpleData>
					<SimpleData name="trans_long">-121.537</SimpleData>
					<SimpleData name="calc_lat">38.225</SimpleData>
					<SimpleData name="calc_long">-121.894</SimpleData>
					<SimpleData name="direction">unknown</SimpleData>
					<SimpleData name="area_name">Suisan Marsh</SimpleData>
				</SchemaData>
			</ExtendedData>
			<Point>
				<coordinates>-121.8941666666667,38.22499999999998,0</coordinates>
			</Point>
		</Placemark>
		<Placemark>
			<name>120</name>
			<styleUrl>#pointStyleMap</styleUrl>
			<Style id="inline">
				<IconStyle>
					<color>ffe7ebef</color>
					<colorMode>normal</colorMode>
				</IconStyle>
				<LineStyle>
					<color>ffe7ebef</color>
					<colorMode>normal</colorMode>
				</LineStyle>
				<PolyStyle>
					<color>ffe7ebef</color>
					<colorMode>normal</colorMode>
				</PolyStyle>
			</Style>
			<ExtendedData>
				<SchemaData schemaUrl="#S_CABPOP_POINTS_DDSDDDDDDDDDDSS">
					<SimpleData name="Wpt__">120</SimpleData>
					<SimpleData name="Seg">2</SimpleData>
					<SimpleData name="Transect_L">to Grizzly Island</SimpleData>
					<SimpleData name="lat__Deg">38</SimpleData>
					<SimpleData name="lat_Min">10</SimpleData>
					<SimpleData name="lat_100th_">0</SimpleData>
					<SimpleData name="long_Deg">121</SimpleData>
					<SimpleData name="long_Min">56</SimpleData>
					<SimpleData name="long_100th">87</SimpleData>
					<SimpleData name="trans_lat">38.1</SimpleData>
					<SimpleData name="trans_long">-121.569</SimpleData>
					<SimpleData name="calc_lat">38.1667</SimpleData>
					<SimpleData name="calc_long">-121.948</SimpleData>
					<SimpleData name="direction">unknown</SimpleData>
					<SimpleData name="area_name">Suisan Marsh</SimpleData>
				</SchemaData>
			</ExtendedData>
			<Point>
				<coordinates>-121.9478333333333,38.16666666666666,0</coordinates>
			</Point>
		</Placemark>
		<Placemark>
			<name>121</name>
			<styleUrl>#pointStyleMap</styleUrl>
			<Style id="inline">
				<IconStyle>
					<color>ffe7ebef</color>
					<colorMode>normal</colorMode>
				</IconStyle>
				<LineStyle>
					<color>ffe7ebef</color>
					<colorMode>normal</colorMode>
				</LineStyle>
				<PolyStyle>
					<color>ffe7ebef</color>
					<colorMode>normal</colorMode>
				</PolyStyle>
			</Style>
			<ExtendedData>
				<SchemaData schemaUrl="#S_CABPOP_POINTS_DDSDDDDDDDDDDSS">
					<SimpleData name="Wpt__">121</SimpleData>
					<SimpleData name="Seg">2</SimpleData>
					<SimpleData name="Transect_L">Grizzly Island</SimpleData>
					<SimpleData name="lat__Deg">38</SimpleData>
					<SimpleData name="lat_Min">10</SimpleData>
					<SimpleData name="lat_100th_">8</SimpleData>
					<SimpleData name="long_Deg">121</SimpleData>
					<SimpleData name="long_Min">57</SimpleData>
					<SimpleData name="long_100th">12</SimpleData>
					<SimpleData name="trans_lat">38.1008</SimpleData>
					<SimpleData name="trans_long">-121.571</SimpleData>
					<SimpleData name="calc_lat">38.168</SimpleData>
					<SimpleData name="calc_long">-121.952</SimpleData>
					<SimpleData name="direction">unknown</SimpleData>
					<SimpleData name="area_name">Suisan Marsh</SimpleData>
				</SchemaData>
			</ExtendedData>
			<Point>
				<coordinates>-121.952,38.16800000000001,0</coordinates>
			</Point>
		</Placemark>
		<Placemark>
			<name>122</name>
			<styleUrl>#pointStyleMap</styleUrl>
			<Style id="inline">
				<IconStyle>
					<color>ffe7ebef</color>
					<colorMode>normal</colorMode>
				</IconStyle>
				<LineStyle>
					<color>ffe7ebef</color>
					<colorMode>normal</colorMode>
				</LineStyle>
				<PolyStyle>
					<color>ffe7ebef</color>
					<colorMode>normal</colorMode>
				</PolyStyle>
			</Style>
			<ExtendedData>
				<SchemaData schemaUrl="#S_CABPOP_POINTS_DDSDDDDDDDDDDSS">
					<SimpleData name="Wpt__">122</SimpleData>
					<SimpleData name="Seg">3</SimpleData>
					<SimpleData name="Transect_L">SW of Birds Landing</SimpleData>
					<SimpleData name="lat__Deg">38</SimpleData>
					<SimpleData name="lat_Min">6</SimpleData>
					<SimpleData name="lat_100th_">96</SimpleData>
					<SimpleData name="long_Deg">121</SimpleData>
					<SimpleData name="long_Min">54</SimpleData>
					<SimpleData name="long_100th">48</SimpleData>
					<SimpleData name="trans_lat">38.0696</SimpleData>
					<SimpleData name="trans_long">-121.545</SimpleData>
					<SimpleData name="calc_lat">38.116</SimpleData>
					<SimpleData name="calc_long">-121.908</SimpleData>
					<SimpleData name="direction">unknown</SimpleData>
					<SimpleData name="area_name">Suisan Marsh</SimpleData>
				</SchemaData>
			</ExtendedData>
			<Point>
				<coordinates>-121.908,38.11599999999999,0</coordinates>
			</Point>
		</Placemark>
		<Placemark>
			<name>123</name>
			<styleUrl>#pointStyleMap</styleUrl>
			<Style id="inline">
				<IconStyle>
					<color>ffe7ebef</color>
					<colorMode>normal</colorMode>
				</IconStyle>
				<LineStyle>
					<color>ffe7ebef</color>
					<colorMode>normal</colorMode>
				</LineStyle>
				<PolyStyle>
					<color>ffe7ebef</color>
					<colorMode>normal</colorMode>
				</PolyStyle>
			</Style>
			<ExtendedData>
				<SchemaData schemaUrl="#S_CABPOP_POINTS_DDSDDDDDDDDDDSS">
					<SimpleData name="Wpt__">123</SimpleData>
					<SimpleData name="Seg">3</SimpleData>
					<SimpleData name="Transect_L">to Sacramento River</SimpleData>
					<SimpleData name="lat__Deg">38</SimpleData>
					<SimpleData name="lat_Min">4</SimpleData>
					<SimpleData name="lat_100th_">8</SimpleData>
					<SimpleData name="long_Deg">121</SimpleData>
					<SimpleData name="long_Min">51</SimpleData>
					<SimpleData name="long_100th">92</SimpleData>
					<SimpleData name="trans_lat">38.0408</SimpleData>
					<SimpleData name="trans_long">-121.519</SimpleData>
					<SimpleData name="calc_lat">38.068</SimpleData>
					<SimpleData name="calc_long">-121.865</SimpleData>
					<SimpleData name="direction">unknown</SimpleData>
					<SimpleData name="area_name">Suisan Marsh</SimpleData>
				</SchemaData>
			</ExtendedData>
			<Point>
				<coordinates>-121.8653333333333,38.06800000000003,0</coordinates>
			</Point>
		</Placemark>
		<Placemark>
			<name>199</name>
			<styleUrl>#pointStyleMap</styleUrl>
			<Style id="inline">
				<IconStyle>
					<color>ffe7ebef</color>
					<colorMode>normal</colorMode>
				</IconStyle>
				<LineStyle>
					<color>ffe7ebef</color>
					<colorMode>normal</colorMode>
				</LineStyle>
				<PolyStyle>
					<color>ffe7ebef</color>
					<colorMode>normal</colorMode>
				</PolyStyle>
			</Style>
			<ExtendedData>
				<SchemaData schemaUrl="#S_CABPOP_POINTS_DDSDDDDDDDDDDSS">
					<SimpleData name="Wpt__">199</SimpleData>
					<SimpleData name="Seg">1</SimpleData>
					<SimpleData name="Transect_L">Sierra Valley (S)</SimpleData>
					<SimpleData name="lat__Deg">39</SimpleData>
					<SimpleData name="lat_Min">41</SimpleData>
					<SimpleData name="lat_100th_">87</SimpleData>
					<SimpleData name="long_Deg">120</SimpleData>
					<SimpleData name="long_Min">19</SimpleData>
					<SimpleData name="long_100th">54</SimpleData>
					<SimpleData name="trans_lat">39.4187</SimpleData>
					<SimpleData name="trans_long">-120.195</SimpleData>
					<SimpleData name="calc_lat">39.6978</SimpleData>
					<SimpleData name="calc_long">-120.326</SimpleData>
					<SimpleData name="direction">unknown</SimpleData>
					<SimpleData name="area_name">Northeastern California</SimpleData>
				</SchemaData>
			</ExtendedData>
			<Point>
				<coordinates>-120.3256666666667,39.69783333333333,0</coordinates>
			</Point>
		</Placemark>
		<Placemark>
			<name>200</name>
			<styleUrl>#pointStyleMap</styleUrl>
			<Style id="inline">
				<IconStyle>
					<color>ffe7ebef</color>
					<colorMode>normal</colorMode>
				</IconStyle>
				<LineStyle>
					<color>ffe7ebef</color>
					<colorMode>normal</colorMode>
				</LineStyle>
				<PolyStyle>
					<color>ffe7ebef</color>
					<colorMode>normal</colorMode>
				</PolyStyle>
			</Style>
			<ExtendedData>
				<SchemaData schemaUrl="#S_CABPOP_POINTS_DDSDDDDDDDDDDSS">
					<SimpleData name="Wpt__">200</SimpleData>
					<SimpleData name="Seg">1</SimpleData>
					<SimpleData name="Transect_L">(N)</SimpleData>
					<SimpleData name="lat__Deg">39</SimpleData>
					<SimpleData name="lat_Min">48</SimpleData>
					<SimpleData name="lat_100th_">84</SimpleData>
					<SimpleData name="long_Deg">120</SimpleData>
					<SimpleData name="long_Min">17</SimpleData>
					<SimpleData name="long_100th">25</SimpleData>
					<SimpleData name="trans_lat">39.4884</SimpleData>
					<SimpleData name="trans_long">-120.172</SimpleData>
					<SimpleData name="calc_lat">39.814</SimpleData>
					<SimpleData name="calc_long">-120.287</SimpleData>
					<SimpleData name="direction">unknown</SimpleData>
					<SimpleData name="area_name">Northeastern California</SimpleData>
				</SchemaData>
			</ExtendedData>
			<Point>
				<coordinates>-120.2875,39.814,0</coordinates>
			</Point>
		</Placemark>
		<Placemark>
			<name>203</name>
			<styleUrl>#pointStyleMap</styleUrl>
			<Style id="inline">
				<IconStyle>
					<color>ffe7ebef</color>
					<colorMode>normal</colorMode>
				</IconStyle>
				<LineStyle>
					<color>ffe7ebef</color>
					<colorMode>normal</colorMode>
				</LineStyle>
				<PolyStyle>
					<color>ffe7ebef</color>
					<colorMode>normal</colorMode>
				</PolyStyle>
			</Style>
			<ExtendedData>
				<SchemaData schemaUrl="#S_CABPOP_POINTS_DDSDDDDDDDDDDSS">
					<SimpleData name="Wpt__">203</SimpleData>
					<SimpleData name="Seg">1</SimpleData>
					<SimpleData name="Transect_L">Doyle</SimpleData>
					<SimpleData name="lat__Deg">40</SimpleData>
					<SimpleData name="lat_Min">0</SimpleData>
					<SimpleData name="lat_100th_">0</SimpleData>
					<SimpleData name="long_Deg">120</SimpleData>
					<SimpleData name="long_Min">3</SimpleData>
					<SimpleData name="long_100th">70</SimpleData>
					<SimpleData name="trans_lat">40</SimpleData>
					<SimpleData name="trans_long">-120.037</SimpleData>
					<SimpleData name="calc_lat">40</SimpleData>
					<SimpleData name="calc_long">-120.062</SimpleData>
					<SimpleData name="direction">unknown</SimpleData>
					<SimpleData name="area_name">Northeastern California</SimpleData>
				</SchemaData>
			</ExtendedData>
			<Point>
				<coordinates>-120.0616666666666,40.00000000000001,0</coordinates>
			</Point>
		</Placemark>
		<Placemark>
			<name>204</name>
			<styleUrl>#pointStyleMap</styleUrl>
			<Style id="inline">
				<IconStyle>
					<color>ffe7ebef</color>
					<colorMode>normal</colorMode>
				</IconStyle>
				<LineStyle>
					<color>ffe7ebef</color>
					<colorMode>normal</colorMode>
				</LineStyle>
				<PolyStyle>
					<color>ffe7ebef</color>
					<colorMode>normal</colorMode>
				</PolyStyle>
			</Style>
			<ExtendedData>
				<SchemaData schemaUrl="#S_CABPOP_POINTS_DDSDDDDDDDDDDSS">
					<SimpleData name="Wpt__">204</SimpleData>
					<SimpleData name="Seg">2</SimpleData>
					<SimpleData name="Transect_L"></SimpleData>
					<SimpleData name="lat__Deg">40</SimpleData>
					<SimpleData name="lat_Min">6</SimpleData>
					<SimpleData name="lat_100th_">16</SimpleData>
					<SimpleData name="long_Deg">120</SimpleData>
					<SimpleData name="long_Min">10</SimpleData>
					<SimpleData name="long_100th">55</SimpleData>
					<SimpleData name="trans_lat">40.0616</SimpleData>
					<SimpleData name="trans_long">-120.106</SimpleData>
					<SimpleData name="calc_lat">40.1027</SimpleData>
					<SimpleData name="calc_long">-120.176</SimpleData>
					<SimpleData name="direction">unknown</SimpleData>
					<SimpleData name="area_name">Northeastern California</SimpleData>
				</SchemaData>
			</ExtendedData>
			<Point>
				<coordinates>-120.1758333333333,40.10266666666668,0</coordinates>
			</Point>
		</Placemark>
		<Placemark>
			<name>205</name>
			<styleUrl>#pointStyleMap</styleUrl>
			<Style id="inline">
				<IconStyle>
					<color>ffe7ebef</color>
					<colorMode>normal</colorMode>
				</IconStyle>
				<LineStyle>
					<color>ffe7ebef</color>
					<colorMode>normal</colorMode>
				</LineStyle>
				<PolyStyle>
					<color>ffe7ebef</color>
					<colorMode>normal</colorMode>
				</PolyStyle>
			</Style>
			<ExtendedData>
				<SchemaData schemaUrl="#S_CABPOP_POINTS_DDSDDDDDDDDDDSS">
					<SimpleData name="Wpt__">205</SimpleData>
					<SimpleData name="Seg">2</SimpleData>
					<SimpleData name="Transect_L">to Honey Lake</SimpleData>
					<SimpleData name="lat__Deg">40</SimpleData>
					<SimpleData name="lat_Min">13</SimpleData>
					<SimpleData name="lat_100th_">45</SimpleData>
					<SimpleData name="long_Deg">120</SimpleData>
					<SimpleData name="long_Min">18</SimpleData>
					<SimpleData name="long_100th">75</SimpleData>
					<SimpleData name="trans_lat">40.1345</SimpleData>
					<SimpleData name="trans_long">-120.188</SimpleData>
					<SimpleData name="calc_lat">40.2242</SimpleData>
					<SimpleData name="calc_long">-120.312</SimpleData>
					<SimpleData name="direction">unknown</SimpleData>
					<SimpleData name="area_name">Northeastern California</SimpleData>
				</SchemaData>
			</ExtendedData>
			<Point>
				<coordinates>-120.3125,40.22416666666668,0</coordinates>
			</Point>
		</Placemark>
		<Placemark>
			<name>206</name>
			<styleUrl>#pointStyleMap</styleUrl>
			<Style id="inline">
				<IconStyle>
					<color>ffe7ebef</color>
					<colorMode>normal</colorMode>
				</IconStyle>
				<LineStyle>
					<color>ffe7ebef</color>
					<colorMode>normal</colorMode>
				</LineStyle>
				<PolyStyle>
					<color>ffe7ebef</color>
					<colorMode>normal</colorMode>
				</PolyStyle>
			</Style>
			<ExtendedData>
				<SchemaData schemaUrl="#S_CABPOP_POINTS_DDSDDDDDDDDDDSS">
					<SimpleData name="Wpt__">206</SimpleData>
					<SimpleData name="Seg">2</SimpleData>
					<SimpleData name="Transect_L">Honey Lake</SimpleData>
					<SimpleData name="lat__Deg">40</SimpleData>
					<SimpleData name="lat_Min">17</SimpleData>
					<SimpleData name="lat_100th_">55</SimpleData>
					<SimpleData name="long_Deg">120</SimpleData>
					<SimpleData name="long_Min">12</SimpleData>
					<SimpleData name="long_100th">38</SimpleData>
					<SimpleData name="trans_lat">40.1755</SimpleData>
					<SimpleData name="trans_long">-120.124</SimpleData>
					<SimpleData name="calc_lat">40.2925</SimpleData>
					<SimpleData name="calc_long">-120.206</SimpleData>
					<SimpleData name="direction">unknown</SimpleData>
					<SimpleData name="area_name">Northeastern California</SimpleData>
				</SchemaData>
			</ExtendedData>
			<Point>
				<coordinates>-120.2063333333333,40.29249999999998,0</coordinates>
			</Point>
		</Placemark>
		<Placemark>
			<name>207</name>
			<styleUrl>#pointStyleMap</styleUrl>
			<Style id="inline">
				<IconStyle>
					<color>ffe7ebef</color>
					<colorMode>normal</colorMode>
				</IconStyle>
				<LineStyle>
					<color>ffe7ebef</color>
					<colorMode>normal</colorMode>
				</LineStyle>
				<PolyStyle>
					<color>ffe7ebef</color>
					<colorMode>normal</colorMode>
				</PolyStyle>
			</Style>
			<ExtendedData>
				<SchemaData schemaUrl="#S_CABPOP_POINTS_DDSDDDDDDDDDDSS">
					<SimpleData name="Wpt__">207</SimpleData>
					<SimpleData name="Seg">3</SimpleData>
					<SimpleData name="Transect_L">to N of Honey Lake</SimpleData>
					<SimpleData name="lat__Deg">40</SimpleData>
					<SimpleData name="lat_Min">19</SimpleData>
					<SimpleData name="lat_100th_">52</SimpleData>
					<SimpleData name="long_Deg">120</SimpleData>
					<SimpleData name="long_Min">19</SimpleData>
					<SimpleData name="long_100th">75</SimpleData>
					<SimpleData name="trans_lat">40.1952</SimpleData>
					<SimpleData name="trans_long">-120.198</SimpleData>
					<SimpleData name="calc_lat">40.3253</SimpleData>
					<SimpleData name="calc_long">-120.329</SimpleData>
					<SimpleData name="direction">unknown</SimpleData>
					<SimpleData name="area_name">Northeastern California</SimpleData>
				</SchemaData>
			</ExtendedData>
			<Point>
				<coordinates>-120.3291666666666,40.32533333333333,0</coordinates>
			</Point>
		</Placemark>
		<Placemark>
			<name>208</name>
			<styleUrl>#pointStyleMap</styleUrl>
			<Style id="inline">
				<IconStyle>
					<color>ffe7ebef</color>
					<colorMode>normal</colorMode>
				</IconStyle>
				<LineStyle>
					<color>ffe7ebef</color>
					<colorMode>normal</colorMode>
				</LineStyle>
				<PolyStyle>
					<color>ffe7ebef</color>
					<colorMode>normal</colorMode>
				</PolyStyle>
			</Style>
			<ExtendedData>
				<SchemaData schemaUrl="#S_CABPOP_POINTS_DDSDDDDDDDDDDSS">
					<SimpleData name="Wpt__">208</SimpleData>
					<SimpleData name="Seg">3</SimpleData>
					<SimpleData name="Transect_L">to Susanville</SimpleData>
					<SimpleData name="lat__Deg">40</SimpleData>
					<SimpleData name="lat_Min">23</SimpleData>
					<SimpleData name="lat_100th_">75</SimpleData>
					<SimpleData name="long_Deg">120</SimpleData>
					<SimpleData name="long_Min">34</SimpleData>
					<SimpleData name="long_100th">35</SimpleData>
					<SimpleData name="trans_lat">40.2375</SimpleData>
					<SimpleData name="trans_long">-120.344</SimpleData>
					<SimpleData name="calc_lat">40.3958</SimpleData>
					<SimpleData name="calc_long">-120.573</SimpleData>
					<SimpleData name="direction">unknown</SimpleData>
					<SimpleData name="area_name">Northeastern California</SimpleData>
				</SchemaData>
			</ExtendedData>
			<Point>
				<coordinates>-120.5725,40.39583333333334,0</coordinates>
			</Point>
		</Placemark>
		<Placemark>
			<name>209</name>
			<styleUrl>#pointStyleMap</styleUrl>
			<Style id="inline">
				<IconStyle>
					<color>ffe7ebef</color>
					<colorMode>normal</colorMode>
				</IconStyle>
				<LineStyle>
					<color>ffe7ebef</color>
					<colorMode>normal</colorMode>
				</LineStyle>
				<PolyStyle>
					<color>ffe7ebef</color>
					<colorMode>normal</colorMode>
				</PolyStyle>
			</Style>
			<ExtendedData>
				<SchemaData schemaUrl="#S_CABPOP_POINTS_DDSDDDDDDDDDDSS">
					<SimpleData name="Wpt__">209</SimpleData>
					<SimpleData name="Seg">3</SimpleData>
					<SimpleData name="Transect_L">Westwood (E)</SimpleData>
					<SimpleData name="lat__Deg">40</SimpleData>
					<SimpleData name="lat_Min">17</SimpleData>
					<SimpleData name="lat_100th_">39</SimpleData>
					<SimpleData name="long_Deg">120</SimpleData>
					<SimpleData name="long_Min">54</SimpleData>
					<SimpleData name="long_100th">80</SimpleData>
					<SimpleData name="trans_lat">40.1739</SimpleData>
					<SimpleData name="trans_long">-120.548</SimpleData>
					<SimpleData name="calc_lat">40.2898</SimpleData>
					<SimpleData name="calc_long">-120.913</SimpleData>
					<SimpleData name="direction">unknown</SimpleData>
					<SimpleData name="area_name">Northeastern California</SimpleData>
				</SchemaData>
			</ExtendedData>
			<Point>
				<coordinates>-120.9133333333333,40.28983333333333,0</coordinates>
			</Point>
		</Placemark>
		<Placemark>
			<name>210</name>
			<styleUrl>#pointStyleMap</styleUrl>
			<Style id="inline">
				<IconStyle>
					<color>ffe7ebef</color>
					<colorMode>normal</colorMode>
				</IconStyle>
				<LineStyle>
					<color>ffe7ebef</color>
					<colorMode>normal</colorMode>
				</LineStyle>
				<PolyStyle>
					<color>ffe7ebef</color>
					<colorMode>normal</colorMode>
				</PolyStyle>
			</Style>
			<ExtendedData>
				<SchemaData schemaUrl="#S_CABPOP_POINTS_DDSDDDDDDDDDDSS">
					<SimpleData name="Wpt__">210</SimpleData>
					<SimpleData name="Seg">3</SimpleData>
					<SimpleData name="Transect_L">(W)</SimpleData>
					<SimpleData name="lat__Deg">40</SimpleData>
					<SimpleData name="lat_Min">17</SimpleData>
					<SimpleData name="lat_100th_">8</SimpleData>
					<SimpleData name="long_Deg">120</SimpleData>
					<SimpleData name="long_Min">59</SimpleData>
					<SimpleData name="long_100th">65</SimpleData>
					<SimpleData name="trans_lat">40.1708</SimpleData>
					<SimpleData name="trans_long">-120.597</SimpleData>
					<SimpleData name="calc_lat">40.2847</SimpleData>
					<SimpleData name="calc_long">-120.994</SimpleData>
					<SimpleData name="direction">unknown</SimpleData>
					<SimpleData name="area_name">Northeastern California</SimpleData>
				</SchemaData>
			</ExtendedData>
			<Point>
				<coordinates>-120.9941666666667,40.28466666666667,0</coordinates>
			</Point>
		</Placemark>
		<Placemark>
			<name>211</name>
			<styleUrl>#pointStyleMap</styleUrl>
			<Style id="inline">
				<IconStyle>
					<color>ffe7ebef</color>
					<colorMode>normal</colorMode>
				</IconStyle>
				<LineStyle>
					<color>ffe7ebef</color>
					<colorMode>normal</colorMode>
				</LineStyle>
				<PolyStyle>
					<color>ffe7ebef</color>
					<colorMode>normal</colorMode>
				</PolyStyle>
			</Style>
			<ExtendedData>
				<SchemaData schemaUrl="#S_CABPOP_POINTS_DDSDDDDDDDDDDSS">
					<SimpleData name="Wpt__">211</SimpleData>
					<SimpleData name="Seg">4</SimpleData>
					<SimpleData name="Transect_L">Chester (S)</SimpleData>
					<SimpleData name="lat__Deg">40</SimpleData>
					<SimpleData name="lat_Min">16</SimpleData>
					<SimpleData name="lat_100th_">83</SimpleData>
					<SimpleData name="long_Deg">121</SimpleData>
					<SimpleData name="long_Min">12</SimpleData>
					<SimpleData name="long_100th">67</SimpleData>
					<SimpleData name="trans_lat">40.1683</SimpleData>
					<SimpleData name="trans_long">-120.127</SimpleData>
					<SimpleData name="calc_lat">40.2805</SimpleData>
					<SimpleData name="calc_long">-121.211</SimpleData>
					<SimpleData name="direction">unknown</SimpleData>
					<SimpleData name="area_name">Northeastern California</SimpleData>
				</SchemaData>
			</ExtendedData>
			<Point>
				<coordinates>-121.2111666666667,40.28049999999998,0</coordinates>
			</Point>
		</Placemark>
		<Placemark>
			<name>212</name>
			<styleUrl>#pointStyleMap</styleUrl>
			<Style id="inline">
				<IconStyle>
					<color>ffe7ebef</color>
					<colorMode>normal</colorMode>
				</IconStyle>
				<LineStyle>
					<color>ffe7ebef</color>
					<colorMode>normal</colorMode>
				</LineStyle>
				<PolyStyle>
					<color>ffe7ebef</color>
					<colorMode>normal</colorMode>
				</PolyStyle>
			</Style>
			<ExtendedData>
				<SchemaData schemaUrl="#S_CABPOP_POINTS_DDSDDDDDDDDDDSS">
					<SimpleData name="Wpt__">212</SimpleData>
					<SimpleData name="Seg">4</SimpleData>
					<SimpleData name="Transect_L">(N)</SimpleData>
					<SimpleData name="lat__Deg">40</SimpleData>
					<SimpleData name="lat_Min">20</SimpleData>
					<SimpleData name="lat_100th_">45</SimpleData>
					<SimpleData name="long_Deg">121</SimpleData>
					<SimpleData name="long_Min">12</SimpleData>
					<SimpleData name="long_100th">72</SimpleData>
					<SimpleData name="trans_lat">40.2045</SimpleData>
					<SimpleData name="trans_long">-121.127</SimpleData>
					<SimpleData name="calc_lat">40.3408</SimpleData>
					<SimpleData name="calc_long">-121.212</SimpleData>
					<SimpleData name="direction">unknown</SimpleData>
					<SimpleData name="area_name">Northeastern California</SimpleData>
				</SchemaData>
			</ExtendedData>
			<Point>
				<coordinates>-121.212,40.34083333333334,0</coordinates>
			</Point>
		</Placemark>
		<Placemark>
			<name>213</name>
			<styleUrl>#pointStyleMap</styleUrl>
			<Style id="inline">
				<IconStyle>
					<color>ffe7ebef</color>
					<colorMode>normal</colorMode>
				</IconStyle>
				<LineStyle>
					<color>ffe7ebef</color>
					<colorMode>normal</colorMode>
				</LineStyle>
				<PolyStyle>
					<color>ffe7ebef</color>
					<colorMode>normal</colorMode>
				</PolyStyle>
			</Style>
			<ExtendedData>
				<SchemaData schemaUrl="#S_CABPOP_POINTS_DDSDDDDDDDDDDSS">
					<SimpleData name="Wpt__">213</SimpleData>
					<SimpleData name="Seg">4</SimpleData>
					<SimpleData name="Transect_L">Dixie Valley (W)</SimpleData>
					<SimpleData name="lat__Deg">40</SimpleData>
					<SimpleData name="lat_Min">51</SimpleData>
					<SimpleData name="lat_100th_">75</SimpleData>
					<SimpleData name="long_Deg">121</SimpleData>
					<SimpleData name="long_Min">7</SimpleData>
					<SimpleData name="long_100th">85</SimpleData>
					<SimpleData name="trans_lat">40.5175</SimpleData>
					<SimpleData name="trans_long">-121.079</SimpleData>
					<SimpleData name="calc_lat">40.8625</SimpleData>
					<SimpleData name="calc_long">-121.131</SimpleData>
					<SimpleData name="direction">unknown</SimpleData>
					<SimpleData name="area_name">Northeastern California</SimpleData>
				</SchemaData>
			</ExtendedData>
			<Point>
				<coordinates>-121.1308333333333,40.86249999999999,0</coordinates>
			</Point>
		</Placemark>
		<Placemark>
			<name>214</name>
			<styleUrl>#pointStyleMap</styleUrl>
			<Style id="inline">
				<IconStyle>
					<color>ffe7ebef</color>
					<colorMode>normal</colorMode>
				</IconStyle>
				<LineStyle>
					<color>ffe7ebef</color>
					<colorMode>normal</colorMode>
				</LineStyle>
				<PolyStyle>
					<color>ffe7ebef</color>
					<colorMode>normal</colorMode>
				</PolyStyle>
			</Style>
			<ExtendedData>
				<SchemaData schemaUrl="#S_CABPOP_POINTS_DDSDDDDDDDDDDSS">
					<SimpleData name="Wpt__">214</SimpleData>
					<SimpleData name="Seg">4</SimpleData>
					<SimpleData name="Transect_L">(E)</SimpleData>
					<SimpleData name="lat__Deg">40</SimpleData>
					<SimpleData name="lat_Min">53</SimpleData>
					<SimpleData name="lat_100th_">20</SimpleData>
					<SimpleData name="long_Deg">121</SimpleData>
					<SimpleData name="long_Min">1</SimpleData>
					<SimpleData name="long_100th">0</SimpleData>
					<SimpleData name="trans_lat">40.532</SimpleData>
					<SimpleData name="trans_long">-121.01</SimpleData>
					<SimpleData name="calc_lat">40.8867</SimpleData>
					<SimpleData name="calc_long">-121.017</SimpleData>
					<SimpleData name="direction">unknown</SimpleData>
					<SimpleData name="area_name">Northeastern California</SimpleData>
				</SchemaData>
			</ExtendedData>
			<Point>
				<coordinates>-121.0166666666667,40.88666666666666,0</coordinates>
			</Point>
		</Placemark>
		<Placemark>
			<name>215</name>
			<styleUrl>#pointStyleMap</styleUrl>
			<Style id="inline">
				<IconStyle>
					<color>ffe7ebef</color>
					<colorMode>normal</colorMode>
				</IconStyle>
				<LineStyle>
					<color>ffe7ebef</color>
					<colorMode>normal</colorMode>
				</LineStyle>
				<PolyStyle>
					<color>ffe7ebef</color>
					<colorMode>normal</colorMode>
				</PolyStyle>
			</Style>
			<ExtendedData>
				<SchemaData schemaUrl="#S_CABPOP_POINTS_DDSDDDDDDDDDDSS">
					<SimpleData name="Wpt__">215</SimpleData>
					<SimpleData name="Seg">4</SimpleData>
					<SimpleData name="Transect_L">Beaver Creek Rim</SimpleData>
					<SimpleData name="lat__Deg">41</SimpleData>
					<SimpleData name="lat_Min">0</SimpleData>
					<SimpleData name="lat_100th_">0</SimpleData>
					<SimpleData name="long_Deg">121</SimpleData>
					<SimpleData name="long_Min">18</SimpleData>
					<SimpleData name="long_100th">76</SimpleData>
					<SimpleData name="trans_lat">41</SimpleData>
					<SimpleData name="trans_long">-121.188</SimpleData>
					<SimpleData name="calc_lat">41</SimpleData>
					<SimpleData name="calc_long">-121.313</SimpleData>
					<SimpleData name="direction">unknown</SimpleData>
					<SimpleData name="area_name">Northeastern California</SimpleData>
				</SchemaData>
			</ExtendedData>
			<Point>
				<coordinates>-121.3126666666667,41.00000000000001,0</coordinates>
			</Point>
		</Placemark>
		<Placemark>
			<name>216</name>
			<styleUrl>#pointStyleMap</styleUrl>
			<Style id="inline">
				<IconStyle>
					<color>ffe7ebef</color>
					<colorMode>normal</colorMode>
				</IconStyle>
				<LineStyle>
					<color>ffe7ebef</color>
					<colorMode>normal</colorMode>
				</LineStyle>
				<PolyStyle>
					<color>ffe7ebef</color>
					<colorMode>normal</colorMode>
				</PolyStyle>
			</Style>
			<ExtendedData>
				<SchemaData schemaUrl="#S_CABPOP_POINTS_DDSDDDDDDDDDDSS">
					<SimpleData name="Wpt__">216</SimpleData>
					<SimpleData name="Seg">5</SimpleData>
					<SimpleData name="Transect_L">SE of Big Lake</SimpleData>
					<SimpleData name="lat__Deg">41</SimpleData>
					<SimpleData name="lat_Min">5</SimpleData>
					<SimpleData name="lat_100th_">90</SimpleData>
					<SimpleData name="long_Deg">121</SimpleData>
					<SimpleData name="long_Min">22</SimpleData>
					<SimpleData name="long_100th">82</SimpleData>
					<SimpleData name="trans_lat">41.059</SimpleData>
					<SimpleData name="trans_long">-121.228</SimpleData>
					<SimpleData name="calc_lat">41.0983</SimpleData>
					<SimpleData name="calc_long">-121.38</SimpleData>
					<SimpleData name="direction">unknown</SimpleData>
					<SimpleData name="area_name">Northeastern California</SimpleData>
				</SchemaData>
			</ExtendedData>
			<Point>
				<coordinates>-121.3803333333333,41.09833333333332,0</coordinates>
			</Point>
		</Placemark>
		<Placemark>
			<name>217</name>
			<styleUrl>#pointStyleMap</styleUrl>
			<Style id="inline">
				<IconStyle>
					<color>ffe7ebef</color>
					<colorMode>normal</colorMode>
				</IconStyle>
				<LineStyle>
					<color>ffe7ebef</color>
					<colorMode>normal</colorMode>
				</LineStyle>
				<PolyStyle>
					<color>ffe7ebef</color>
					<colorMode>normal</colorMode>
				</PolyStyle>
			</Style>
			<ExtendedData>
				<SchemaData schemaUrl="#S_CABPOP_POINTS_DDSDDDDDDDDDDSS">
					<SimpleData name="Wpt__">217</SimpleData>
					<SimpleData name="Seg">5</SimpleData>
					<SimpleData name="Transect_L">to Big Lake</SimpleData>
					<SimpleData name="lat__Deg">41</SimpleData>
					<SimpleData name="lat_Min">7</SimpleData>
					<SimpleData name="lat_100th_">58</SimpleData>
					<SimpleData name="long_Deg">121</SimpleData>
					<SimpleData name="long_Min">24</SimpleData>
					<SimpleData name="long_100th">2</SimpleData>
					<SimpleData name="trans_lat">41.0758</SimpleData>
					<SimpleData name="trans_long">-121.24</SimpleData>
					<SimpleData name="calc_lat">41.1263</SimpleData>
					<SimpleData name="calc_long">-121.4</SimpleData>
					<SimpleData name="direction">unknown</SimpleData>
					<SimpleData name="area_name">Northeastern California</SimpleData>
				</SchemaData>
			</ExtendedData>
			<Point>
				<coordinates>-121.4003333333333,41.12633333333334,0</coordinates>
			</Point>
		</Placemark>
		<Placemark>
			<name>218</name>
			<styleUrl>#pointStyleMap</styleUrl>
			<Style id="inline">
				<IconStyle>
					<color>ffe7ebef</color>
					<colorMode>normal</colorMode>
				</IconStyle>
				<LineStyle>
					<color>ffe7ebef</color>
					<colorMode>normal</colorMode>
				</LineStyle>
				<PolyStyle>
					<color>ffe7ebef</color>
					<colorMode>normal</colorMode>
				</PolyStyle>
			</Style>
			<ExtendedData>
				<SchemaData schemaUrl="#S_CABPOP_POINTS_DDSDDDDDDDDDDSS">
					<SimpleData name="Wpt__">218</SimpleData>
					<SimpleData name="Seg">5</SimpleData>
					<SimpleData name="Transect_L">Big Lake (N)</SimpleData>
					<SimpleData name="lat__Deg">41</SimpleData>
					<SimpleData name="lat_Min">6</SimpleData>
					<SimpleData name="lat_100th_">75</SimpleData>
					<SimpleData name="long_Deg">121</SimpleData>
					<SimpleData name="long_Min">27</SimpleData>
					<SimpleData name="long_100th">6</SimpleData>
					<SimpleData name="trans_lat">41.0675</SimpleData>
					<SimpleData name="trans_long">-121.271</SimpleData>
					<SimpleData name="calc_lat">41.1125</SimpleData>
					<SimpleData name="calc_long">-121.451</SimpleData>
					<SimpleData name="direction">unknown</SimpleData>
					<SimpleData name="area_name">Northeastern California</SimpleData>
				</SchemaData>
			</ExtendedData>
			<Point>
				<coordinates>-121.451,41.11249999999999,0</coordinates>
			</Point>
		</Placemark>
		<Placemark>
			<name>219</name>
			<styleUrl>#pointStyleMap</styleUrl>
			<Style id="inline">
				<IconStyle>
					<color>ffe7ebef</color>
					<colorMode>normal</colorMode>
				</IconStyle>
				<LineStyle>
					<color>ffe7ebef</color>
					<colorMode>normal</colorMode>
				</LineStyle>
				<PolyStyle>
					<color>ffe7ebef</color>
					<colorMode>normal</colorMode>
				</PolyStyle>
			</Style>
			<ExtendedData>
				<SchemaData schemaUrl="#S_CABPOP_POINTS_DDSDDDDDDDDDDSS">
					<SimpleData name="Wpt__">219</SimpleData>
					<SimpleData name="Seg">5</SimpleData>
					<SimpleData name="Transect_L">McArthur (S)</SimpleData>
					<SimpleData name="lat__Deg">41</SimpleData>
					<SimpleData name="lat_Min">3</SimpleData>
					<SimpleData name="lat_100th_">58</SimpleData>
					<SimpleData name="long_Deg">121</SimpleData>
					<SimpleData name="long_Min">22</SimpleData>
					<SimpleData name="long_100th">98</SimpleData>
					<SimpleData name="trans_lat">41.0358</SimpleData>
					<SimpleData name="trans_long">-121.23</SimpleData>
					<SimpleData name="calc_lat">41.0597</SimpleData>
					<SimpleData name="calc_long">-121.383</SimpleData>
					<SimpleData name="direction">unknown</SimpleData>
					<SimpleData name="area_name">Northeastern California</SimpleData>
				</SchemaData>
			</ExtendedData>
			<Point>
				<coordinates>-121.383,41.05966666666667,0</coordinates>
			</Point>
		</Placemark>
		<Placemark>
			<name>220</name>
			<styleUrl>#pointStyleMap</styleUrl>
			<Style id="inline">
				<IconStyle>
					<color>ffe7ebef</color>
					<colorMode>normal</colorMode>
				</IconStyle>
				<LineStyle>
					<color>ffe7ebef</color>
					<colorMode>normal</colorMode>
				</LineStyle>
				<PolyStyle>
					<color>ffe7ebef</color>
					<colorMode>normal</colorMode>
				</PolyStyle>
			</Style>
			<ExtendedData>
				<SchemaData schemaUrl="#S_CABPOP_POINTS_DDSDDDDDDDDDDSS">
					<SimpleData name="Wpt__">220</SimpleData>
					<SimpleData name="Seg">5</SimpleData>
					<SimpleData name="Transect_L">SE of Dana</SimpleData>
					<SimpleData name="lat__Deg">41</SimpleData>
					<SimpleData name="lat_Min">6</SimpleData>
					<SimpleData name="lat_100th_">12</SimpleData>
					<SimpleData name="long_Deg">121</SimpleData>
					<SimpleData name="long_Min">30</SimpleData>
					<SimpleData name="long_100th">86</SimpleData>
					<SimpleData name="trans_lat">41.0612</SimpleData>
					<SimpleData name="trans_long">-121.309</SimpleData>
					<SimpleData name="calc_lat">41.102</SimpleData>
					<SimpleData name="calc_long">-121.514</SimpleData>
					<SimpleData name="direction">unknown</SimpleData>
					<SimpleData name="area_name">Northeastern California</SimpleData>
				</SchemaData>
			</ExtendedData>
			<Point>
				<coordinates>-121.5143333333333,41.102,0</coordinates>
			</Point>
		</Placemark>
		<Placemark>
			<name>221</name>
			<styleUrl>#pointStyleMap</styleUrl>
			<Style id="inline">
				<IconStyle>
					<color>ffe7ebef</color>
					<colorMode>normal</colorMode>
				</IconStyle>
				<LineStyle>
					<color>ffe7ebef</color>
					<colorMode>normal</colorMode>
				</LineStyle>
				<PolyStyle>
					<color>ffe7ebef</color>
					<colorMode>normal</colorMode>
				</PolyStyle>
			</Style>
			<ExtendedData>
				<SchemaData schemaUrl="#S_CABPOP_POINTS_DDSDDDDDDDDDDSS">
					<SimpleData name="Wpt__">221</SimpleData>
					<SimpleData name="Seg">5</SimpleData>
					<SimpleData name="Transect_L">Fall River Mills (S)</SimpleData>
					<SimpleData name="lat__Deg">41</SimpleData>
					<SimpleData name="lat_Min">0</SimpleData>
					<SimpleData name="lat_100th_">50</SimpleData>
					<SimpleData name="long_Deg">121</SimpleData>
					<SimpleData name="long_Min">26</SimpleData>
					<SimpleData name="long_100th">87</SimpleData>
					<SimpleData name="trans_lat">41.005</SimpleData>
					<SimpleData name="trans_long">-121.269</SimpleData>
					<SimpleData name="calc_lat">41.0083</SimpleData>
					<SimpleData name="calc_long">-121.448</SimpleData>
					<SimpleData name="direction">unknown</SimpleData>
					<SimpleData name="area_name">Northeastern California</SimpleData>
				</SchemaData>
			</ExtendedData>
			<Point>
				<coordinates>-121.4478333333333,41.00833333333333,0</coordinates>
			</Point>
		</Placemark>
		<Placemark>
			<name>222</name>
			<styleUrl>#pointStyleMap</styleUrl>
			<Style id="inline">
				<IconStyle>
					<color>ffe7ebef</color>
					<colorMode>normal</colorMode>
				</IconStyle>
				<LineStyle>
					<color>ffe7ebef</color>
					<colorMode>normal</colorMode>
				</LineStyle>
				<PolyStyle>
					<color>ffe7ebef</color>
					<colorMode>normal</colorMode>
				</PolyStyle>
			</Style>
			<ExtendedData>
				<SchemaData schemaUrl="#S_CABPOP_POINTS_DDSDDDDDDDDDDSS">
					<SimpleData name="Wpt__">222</SimpleData>
					<SimpleData name="Seg">5</SimpleData>
					<SimpleData name="Transect_L">Big Valley (S)</SimpleData>
					<SimpleData name="lat__Deg">41</SimpleData>
					<SimpleData name="lat_Min">1</SimpleData>
					<SimpleData name="lat_100th_">92</SimpleData>
					<SimpleData name="long_Deg">121</SimpleData>
					<SimpleData name="long_Min">8</SimpleData>
					<SimpleData name="long_100th">3</SimpleData>
					<SimpleData name="trans_lat">41.0192</SimpleData>
					<SimpleData name="trans_long">-121.08</SimpleData>
					<SimpleData name="calc_lat">41.032</SimpleData>
					<SimpleData name="calc_long">-121.134</SimpleData>
					<SimpleData name="direction">unknown</SimpleData>
					<SimpleData name="area_name">Northeastern California</SimpleData>
				</SchemaData>
			</ExtendedData>
			<Point>
				<coordinates>-121.1338333333333,41.03199999999998,0</coordinates>
			</Point>
		</Placemark>
		<Placemark>
			<name>223</name>
			<styleUrl>#pointStyleMap</styleUrl>
			<Style id="inline">
				<IconStyle>
					<color>ffe7ebef</color>
					<colorMode>normal</colorMode>
				</IconStyle>
				<LineStyle>
					<color>ffe7ebef</color>
					<colorMode>normal</colorMode>
				</LineStyle>
				<PolyStyle>
					<color>ffe7ebef</color>
					<colorMode>normal</colorMode>
				</PolyStyle>
			</Style>
			<ExtendedData>
				<SchemaData schemaUrl="#S_CABPOP_POINTS_DDSDDDDDDDDDDSS">
					<SimpleData name="Wpt__">223</SimpleData>
					<SimpleData name="Seg">6</SimpleData>
					<SimpleData name="Transect_L">Bieber</SimpleData>
					<SimpleData name="lat__Deg">41</SimpleData>
					<SimpleData name="lat_Min">4</SimpleData>
					<SimpleData name="lat_100th_">87</SimpleData>
					<SimpleData name="long_Deg">121</SimpleData>
					<SimpleData name="long_Min">8</SimpleData>
					<SimpleData name="long_100th">42</SimpleData>
					<SimpleData name="trans_lat">41.0487</SimpleData>
					<SimpleData name="trans_long">-121.084</SimpleData>
					<SimpleData name="calc_lat">41.0812</SimpleData>
					<SimpleData name="calc_long">-121.14</SimpleData>
					<SimpleData name="direction">unknown</SimpleData>
					<SimpleData name="area_name">Northeastern California</SimpleData>
				</SchemaData>
			</ExtendedData>
			<Point>
				<coordinates>-121.1403333333333,41.08116666666665,0</coordinates>
			</Point>
		</Placemark>
		<Placemark>
			<name>224</name>
			<styleUrl>#pointStyleMap</styleUrl>
			<Style id="inline">
				<IconStyle>
					<color>ffe7ebef</color>
					<colorMode>normal</colorMode>
				</IconStyle>
				<LineStyle>
					<color>ffe7ebef</color>
					<colorMode>normal</colorMode>
				</LineStyle>
				<PolyStyle>
					<color>ffe7ebef</color>
					<colorMode>normal</colorMode>
				</PolyStyle>
			</Style>
			<ExtendedData>
				<SchemaData schemaUrl="#S_CABPOP_POINTS_DDSDDDDDDDDDDSS">
					<SimpleData name="Wpt__">224</SimpleData>
					<SimpleData name="Seg">6</SimpleData>
					<SimpleData name="Transect_L">W of Lookout (N)</SimpleData>
					<SimpleData name="lat__Deg">41</SimpleData>
					<SimpleData name="lat_Min">12</SimpleData>
					<SimpleData name="lat_100th_">38</SimpleData>
					<SimpleData name="long_Deg">121</SimpleData>
					<SimpleData name="long_Min">9</SimpleData>
					<SimpleData name="long_100th">65</SimpleData>
					<SimpleData name="trans_lat">41.1238</SimpleData>
					<SimpleData name="trans_long">-121.097</SimpleData>
					<SimpleData name="calc_lat">41.2063</SimpleData>
					<SimpleData name="calc_long">-121.161</SimpleData>
					<SimpleData name="direction">unknown</SimpleData>
					<SimpleData name="area_name">Northeastern California</SimpleData>
				</SchemaData>
			</ExtendedData>
			<Point>
				<coordinates>-121.1608333333333,41.20633333333334,0</coordinates>
			</Point>
		</Placemark>
		<Placemark>
			<name>225</name>
			<styleUrl>#pointStyleMap</styleUrl>
			<Style id="inline">
				<IconStyle>
					<color>ffe7ebef</color>
					<colorMode>normal</colorMode>
				</IconStyle>
				<LineStyle>
					<color>ffe7ebef</color>
					<colorMode>normal</colorMode>
				</LineStyle>
				<PolyStyle>
					<color>ffe7ebef</color>
					<colorMode>normal</colorMode>
				</PolyStyle>
			</Style>
			<ExtendedData>
				<SchemaData schemaUrl="#S_CABPOP_POINTS_DDSDDDDDDDDDDSS">
					<SimpleData name="Wpt__">225</SimpleData>
					<SimpleData name="Seg">6</SimpleData>
					<SimpleData name="Transect_L">N of Southard (W)</SimpleData>
					<SimpleData name="lat__Deg">41</SimpleData>
					<SimpleData name="lat_Min">9</SimpleData>
					<SimpleData name="lat_100th_">90</SimpleData>
					<SimpleData name="long_Deg">121</SimpleData>
					<SimpleData name="long_Min">9</SimpleData>
					<SimpleData name="long_100th">2</SimpleData>
					<SimpleData name="trans_lat">41.099</SimpleData>
					<SimpleData name="trans_long">-121.09</SimpleData>
					<SimpleData name="calc_lat">41.165</SimpleData>
					<SimpleData name="calc_long">-121.15</SimpleData>
					<SimpleData name="direction">unknown</SimpleData>
					<SimpleData name="area_name">Northeastern California</SimpleData>
				</SchemaData>
			</ExtendedData>
			<Point>
				<coordinates>-121.1503333333333,41.16499999999998,0</coordinates>
			</Point>
		</Placemark>
		<Placemark>
			<name>226</name>
			<styleUrl>#pointStyleMap</styleUrl>
			<Style id="inline">
				<IconStyle>
					<color>ffe7ebef</color>
					<colorMode>normal</colorMode>
				</IconStyle>
				<LineStyle>
					<color>ffe7ebef</color>
					<colorMode>normal</colorMode>
				</LineStyle>
				<PolyStyle>
					<color>ffe7ebef</color>
					<colorMode>normal</colorMode>
				</PolyStyle>
			</Style>
			<ExtendedData>
				<SchemaData schemaUrl="#S_CABPOP_POINTS_DDSDDDDDDDDDDSS">
					<SimpleData name="Wpt__">226</SimpleData>
					<SimpleData name="Seg">6</SimpleData>
					<SimpleData name="Transect_L">to Adin (E)</SimpleData>
					<SimpleData name="lat__Deg">41</SimpleData>
					<SimpleData name="lat_Min">11</SimpleData>
					<SimpleData name="lat_100th_">63</SimpleData>
					<SimpleData name="long_Deg">120</SimpleData>
					<SimpleData name="long_Min">58</SimpleData>
					<SimpleData name="long_100th">53</SimpleData>
					<SimpleData name="trans_lat">41.1163</SimpleData>
					<SimpleData name="trans_long">-120.585</SimpleData>
					<SimpleData name="calc_lat">41.1938</SimpleData>
					<SimpleData name="calc_long">-120.975</SimpleData>
					<SimpleData name="direction">unknown</SimpleData>
					<SimpleData name="area_name">Northeastern California</SimpleData>
				</SchemaData>
			</ExtendedData>
			<Point>
				<coordinates>-120.9755,41.1938333333333,0</coordinates>
			</Point>
		</Placemark>
		<Placemark>
			<name>227</name>
			<styleUrl>#pointStyleMap</styleUrl>
			<Style id="inline">
				<IconStyle>
					<color>ffe7ebef</color>
					<colorMode>normal</colorMode>
				</IconStyle>
				<LineStyle>
					<color>ffe7ebef</color>
					<colorMode>normal</colorMode>
				</LineStyle>
				<PolyStyle>
					<color>ffe7ebef</color>
					<colorMode>normal</colorMode>
				</PolyStyle>
			</Style>
			<ExtendedData>
				<SchemaData schemaUrl="#S_CABPOP_POINTS_DDSDDDDDDDDDDSS">
					<SimpleData name="Wpt__">227</SimpleData>
					<SimpleData name="Seg">7</SimpleData>
					<SimpleData name="Transect_L">W of Canby</SimpleData>
					<SimpleData name="lat__Deg">41</SimpleData>
					<SimpleData name="lat_Min">26</SimpleData>
					<SimpleData name="lat_100th_">20</SimpleData>
					<SimpleData name="long_Deg">120</SimpleData>
					<SimpleData name="long_Min">53</SimpleData>
					<SimpleData name="long_100th">95</SimpleData>
					<SimpleData name="trans_lat">41.262</SimpleData>
					<SimpleData name="trans_long">-120.54</SimpleData>
					<SimpleData name="calc_lat">41.4367</SimpleData>
					<SimpleData name="calc_long">-120.899</SimpleData>
					<SimpleData name="direction">unknown</SimpleData>
					<SimpleData name="area_name">Northeastern California</SimpleData>
				</SchemaData>
			</ExtendedData>
			<Point>
				<coordinates>-120.8991666666667,41.43666666666667,0</coordinates>
			</Point>
		</Placemark>
		<Placemark>
			<name>228</name>
			<styleUrl>#pointStyleMap</styleUrl>
			<Style id="inline">
				<IconStyle>
					<color>ffe7ebef</color>
					<colorMode>normal</colorMode>
				</IconStyle>
				<LineStyle>
					<color>ffe7ebef</color>
					<colorMode>normal</colorMode>
				</LineStyle>
				<PolyStyle>
					<color>ffe7ebef</color>
					<colorMode>normal</colorMode>
				</PolyStyle>
			</Style>
			<ExtendedData>
				<SchemaData schemaUrl="#S_CABPOP_POINTS_DDSDDDDDDDDDDSS">
					<SimpleData name="Wpt__">228</SimpleData>
					<SimpleData name="Seg">7</SimpleData>
					<SimpleData name="Transect_L">to Rattle Snake Butte</SimpleData>
					<SimpleData name="lat__Deg">41</SimpleData>
					<SimpleData name="lat_Min">26</SimpleData>
					<SimpleData name="lat_100th_">20</SimpleData>
					<SimpleData name="long_Deg">120</SimpleData>
					<SimpleData name="long_Min">43</SimpleData>
					<SimpleData name="long_100th">8</SimpleData>
					<SimpleData name="trans_lat">41.262</SimpleData>
					<SimpleData name="trans_long">-120.431</SimpleData>
					<SimpleData name="calc_lat">41.4367</SimpleData>
					<SimpleData name="calc_long">-120.718</SimpleData>
					<SimpleData name="direction">unknown</SimpleData>
					<SimpleData name="area_name">Northeastern California</SimpleData>
				</SchemaData>
			</ExtendedData>
			<Point>
				<coordinates>-120.718,41.43666666666667,0</coordinates>
			</Point>
		</Placemark>
		<Placemark>
			<name>229</name>
			<styleUrl>#pointStyleMap</styleUrl>
			<Style id="inline">
				<IconStyle>
					<color>ffe7ebef</color>
					<colorMode>normal</colorMode>
				</IconStyle>
				<LineStyle>
					<color>ffe7ebef</color>
					<colorMode>normal</colorMode>
				</LineStyle>
				<PolyStyle>
					<color>ffe7ebef</color>
					<colorMode>normal</colorMode>
				</PolyStyle>
			</Style>
			<ExtendedData>
				<SchemaData schemaUrl="#S_CABPOP_POINTS_DDSDDDDDDDDDDSS">
					<SimpleData name="Wpt__">229</SimpleData>
					<SimpleData name="Seg">7</SimpleData>
					<SimpleData name="Transect_L">Likely (S)</SimpleData>
					<SimpleData name="lat__Deg">41</SimpleData>
					<SimpleData name="lat_Min">14</SimpleData>
					<SimpleData name="lat_100th_">12</SimpleData>
					<SimpleData name="long_Deg">120</SimpleData>
					<SimpleData name="long_Min">33</SimpleData>
					<SimpleData name="long_100th">13</SimpleData>
					<SimpleData name="trans_lat">41.1412</SimpleData>
					<SimpleData name="trans_long">-120.331</SimpleData>
					<SimpleData name="calc_lat">41.2353</SimpleData>
					<SimpleData name="calc_long">-120.552</SimpleData>
					<SimpleData name="direction">unknown</SimpleData>
					<SimpleData name="area_name">Northeastern California</SimpleData>
				</SchemaData>
			</ExtendedData>
			<Point>
				<coordinates>-120.5521666666667,41.23533333333333,0</coordinates>
			</Point>
		</Placemark>
		<Placemark>
			<name>230</name>
			<styleUrl>#pointStyleMap</styleUrl>
			<Style id="inline">
				<IconStyle>
					<color>ffe7ebef</color>
					<colorMode>normal</colorMode>
				</IconStyle>
				<LineStyle>
					<color>ffe7ebef</color>
					<colorMode>normal</colorMode>
				</LineStyle>
				<PolyStyle>
					<color>ffe7ebef</color>
					<colorMode>normal</colorMode>
				</PolyStyle>
			</Style>
			<ExtendedData>
				<SchemaData schemaUrl="#S_CABPOP_POINTS_DDSDDDDDDDDDDSS">
					<SimpleData name="Wpt__">230</SimpleData>
					<SimpleData name="Seg">8</SimpleData>
					<SimpleData name="Transect_L">to Eastside canal</SimpleData>
					<SimpleData name="lat__Deg">41</SimpleData>
					<SimpleData name="lat_Min">21</SimpleData>
					<SimpleData name="lat_100th_">63</SimpleData>
					<SimpleData name="long_Deg">120</SimpleData>
					<SimpleData name="long_Min">32</SimpleData>
					<SimpleData name="long_100th">65</SimpleData>
					<SimpleData name="trans_lat">41.2163</SimpleData>
					<SimpleData name="trans_long">-120.326</SimpleData>
					<SimpleData name="calc_lat">41.3605</SimpleData>
					<SimpleData name="calc_long">-120.544</SimpleData>
					<SimpleData name="direction">unknown</SimpleData>
					<SimpleData name="area_name">Northeastern California</SimpleData>
				</SchemaData>
			</ExtendedData>
			<Point>
				<coordinates>-120.5441666666667,41.36050000000002,0</coordinates>
			</Point>
		</Placemark>
		<Placemark>
			<name>231</name>
			<styleUrl>#pointStyleMap</styleUrl>
			<Style id="inline">
				<IconStyle>
					<color>ffe7ebef</color>
					<colorMode>normal</colorMode>
				</IconStyle>
				<LineStyle>
					<color>ffe7ebef</color>
					<colorMode>normal</colorMode>
				</LineStyle>
				<PolyStyle>
					<color>ffe7ebef</color>
					<colorMode>normal</colorMode>
				</PolyStyle>
			</Style>
			<ExtendedData>
				<SchemaData schemaUrl="#S_CABPOP_POINTS_DDSDDDDDDDDDDSS">
					<SimpleData name="Wpt__">231</SimpleData>
					<SimpleData name="Seg">8</SimpleData>
					<SimpleData name="Transect_L">S of Alturas (N)</SimpleData>
					<SimpleData name="lat__Deg">41</SimpleData>
					<SimpleData name="lat_Min">27</SimpleData>
					<SimpleData name="lat_100th_">92</SimpleData>
					<SimpleData name="long_Deg">120</SimpleData>
					<SimpleData name="long_Min">32</SimpleData>
					<SimpleData name="long_100th">21</SimpleData>
					<SimpleData name="trans_lat">41.2792</SimpleData>
					<SimpleData name="trans_long">-120.322</SimpleData>
					<SimpleData name="calc_lat">41.4653</SimpleData>
					<SimpleData name="calc_long">-120.537</SimpleData>
					<SimpleData name="direction">unknown</SimpleData>
					<SimpleData name="area_name">Northeastern California</SimpleData>
				</SchemaData>
			</ExtendedData>
			<Point>
				<coordinates>-120.5368333333333,41.46533333333332,0</coordinates>
			</Point>
		</Placemark>
		<Placemark>
			<name>232</name>
			<styleUrl>#pointStyleMap</styleUrl>
			<Style id="inline">
				<IconStyle>
					<color>ffe7ebef</color>
					<colorMode>normal</colorMode>
				</IconStyle>
				<LineStyle>
					<color>ffe7ebef</color>
					<colorMode>normal</colorMode>
				</LineStyle>
				<PolyStyle>
					<color>ffe7ebef</color>
					<colorMode>normal</colorMode>
				</PolyStyle>
			</Style>
			<ExtendedData>
				<SchemaData schemaUrl="#S_CABPOP_POINTS_DDSDDDDDDDDDDSS">
					<SimpleData name="Wpt__">232</SimpleData>
					<SimpleData name="Seg">8</SimpleData>
					<SimpleData name="Transect_L">Dorris Res (N)</SimpleData>
					<SimpleData name="lat__Deg">41</SimpleData>
					<SimpleData name="lat_Min">29</SimpleData>
					<SimpleData name="lat_100th_">53</SimpleData>
					<SimpleData name="long_Deg">120</SimpleData>
					<SimpleData name="long_Min">27</SimpleData>
					<SimpleData name="long_100th">70</SimpleData>
					<SimpleData name="trans_lat">41.2953</SimpleData>
					<SimpleData name="trans_long">-120.277</SimpleData>
					<SimpleData name="calc_lat">41.4922</SimpleData>
					<SimpleData name="calc_long">-120.462</SimpleData>
					<SimpleData name="direction">unknown</SimpleData>
					<SimpleData name="area_name">Northeastern California</SimpleData>
				</SchemaData>
			</ExtendedData>
			<Point>
				<coordinates>-120.4616666666667,41.49216666666667,0</coordinates>
			</Point>
		</Placemark>
		<Placemark>
			<name>233</name>
			<styleUrl>#pointStyleMap</styleUrl>
			<Style id="inline">
				<IconStyle>
					<color>ffe7ebef</color>
					<colorMode>normal</colorMode>
				</IconStyle>
				<LineStyle>
					<color>ffe7ebef</color>
					<colorMode>normal</colorMode>
				</LineStyle>
				<PolyStyle>
					<color>ffe7ebef</color>
					<colorMode>normal</colorMode>
				</PolyStyle>
			</Style>
			<ExtendedData>
				<SchemaData schemaUrl="#S_CABPOP_POINTS_DDSDDDDDDDDDDSS">
					<SimpleData name="Wpt__">233</SimpleData>
					<SimpleData name="Seg">8</SimpleData>
					<SimpleData name="Transect_L">(S)</SimpleData>
					<SimpleData name="lat__Deg">41</SimpleData>
					<SimpleData name="lat_Min">20</SimpleData>
					<SimpleData name="lat_100th_">21</SimpleData>
					<SimpleData name="long_Deg">120</SimpleData>
					<SimpleData name="long_Min">28</SimpleData>
					<SimpleData name="long_100th">88</SimpleData>
					<SimpleData name="trans_lat">41.2021</SimpleData>
					<SimpleData name="trans_long">-120.289</SimpleData>
					<SimpleData name="calc_lat">41.3368</SimpleData>
					<SimpleData name="calc_long">-120.481</SimpleData>
					<SimpleData name="direction">unknown</SimpleData>
					<SimpleData name="area_name">Northeastern California</SimpleData>
				</SchemaData>
			</ExtendedData>
			<Point>
				<coordinates>-120.4813333333333,41.33683333333336,0</coordinates>
			</Point>
		</Placemark>
		<Placemark>
			<name>234</name>
			<styleUrl>#pointStyleMap</styleUrl>
			<Style id="inline">
				<IconStyle>
					<color>ffe7ebef</color>
					<colorMode>normal</colorMode>
				</IconStyle>
				<LineStyle>
					<color>ffe7ebef</color>
					<colorMode>normal</colorMode>
				</LineStyle>
				<PolyStyle>
					<color>ffe7ebef</color>
					<colorMode>normal</colorMode>
				</PolyStyle>
			</Style>
			<ExtendedData>
				<SchemaData schemaUrl="#S_CABPOP_POINTS_DDSDDDDDDDDDDSS">
					<SimpleData name="Wpt__">234</SimpleData>
					<SimpleData name="Seg">9</SimpleData>
					<SimpleData name="Transect_L">S of Lower Lake (S)</SimpleData>
					<SimpleData name="lat__Deg">41</SimpleData>
					<SimpleData name="lat_Min">9</SimpleData>
					<SimpleData name="lat_100th_">50</SimpleData>
					<SimpleData name="long_Deg">120</SimpleData>
					<SimpleData name="long_Min">2</SimpleData>
					<SimpleData name="long_100th">11</SimpleData>
					<SimpleData name="trans_lat">41.095</SimpleData>
					<SimpleData name="trans_long">-120.021</SimpleData>
					<SimpleData name="calc_lat">41.1583</SimpleData>
					<SimpleData name="calc_long">-120.035</SimpleData>
					<SimpleData name="direction">unknown</SimpleData>
					<SimpleData name="area_name">Northeastern California</SimpleData>
				</SchemaData>
			</ExtendedData>
			<Point>
				<coordinates>-120.0351666666667,41.15833333333335,0</coordinates>
			</Point>
		</Placemark>
		<Placemark>
			<name>235</name>
			<styleUrl>#pointStyleMap</styleUrl>
			<Style id="inline">
				<IconStyle>
					<color>ffe7ebef</color>
					<colorMode>normal</colorMode>
				</IconStyle>
				<LineStyle>
					<color>ffe7ebef</color>
					<colorMode>normal</colorMode>
				</LineStyle>
				<PolyStyle>
					<color>ffe7ebef</color>
					<colorMode>normal</colorMode>
				</PolyStyle>
			</Style>
			<ExtendedData>
				<SchemaData schemaUrl="#S_CABPOP_POINTS_DDSDDDDDDDDDDSS">
					<SimpleData name="Wpt__">235</SimpleData>
					<SimpleData name="Seg">10</SimpleData>
					<SimpleData name="Transect_L">to S of Cottonwood ck</SimpleData>
					<SimpleData name="lat__Deg">41</SimpleData>
					<SimpleData name="lat_Min">24</SimpleData>
					<SimpleData name="lat_100th_">75</SimpleData>
					<SimpleData name="long_Deg">120</SimpleData>
					<SimpleData name="long_Min">6</SimpleData>
					<SimpleData name="long_100th">50</SimpleData>
					<SimpleData name="trans_lat">41.2475</SimpleData>
					<SimpleData name="trans_long">-120.065</SimpleData>
					<SimpleData name="calc_lat">41.4125</SimpleData>
					<SimpleData name="calc_long">-120.108</SimpleData>
					<SimpleData name="direction">unknown</SimpleData>
					<SimpleData name="area_name">Northeastern California</SimpleData>
				</SchemaData>
			</ExtendedData>
			<Point>
				<coordinates>-120.1083333333333,41.4125,0</coordinates>
			</Point>
		</Placemark>
		<Placemark>
			<name>236</name>
			<styleUrl>#pointStyleMap</styleUrl>
			<Style id="inline">
				<IconStyle>
					<color>ffe7ebef</color>
					<colorMode>normal</colorMode>
				</IconStyle>
				<LineStyle>
					<color>ffe7ebef</color>
					<colorMode>normal</colorMode>
				</LineStyle>
				<PolyStyle>
					<color>ffe7ebef</color>
					<colorMode>normal</colorMode>
				</PolyStyle>
			</Style>
			<ExtendedData>
				<SchemaData schemaUrl="#S_CABPOP_POINTS_DDSDDDDDDDDDDSS">
					<SimpleData name="Wpt__">236</SimpleData>
					<SimpleData name="Seg">10</SimpleData>
					<SimpleData name="Transect_L">to Upper Lake (N)</SimpleData>
					<SimpleData name="lat__Deg">41</SimpleData>
					<SimpleData name="lat_Min">40</SimpleData>
					<SimpleData name="lat_100th_">0</SimpleData>
					<SimpleData name="long_Deg">120</SimpleData>
					<SimpleData name="long_Min">11</SimpleData>
					<SimpleData name="long_100th">6</SimpleData>
					<SimpleData name="trans_lat">41.4</SimpleData>
					<SimpleData name="trans_long">-120.111</SimpleData>
					<SimpleData name="calc_lat">41.6667</SimpleData>
					<SimpleData name="calc_long">-120.184</SimpleData>
					<SimpleData name="direction">unknown</SimpleData>
					<SimpleData name="area_name">Northeastern California</SimpleData>
				</SchemaData>
			</ExtendedData>
			<Point>
				<coordinates>-120.1843333333334,41.66666666666665,0</coordinates>
			</Point>
		</Placemark>
		<Placemark>
			<name>237</name>
			<styleUrl>#pointStyleMap</styleUrl>
			<Style id="inline">
				<IconStyle>
					<color>ffe7ebef</color>
					<colorMode>normal</colorMode>
				</IconStyle>
				<LineStyle>
					<color>ffe7ebef</color>
					<colorMode>normal</colorMode>
				</LineStyle>
				<PolyStyle>
					<color>ffe7ebef</color>
					<colorMode>normal</colorMode>
				</PolyStyle>
			</Style>
			<ExtendedData>
				<SchemaData schemaUrl="#S_CABPOP_POINTS_DDSDDDDDDDDDDSS">
					<SimpleData name="Wpt__">237</SimpleData>
					<SimpleData name="Seg">11</SimpleData>
					<SimpleData name="Transect_L">Lake City (S)</SimpleData>
					<SimpleData name="lat__Deg">41</SimpleData>
					<SimpleData name="lat_Min">38</SimpleData>
					<SimpleData name="lat_100th_">68</SimpleData>
					<SimpleData name="long_Deg">120</SimpleData>
					<SimpleData name="long_Min">12</SimpleData>
					<SimpleData name="long_100th">47</SimpleData>
					<SimpleData name="trans_lat">41.3868</SimpleData>
					<SimpleData name="trans_long">-120.125</SimpleData>
					<SimpleData name="calc_lat">41.6447</SimpleData>
					<SimpleData name="calc_long">-120.208</SimpleData>
					<SimpleData name="direction">unknown</SimpleData>
					<SimpleData name="area_name">Northeastern California</SimpleData>
				</SchemaData>
			</ExtendedData>
			<Point>
				<coordinates>-120.2078333333333,41.64466666666667,0</coordinates>
			</Point>
		</Placemark>
		<Placemark>
			<name>238</name>
			<styleUrl>#pointStyleMap</styleUrl>
			<Style id="inline">
				<IconStyle>
					<color>ffe7ebef</color>
					<colorMode>normal</colorMode>
				</IconStyle>
				<LineStyle>
					<color>ffe7ebef</color>
					<colorMode>normal</colorMode>
				</LineStyle>
				<PolyStyle>
					<color>ffe7ebef</color>
					<colorMode>normal</colorMode>
				</PolyStyle>
			</Style>
			<ExtendedData>
				<SchemaData schemaUrl="#S_CABPOP_POINTS_DDSDDDDDDDDDDSS">
					<SimpleData name="Wpt__">238</SimpleData>
					<SimpleData name="Seg">11</SimpleData>
					<SimpleData name="Transect_L">S of Fort Bidwell (N)</SimpleData>
					<SimpleData name="lat__Deg">41</SimpleData>
					<SimpleData name="lat_Min">50</SimpleData>
					<SimpleData name="lat_100th_">93</SimpleData>
					<SimpleData name="long_Deg">120</SimpleData>
					<SimpleData name="long_Min">9</SimpleData>
					<SimpleData name="long_100th">48</SimpleData>
					<SimpleData name="trans_lat">41.5093</SimpleData>
					<SimpleData name="trans_long">-120.095</SimpleData>
					<SimpleData name="calc_lat">41.8488</SimpleData>
					<SimpleData name="calc_long">-120.158</SimpleData>
					<SimpleData name="direction">unknown</SimpleData>
					<SimpleData name="area_name">Northeastern California</SimpleData>
				</SchemaData>
			</ExtendedData>
			<Point>
				<coordinates>-120.158,41.84883333333335,0</coordinates>
			</Point>
		</Placemark>
		<Placemark>
			<name>239</name>
			<styleUrl>#pointStyleMap</styleUrl>
			<Style id="inline">
				<IconStyle>
					<color>ffe7ebef</color>
					<colorMode>normal</colorMode>
				</IconStyle>
				<LineStyle>
					<color>ffe7ebef</color>
					<colorMode>normal</colorMode>
				</LineStyle>
				<PolyStyle>
					<color>ffe7ebef</color>
					<colorMode>normal</colorMode>
				</PolyStyle>
			</Style>
			<ExtendedData>
				<SchemaData schemaUrl="#S_CABPOP_POINTS_DDSDDDDDDDDDDSS">
					<SimpleData name="Wpt__">239</SimpleData>
					<SimpleData name="Seg">11</SimpleData>
					<SimpleData name="Transect_L">Goose Lake (N)</SimpleData>
					<SimpleData name="lat__Deg">41</SimpleData>
					<SimpleData name="lat_Min">59</SimpleData>
					<SimpleData name="lat_100th_">75</SimpleData>
					<SimpleData name="long_Deg">120</SimpleData>
					<SimpleData name="long_Min">19</SimpleData>
					<SimpleData name="long_100th">75</SimpleData>
					<SimpleData name="trans_lat">41.5975</SimpleData>
					<SimpleData name="trans_long">-120.198</SimpleData>
					<SimpleData name="calc_lat">41.9958</SimpleData>
					<SimpleData name="calc_long">-120.329</SimpleData>
					<SimpleData name="direction">unknown</SimpleData>
					<SimpleData name="area_name">Northeastern California</SimpleData>
				</SchemaData>
			</ExtendedData>
			<Point>
				<coordinates>-120.3291666666666,41.99583333333336,0</coordinates>
			</Point>
		</Placemark>
		<Placemark>
			<name>240</name>
			<styleUrl>#pointStyleMap</styleUrl>
			<Style id="inline">
				<IconStyle>
					<color>ffe7ebef</color>
					<colorMode>normal</colorMode>
				</IconStyle>
				<LineStyle>
					<color>ffe7ebef</color>
					<colorMode>normal</colorMode>
				</LineStyle>
				<PolyStyle>
					<color>ffe7ebef</color>
					<colorMode>normal</colorMode>
				</PolyStyle>
			</Style>
			<ExtendedData>
				<SchemaData schemaUrl="#S_CABPOP_POINTS_DDSDDDDDDDDDDSS">
					<SimpleData name="Wpt__">240</SimpleData>
					<SimpleData name="Seg">12</SimpleData>
					<SimpleData name="Transect_L">Goose Lake</SimpleData>
					<SimpleData name="lat__Deg">41</SimpleData>
					<SimpleData name="lat_Min">56</SimpleData>
					<SimpleData name="lat_100th_">60</SimpleData>
					<SimpleData name="long_Deg">120</SimpleData>
					<SimpleData name="long_Min">20</SimpleData>
					<SimpleData name="long_100th">43</SimpleData>
					<SimpleData name="trans_lat">41.566</SimpleData>
					<SimpleData name="trans_long">-120.204</SimpleData>
					<SimpleData name="calc_lat">41.9433</SimpleData>
					<SimpleData name="calc_long">-120.341</SimpleData>
					<SimpleData name="direction">unknown</SimpleData>
					<SimpleData name="area_name">Northeastern California</SimpleData>
				</SchemaData>
			</ExtendedData>
			<Point>
				<coordinates>-120.3405,41.94333333333334,0</coordinates>
			</Point>
		</Placemark>
		<Placemark>
			<name>241</name>
			<styleUrl>#pointStyleMap</styleUrl>
			<Style id="inline">
				<IconStyle>
					<color>ffe7ebef</color>
					<colorMode>normal</colorMode>
				</IconStyle>
				<LineStyle>
					<color>ffe7ebef</color>
					<colorMode>normal</colorMode>
				</LineStyle>
				<PolyStyle>
					<color>ffe7ebef</color>
					<colorMode>normal</colorMode>
				</PolyStyle>
			</Style>
			<ExtendedData>
				<SchemaData schemaUrl="#S_CABPOP_POINTS_DDSDDDDDDDDDDSS">
					<SimpleData name="Wpt__">241</SimpleData>
					<SimpleData name="Seg">12</SimpleData>
					<SimpleData name="Transect_L">Southern Pacific tracks</SimpleData>
					<SimpleData name="lat__Deg">41</SimpleData>
					<SimpleData name="lat_Min">41</SimpleData>
					<SimpleData name="lat_100th_">18</SimpleData>
					<SimpleData name="long_Deg">120</SimpleData>
					<SimpleData name="long_Min">23</SimpleData>
					<SimpleData name="long_100th">73</SimpleData>
					<SimpleData name="trans_lat">41.4118</SimpleData>
					<SimpleData name="trans_long">-120.237</SimpleData>
					<SimpleData name="calc_lat">41.6863</SimpleData>
					<SimpleData name="calc_long">-120.395</SimpleData>
					<SimpleData name="direction">unknown</SimpleData>
					<SimpleData name="area_name">Northeastern California</SimpleData>
				</SchemaData>
			</ExtendedData>
			<Point>
				<coordinates>-120.3955,41.68633333333333,0</coordinates>
			</Point>
		</Placemark>
		<Placemark>
			<name>242</name>
			<styleUrl>#pointStyleMap</styleUrl>
			<Style id="inline">
				<IconStyle>
					<color>ffe7ebef</color>
					<colorMode>normal</colorMode>
				</IconStyle>
				<LineStyle>
					<color>ffe7ebef</color>
					<colorMode>normal</colorMode>
				</LineStyle>
				<PolyStyle>
					<color>ffe7ebef</color>
					<colorMode>normal</colorMode>
				</PolyStyle>
			</Style>
			<ExtendedData>
				<SchemaData schemaUrl="#S_CABPOP_POINTS_DDSDDDDDDDDDDSS">
					<SimpleData name="Wpt__">242</SimpleData>
					<SimpleData name="Seg">12</SimpleData>
					<SimpleData name="Transect_L">(S)</SimpleData>
					<SimpleData name="lat__Deg">41</SimpleData>
					<SimpleData name="lat_Min">39</SimpleData>
					<SimpleData name="lat_100th_">31</SimpleData>
					<SimpleData name="long_Deg">120</SimpleData>
					<SimpleData name="long_Min">24</SimpleData>
					<SimpleData name="long_100th">13</SimpleData>
					<SimpleData name="trans_lat">41.3931</SimpleData>
					<SimpleData name="trans_long">-120.241</SimpleData>
					<SimpleData name="calc_lat">41.6552</SimpleData>
					<SimpleData name="calc_long">-120.402</SimpleData>
					<SimpleData name="direction">unknown</SimpleData>
					<SimpleData name="area_name">Northeastern California</SimpleData>
				</SchemaData>
			</ExtendedData>
			<Point>
				<coordinates>-120.4021666666667,41.65516666666666,0</coordinates>
			</Point>
		</Placemark>
		<Placemark>
			<name>243</name>
			<styleUrl>#pointStyleMap</styleUrl>
			<Style id="inline">
				<IconStyle>
					<color>ffe7ebef</color>
					<colorMode>normal</colorMode>
				</IconStyle>
				<LineStyle>
					<color>ffe7ebef</color>
					<colorMode>normal</colorMode>
				</LineStyle>
				<PolyStyle>
					<color>ffe7ebef</color>
					<colorMode>normal</colorMode>
				</PolyStyle>
			</Style>
			<ExtendedData>
				<SchemaData schemaUrl="#S_CABPOP_POINTS_DDSDDDDDDDDDDSS">
					<SimpleData name="Wpt__">243</SimpleData>
					<SimpleData name="Seg">13</SimpleData>
					<SimpleData name="Transect_L">Mud Lake (S)</SimpleData>
					<SimpleData name="lat__Deg">41</SimpleData>
					<SimpleData name="lat_Min">32</SimpleData>
					<SimpleData name="lat_100th_">78</SimpleData>
					<SimpleData name="long_Deg">120</SimpleData>
					<SimpleData name="long_Min">29</SimpleData>
					<SimpleData name="long_100th">62</SimpleData>
					<SimpleData name="trans_lat">41.3278</SimpleData>
					<SimpleData name="trans_long">-120.296</SimpleData>
					<SimpleData name="calc_lat">41.5463</SimpleData>
					<SimpleData name="calc_long">-120.494</SimpleData>
					<SimpleData name="direction">unknown</SimpleData>
					<SimpleData name="area_name">Northeastern California</SimpleData>
				</SchemaData>
			</ExtendedData>
			<Point>
				<coordinates>-120.4936666666667,41.54633333333333,0</coordinates>
			</Point>
		</Placemark>
		<Placemark>
			<name>244</name>
			<styleUrl>#pointStyleMap</styleUrl>
			<Style id="inline">
				<IconStyle>
					<color>ffe7ebef</color>
					<colorMode>normal</colorMode>
				</IconStyle>
				<LineStyle>
					<color>ffe7ebef</color>
					<colorMode>normal</colorMode>
				</LineStyle>
				<PolyStyle>
					<color>ffe7ebef</color>
					<colorMode>normal</colorMode>
				</PolyStyle>
			</Style>
			<ExtendedData>
				<SchemaData schemaUrl="#S_CABPOP_POINTS_DDSDDDDDDDDDDSS">
					<SimpleData name="Wpt__">244</SimpleData>
					<SimpleData name="Seg">14</SimpleData>
					<SimpleData name="Transect_L"></SimpleData>
					<SimpleData name="lat__Deg">41</SimpleData>
					<SimpleData name="lat_Min">45</SimpleData>
					<SimpleData name="lat_100th_">30</SimpleData>
					<SimpleData name="long_Deg">120</SimpleData>
					<SimpleData name="long_Min">37</SimpleData>
					<SimpleData name="long_100th">23</SimpleData>
					<SimpleData name="trans_lat">41.453</SimpleData>
					<SimpleData name="trans_long">-120.372</SimpleData>
					<SimpleData name="calc_lat">41.755</SimpleData>
					<SimpleData name="calc_long">-120.621</SimpleData>
					<SimpleData name="direction">unknown</SimpleData>
					<SimpleData name="area_name">Northeastern California</SimpleData>
				</SchemaData>
			</ExtendedData>
			<Point>
				<coordinates>-120.6205,41.755,0</coordinates>
			</Point>
		</Placemark>
		<Placemark>
			<name>245</name>
			<styleUrl>#pointStyleMap</styleUrl>
			<Style id="inline">
				<IconStyle>
					<color>ffe7ebef</color>
					<colorMode>normal</colorMode>
				</IconStyle>
				<LineStyle>
					<color>ffe7ebef</color>
					<colorMode>normal</colorMode>
				</LineStyle>
				<PolyStyle>
					<color>ffe7ebef</color>
					<colorMode>normal</colorMode>
				</PolyStyle>
			</Style>
			<ExtendedData>
				<SchemaData schemaUrl="#S_CABPOP_POINTS_DDSDDDDDDDDDDSS">
					<SimpleData name="Wpt__">245</SimpleData>
					<SimpleData name="Seg">14</SimpleData>
					<SimpleData name="Transect_L">to N of South Mtn.Res.(N)</SimpleData>
					<SimpleData name="lat__Deg">41</SimpleData>
					<SimpleData name="lat_Min">49</SimpleData>
					<SimpleData name="lat_100th_">15</SimpleData>
					<SimpleData name="long_Deg">120</SimpleData>
					<SimpleData name="long_Min">39</SimpleData>
					<SimpleData name="long_100th">39</SimpleData>
					<SimpleData name="trans_lat">41.4915</SimpleData>
					<SimpleData name="trans_long">-120.394</SimpleData>
					<SimpleData name="calc_lat">41.8192</SimpleData>
					<SimpleData name="calc_long">-120.656</SimpleData>
					<SimpleData name="direction">unknown</SimpleData>
					<SimpleData name="area_name">Northeastern California</SimpleData>
				</SchemaData>
			</ExtendedData>
			<Point>
				<coordinates>-120.6565,41.81916666666665,0</coordinates>
			</Point>
		</Placemark>
		<Placemark>
			<name>246</name>
			<styleUrl>#pointStyleMap</styleUrl>
			<Style id="inline">
				<IconStyle>
					<color>ffe7ebef</color>
					<colorMode>normal</colorMode>
				</IconStyle>
				<LineStyle>
					<color>ffe7ebef</color>
					<colorMode>normal</colorMode>
				</LineStyle>
				<PolyStyle>
					<color>ffe7ebef</color>
					<colorMode>normal</colorMode>
				</PolyStyle>
			</Style>
			<ExtendedData>
				<SchemaData schemaUrl="#S_CABPOP_POINTS_DDSDDDDDDDDDDSS">
					<SimpleData name="Wpt__">246</SimpleData>
					<SimpleData name="Seg">14</SimpleData>
					<SimpleData name="Transect_L">Baseball Res. (N)</SimpleData>
					<SimpleData name="lat__Deg">41</SimpleData>
					<SimpleData name="lat_Min">55</SimpleData>
					<SimpleData name="lat_100th_">40</SimpleData>
					<SimpleData name="long_Deg">120</SimpleData>
					<SimpleData name="long_Min">46</SimpleData>
					<SimpleData name="long_100th">78</SimpleData>
					<SimpleData name="trans_lat">41.554</SimpleData>
					<SimpleData name="trans_long">-120.468</SimpleData>
					<SimpleData name="calc_lat">41.9233</SimpleData>
					<SimpleData name="calc_long">-120.78</SimpleData>
					<SimpleData name="direction">unknown</SimpleData>
					<SimpleData name="area_name">Northeastern California</SimpleData>
				</SchemaData>
			</ExtendedData>
			<Point>
				<coordinates>-120.7796666666667,41.92333333333332,0</coordinates>
			</Point>
		</Placemark>
		<Placemark>
			<name>247</name>
			<styleUrl>#pointStyleMap</styleUrl>
			<Style id="inline">
				<IconStyle>
					<color>ffe7ebef</color>
					<colorMode>normal</colorMode>
				</IconStyle>
				<LineStyle>
					<color>ffe7ebef</color>
					<colorMode>normal</colorMode>
				</LineStyle>
				<PolyStyle>
					<color>ffe7ebef</color>
					<colorMode>normal</colorMode>
				</PolyStyle>
			</Style>
			<ExtendedData>
				<SchemaData schemaUrl="#S_CABPOP_POINTS_DDSDDDDDDDDDDSS">
					<SimpleData name="Wpt__">247</SimpleData>
					<SimpleData name="Seg">15</SimpleData>
					<SimpleData name="Transect_L">to S of Telephone Flat Res.</SimpleData>
					<SimpleData name="lat__Deg">41</SimpleData>
					<SimpleData name="lat_Min">44</SimpleData>
					<SimpleData name="lat_100th_">88</SimpleData>
					<SimpleData name="long_Deg">120</SimpleData>
					<SimpleData name="long_Min">40</SimpleData>
					<SimpleData name="long_100th">54</SimpleData>
					<SimpleData name="trans_lat">41.4488</SimpleData>
					<SimpleData name="trans_long">-120.405</SimpleData>
					<SimpleData name="calc_lat">41.748</SimpleData>
					<SimpleData name="calc_long">-120.676</SimpleData>
					<SimpleData name="direction">unknown</SimpleData>
					<SimpleData name="area_name">Northeastern California</SimpleData>
				</SchemaData>
			</ExtendedData>
			<Point>
				<coordinates>-120.6756666666667,41.748,0</coordinates>
			</Point>
		</Placemark>
		<Placemark>
			<name>248</name>
			<styleUrl>#pointStyleMap</styleUrl>
			<Style id="inline">
				<IconStyle>
					<color>ffe7ebef</color>
					<colorMode>normal</colorMode>
				</IconStyle>
				<LineStyle>
					<color>ffe7ebef</color>
					<colorMode>normal</colorMode>
				</LineStyle>
				<PolyStyle>
					<color>ffe7ebef</color>
					<colorMode>normal</colorMode>
				</PolyStyle>
			</Style>
			<ExtendedData>
				<SchemaData schemaUrl="#S_CABPOP_POINTS_DDSDDDDDDDDDDSS">
					<SimpleData name="Wpt__">248</SimpleData>
					<SimpleData name="Seg">15</SimpleData>
					<SimpleData name="Transect_L">to S ofRattle Snake Creek</SimpleData>
					<SimpleData name="lat__Deg">41</SimpleData>
					<SimpleData name="lat_Min">34</SimpleData>
					<SimpleData name="lat_100th_">98</SimpleData>
					<SimpleData name="long_Deg">120</SimpleData>
					<SimpleData name="long_Min">34</SimpleData>
					<SimpleData name="long_100th">13</SimpleData>
					<SimpleData name="trans_lat">41.3498</SimpleData>
					<SimpleData name="trans_long">-120.341</SimpleData>
					<SimpleData name="calc_lat">41.583</SimpleData>
					<SimpleData name="calc_long">-120.569</SimpleData>
					<SimpleData name="direction">unknown</SimpleData>
					<SimpleData name="area_name">Northeastern California</SimpleData>
				</SchemaData>
			</ExtendedData>
			<Point>
				<coordinates>-120.5688333333333,41.583,0</coordinates>
			</Point>
		</Placemark>
		<Placemark>
			<name>249</name>
			<styleUrl>#pointStyleMap</styleUrl>
			<Style id="inline">
				<IconStyle>
					<color>ffe7ebef</color>
					<colorMode>normal</colorMode>
				</IconStyle>
				<LineStyle>
					<color>ffe7ebef</color>
					<colorMode>normal</colorMode>
				</LineStyle>
				<PolyStyle>
					<color>ffe7ebef</color>
					<colorMode>normal</colorMode>
				</PolyStyle>
			</Style>
			<ExtendedData>
				<SchemaData schemaUrl="#S_CABPOP_POINTS_DDSDDDDDDDDDDSS">
					<SimpleData name="Wpt__">249</SimpleData>
					<SimpleData name="Seg">15</SimpleData>
					<SimpleData name="Transect_L">Boles Creek (N)</SimpleData>
					<SimpleData name="lat__Deg">41</SimpleData>
					<SimpleData name="lat_Min">45</SimpleData>
					<SimpleData name="lat_100th_">0</SimpleData>
					<SimpleData name="long_Deg">120</SimpleData>
					<SimpleData name="long_Min">54</SimpleData>
					<SimpleData name="long_100th">12</SimpleData>
					<SimpleData name="trans_lat">41.45</SimpleData>
					<SimpleData name="trans_long">-120.541</SimpleData>
					<SimpleData name="calc_lat">41.75</SimpleData>
					<SimpleData name="calc_long">-120.902</SimpleData>
					<SimpleData name="direction">unknown</SimpleData>
					<SimpleData name="area_name">Northeastern California</SimpleData>
				</SchemaData>
			</ExtendedData>
			<Point>
				<coordinates>-120.902,41.75000000000001,0</coordinates>
			</Point>
		</Placemark>
		<Placemark>
			<name>250</name>
			<styleUrl>#pointStyleMap</styleUrl>
			<Style id="inline">
				<IconStyle>
					<color>ffe7ebef</color>
					<colorMode>normal</colorMode>
				</IconStyle>
				<LineStyle>
					<color>ffe7ebef</color>
					<colorMode>normal</colorMode>
				</LineStyle>
				<PolyStyle>
					<color>ffe7ebef</color>
					<colorMode>normal</colorMode>
				</PolyStyle>
			</Style>
			<ExtendedData>
				<SchemaData schemaUrl="#S_CABPOP_POINTS_DDSDDDDDDDDDDSS">
					<SimpleData name="Wpt__">250</SimpleData>
					<SimpleData name="Seg">16</SimpleData>
					<SimpleData name="Transect_L">to N of Reservoir M</SimpleData>
					<SimpleData name="lat__Deg">41</SimpleData>
					<SimpleData name="lat_Min">40</SimpleData>
					<SimpleData name="lat_100th_">43</SimpleData>
					<SimpleData name="long_Deg">120</SimpleData>
					<SimpleData name="long_Min">52</SimpleData>
					<SimpleData name="long_100th">75</SimpleData>
					<SimpleData name="trans_lat">41.4043</SimpleData>
					<SimpleData name="trans_long">-120.528</SimpleData>
					<SimpleData name="calc_lat">41.6738</SimpleData>
					<SimpleData name="calc_long">-120.879</SimpleData>
					<SimpleData name="direction">unknown</SimpleData>
					<SimpleData name="area_name">Northeastern California</SimpleData>
				</SchemaData>
			</ExtendedData>
			<Point>
				<coordinates>-120.8791666666667,41.67383333333333,0</coordinates>
			</Point>
		</Placemark>
		<Placemark>
			<name>251</name>
			<styleUrl>#pointStyleMap</styleUrl>
			<Style id="inline">
				<IconStyle>
					<color>ffe7ebef</color>
					<colorMode>normal</colorMode>
				</IconStyle>
				<LineStyle>
					<color>ffe7ebef</color>
					<colorMode>normal</colorMode>
				</LineStyle>
				<PolyStyle>
					<color>ffe7ebef</color>
					<colorMode>normal</colorMode>
				</PolyStyle>
			</Style>
			<ExtendedData>
				<SchemaData schemaUrl="#S_CABPOP_POINTS_DDSDDDDDDDDDDSS">
					<SimpleData name="Wpt__">251</SimpleData>
					<SimpleData name="Seg">16</SimpleData>
					<SimpleData name="Transect_L">to W Fork of Witcher Creek</SimpleData>
					<SimpleData name="lat__Deg">41</SimpleData>
					<SimpleData name="lat_Min">32</SimpleData>
					<SimpleData name="lat_100th_">0</SimpleData>
					<SimpleData name="long_Deg">120</SimpleData>
					<SimpleData name="long_Min">50</SimpleData>
					<SimpleData name="long_100th">25</SimpleData>
					<SimpleData name="trans_lat">41.32</SimpleData>
					<SimpleData name="trans_long">-120.502</SimpleData>
					<SimpleData name="calc_lat">41.5333</SimpleData>
					<SimpleData name="calc_long">-120.838</SimpleData>
					<SimpleData name="direction">unknown</SimpleData>
					<SimpleData name="area_name">Northeastern California</SimpleData>
				</SchemaData>
			</ExtendedData>
			<Point>
				<coordinates>-120.8375,41.53333333333332,0</coordinates>
			</Point>
		</Placemark>
		<Placemark>
			<name>252</name>
			<styleUrl>#pointStyleMap</styleUrl>
			<Style id="inline">
				<IconStyle>
					<color>ffe7ebef</color>
					<colorMode>normal</colorMode>
				</IconStyle>
				<LineStyle>
					<color>ffe7ebef</color>
					<colorMode>normal</colorMode>
				</LineStyle>
				<PolyStyle>
					<color>ffe7ebef</color>
					<colorMode>normal</colorMode>
				</PolyStyle>
			</Style>
			<ExtendedData>
				<SchemaData schemaUrl="#S_CABPOP_POINTS_DDSDDDDDDDDDDSS">
					<SimpleData name="Wpt__">252</SimpleData>
					<SimpleData name="Seg">16</SimpleData>
					<SimpleData name="Transect_L">Beller Reservoir (S)</SimpleData>
					<SimpleData name="lat__Deg">41</SimpleData>
					<SimpleData name="lat_Min">30</SimpleData>
					<SimpleData name="lat_100th_">0</SimpleData>
					<SimpleData name="long_Deg">121</SimpleData>
					<SimpleData name="long_Min">6</SimpleData>
					<SimpleData name="long_100th">38</SimpleData>
					<SimpleData name="trans_lat">41.3</SimpleData>
					<SimpleData name="trans_long">-120.064</SimpleData>
					<SimpleData name="calc_lat">41.5</SimpleData>
					<SimpleData name="calc_long">-121.106</SimpleData>
					<SimpleData name="direction">unknown</SimpleData>
					<SimpleData name="area_name">Northeastern California</SimpleData>
				</SchemaData>
			</ExtendedData>
			<Point>
				<coordinates>-121.1063333333333,41.50000000000001,0</coordinates>
			</Point>
		</Placemark>
		<Placemark>
			<name>253</name>
			<styleUrl>#pointStyleMap</styleUrl>
			<Style id="inline">
				<IconStyle>
					<color>ffe7ebef</color>
					<colorMode>normal</colorMode>
				</IconStyle>
				<LineStyle>
					<color>ffe7ebef</color>
					<colorMode>normal</colorMode>
				</LineStyle>
				<PolyStyle>
					<color>ffe7ebef</color>
					<colorMode>normal</colorMode>
				</PolyStyle>
			</Style>
			<ExtendedData>
				<SchemaData schemaUrl="#S_CABPOP_POINTS_DDSDDDDDDDDDDSS">
					<SimpleData name="Wpt__">253</SimpleData>
					<SimpleData name="Seg">16</SimpleData>
					<SimpleData name="Transect_L">to Spaulding Reservoir(N)</SimpleData>
					<SimpleData name="lat__Deg">41</SimpleData>
					<SimpleData name="lat_Min">31</SimpleData>
					<SimpleData name="lat_100th_">71</SimpleData>
					<SimpleData name="long_Deg">121</SimpleData>
					<SimpleData name="long_Min">8</SimpleData>
					<SimpleData name="long_100th">17</SimpleData>
					<SimpleData name="trans_lat">41.3171</SimpleData>
					<SimpleData name="trans_long">-121.082</SimpleData>
					<SimpleData name="calc_lat">41.5285</SimpleData>
					<SimpleData name="calc_long">-121.136</SimpleData>
					<SimpleData name="direction">unknown</SimpleData>
					<SimpleData name="area_name">Northeastern California</SimpleData>
				</SchemaData>
			</ExtendedData>
			<Point>
				<coordinates>-121.1361666666667,41.5285,0</coordinates>
			</Point>
		</Placemark>
		<Placemark>
			<name>254</name>
			<styleUrl>#pointStyleMap</styleUrl>
			<Style id="inline">
				<IconStyle>
					<color>ffe7ebef</color>
					<colorMode>normal</colorMode>
				</IconStyle>
				<LineStyle>
					<color>ffe7ebef</color>
					<colorMode>normal</colorMode>
				</LineStyle>
				<PolyStyle>
					<color>ffe7ebef</color>
					<colorMode>normal</colorMode>
				</PolyStyle>
			</Style>
			<ExtendedData>
				<SchemaData schemaUrl="#S_CABPOP_POINTS_DDSDDDDDDDDDDSS">
					<SimpleData name="Wpt__">254</SimpleData>
					<SimpleData name="Seg">21</SimpleData>
					<SimpleData name="Transect_L">Tule Lake (NE)</SimpleData>
					<SimpleData name="lat__Deg">41</SimpleData>
					<SimpleData name="lat_Min">58</SimpleData>
					<SimpleData name="lat_100th_">68</SimpleData>
					<SimpleData name="long_Deg">121</SimpleData>
					<SimpleData name="long_Min">21</SimpleData>
					<SimpleData name="long_100th">72</SimpleData>
					<SimpleData name="trans_lat">41.5868</SimpleData>
					<SimpleData name="trans_long">-121.217</SimpleData>
					<SimpleData name="calc_lat">41.978</SimpleData>
					<SimpleData name="calc_long">-121.362</SimpleData>
					<SimpleData name="direction">unknown</SimpleData>
					<SimpleData name="area_name">Northeastern California</SimpleData>
				</SchemaData>
			</ExtendedData>
			<Point>
				<coordinates>-121.362,41.97800000000002,0</coordinates>
			</Point>
		</Placemark>
		<Placemark>
			<name>255</name>
			<styleUrl>#pointStyleMap</styleUrl>
			<Style id="inline">
				<IconStyle>
					<color>ffe7ebef</color>
					<colorMode>normal</colorMode>
				</IconStyle>
				<LineStyle>
					<color>ffe7ebef</color>
					<colorMode>normal</colorMode>
				</LineStyle>
				<PolyStyle>
					<color>ffe7ebef</color>
					<colorMode>normal</colorMode>
				</PolyStyle>
			</Style>
			<ExtendedData>
				<SchemaData schemaUrl="#S_CABPOP_POINTS_DDSDDDDDDDDDDSS">
					<SimpleData name="Wpt__">255</SimpleData>
					<SimpleData name="Seg">21</SimpleData>
					<SimpleData name="Transect_L">Tule Lake (SW)</SimpleData>
					<SimpleData name="lat__Deg">41</SimpleData>
					<SimpleData name="lat_Min">50</SimpleData>
					<SimpleData name="lat_100th_">6</SimpleData>
					<SimpleData name="long_Deg">121</SimpleData>
					<SimpleData name="long_Min">32</SimpleData>
					<SimpleData name="long_100th">72</SimpleData>
					<SimpleData name="trans_lat">41.5006</SimpleData>
					<SimpleData name="trans_long">-121.327</SimpleData>
					<SimpleData name="calc_lat">41.8343</SimpleData>
					<SimpleData name="calc_long">-121.545</SimpleData>
					<SimpleData name="direction">unknown</SimpleData>
					<SimpleData name="area_name">Northeastern California</SimpleData>
				</SchemaData>
			</ExtendedData>
			<Point>
				<coordinates>-121.5453333333333,41.83433333333334,0</coordinates>
			</Point>
		</Placemark>
		<Placemark>
			<name>256</name>
			<styleUrl>#pointStyleMap</styleUrl>
			<Style id="inline">
				<IconStyle>
					<color>ffe7ebef</color>
					<colorMode>normal</colorMode>
				</IconStyle>
				<LineStyle>
					<color>ffe7ebef</color>
					<colorMode>normal</colorMode>
				</LineStyle>
				<PolyStyle>
					<color>ffe7ebef</color>
					<colorMode>normal</colorMode>
				</PolyStyle>
			</Style>
			<ExtendedData>
				<SchemaData schemaUrl="#S_CABPOP_POINTS_DDSDDDDDDDDDDSS">
					<SimpleData name="Wpt__">256</SimpleData>
					<SimpleData name="Seg">21</SimpleData>
					<SimpleData name="Transect_L">White Lake (N)</SimpleData>
					<SimpleData name="lat__Deg">41</SimpleData>
					<SimpleData name="lat_Min">59</SimpleData>
					<SimpleData name="lat_100th_">81</SimpleData>
					<SimpleData name="long_Deg">121</SimpleData>
					<SimpleData name="long_Min">38</SimpleData>
					<SimpleData name="long_100th">12</SimpleData>
					<SimpleData name="trans_lat">41.5981</SimpleData>
					<SimpleData name="trans_long">-121.381</SimpleData>
					<SimpleData name="calc_lat">41.9968</SimpleData>
					<SimpleData name="calc_long">-121.635</SimpleData>
					<SimpleData name="direction">unknown</SimpleData>
					<SimpleData name="area_name">Northeastern California</SimpleData>
				</SchemaData>
			</ExtendedData>
			<Point>
				<coordinates>-121.6353333333334,41.99683333333332,0</coordinates>
			</Point>
		</Placemark>
		<Placemark>
			<name>257</name>
			<styleUrl>#pointStyleMap</styleUrl>
			<Style id="inline">
				<IconStyle>
					<color>ffe7ebef</color>
					<colorMode>normal</colorMode>
				</IconStyle>
				<LineStyle>
					<color>ffe7ebef</color>
					<colorMode>normal</colorMode>
				</LineStyle>
				<PolyStyle>
					<color>ffe7ebef</color>
					<colorMode>normal</colorMode>
				</PolyStyle>
			</Style>
			<ExtendedData>
				<SchemaData schemaUrl="#S_CABPOP_POINTS_DDSDDDDDDDDDDSS">
					<SimpleData name="Wpt__">257</SimpleData>
					<SimpleData name="Seg">21</SimpleData>
					<SimpleData name="Transect_L">(S)</SimpleData>
					<SimpleData name="lat__Deg">41</SimpleData>
					<SimpleData name="lat_Min">53</SimpleData>
					<SimpleData name="lat_100th_">67</SimpleData>
					<SimpleData name="long_Deg">121</SimpleData>
					<SimpleData name="long_Min">37</SimpleData>
					<SimpleData name="long_100th">0</SimpleData>
					<SimpleData name="trans_lat">41.5367</SimpleData>
					<SimpleData name="trans_long">-121.37</SimpleData>
					<SimpleData name="calc_lat">41.8945</SimpleData>
					<SimpleData name="calc_long">-121.617</SimpleData>
					<SimpleData name="direction">unknown</SimpleData>
					<SimpleData name="area_name">Northeastern California</SimpleData>
				</SchemaData>
			</ExtendedData>
			<Point>
				<coordinates>-121.6166666666667,41.8945,0</coordinates>
			</Point>
		</Placemark>
		<Placemark>
			<name>258</name>
			<styleUrl>#pointStyleMap</styleUrl>
			<Style id="inline">
				<IconStyle>
					<color>ffe7ebef</color>
					<colorMode>normal</colorMode>
				</IconStyle>
				<LineStyle>
					<color>ffe7ebef</color>
					<colorMode>normal</colorMode>
				</LineStyle>
				<PolyStyle>
					<color>ffe7ebef</color>
					<colorMode>normal</colorMode>
				</PolyStyle>
			</Style>
			<ExtendedData>
				<SchemaData schemaUrl="#S_CABPOP_POINTS_DDSDDDDDDDDDDSS">
					<SimpleData name="Wpt__">258</SimpleData>
					<SimpleData name="Seg">16</SimpleData>
					<SimpleData name="Transect_L">S of Indian Lake (N)</SimpleData>
					<SimpleData name="lat__Deg">41</SimpleData>
					<SimpleData name="lat_Min">58</SimpleData>
					<SimpleData name="lat_100th_">78</SimpleData>
					<SimpleData name="long_Deg">121</SimpleData>
					<SimpleData name="long_Min">50</SimpleData>
					<SimpleData name="long_100th">42</SimpleData>
					<SimpleData name="trans_lat">41.5878</SimpleData>
					<SimpleData name="trans_long">-121.504</SimpleData>
					<SimpleData name="calc_lat">41.9797</SimpleData>
					<SimpleData name="calc_long">-121.84</SimpleData>
					<SimpleData name="direction">unknown</SimpleData>
					<SimpleData name="area_name">Northeastern California</SimpleData>
				</SchemaData>
			</ExtendedData>
			<Point>
				<coordinates>-121.8403333333333,41.97966666666667,0</coordinates>
			</Point>
		</Placemark>
		<Placemark>
			<name>259</name>
			<styleUrl>#pointStyleMap</styleUrl>
			<Style id="inline">
				<IconStyle>
					<color>ffe7ebef</color>
					<colorMode>normal</colorMode>
				</IconStyle>
				<LineStyle>
					<color>ffe7ebef</color>
					<colorMode>normal</colorMode>
				</LineStyle>
				<PolyStyle>
					<color>ffe7ebef</color>
					<colorMode>normal</colorMode>
				</PolyStyle>
			</Style>
			<ExtendedData>
				<SchemaData schemaUrl="#S_CABPOP_POINTS_DDSDDDDDDDDDDSS">
					<SimpleData name="Wpt__">259</SimpleData>
					<SimpleData name="Seg">17</SimpleData>
					<SimpleData name="Transect_L">to Willow Creek</SimpleData>
					<SimpleData name="lat__Deg">41</SimpleData>
					<SimpleData name="lat_Min">54</SimpleData>
					<SimpleData name="lat_100th_">47</SimpleData>
					<SimpleData name="long_Deg">121</SimpleData>
					<SimpleData name="long_Min">47</SimpleData>
					<SimpleData name="long_100th">5</SimpleData>
					<SimpleData name="trans_lat">41.5447</SimpleData>
					<SimpleData name="trans_long">-121.476</SimpleData>
					<SimpleData name="calc_lat">41.9078</SimpleData>
					<SimpleData name="calc_long">-121.784</SimpleData>
					<SimpleData name="direction">unknown</SimpleData>
					<SimpleData name="area_name">Northeastern California</SimpleData>
				</SchemaData>
			</ExtendedData>
			<Point>
				<coordinates>-121.7841666666667,41.9078333333333,0</coordinates>
			</Point>
		</Placemark>
		<Placemark>
			<name>260</name>
			<styleUrl>#pointStyleMap</styleUrl>
			<Style id="inline">
				<IconStyle>
					<color>ffe7ebef</color>
					<colorMode>normal</colorMode>
				</IconStyle>
				<LineStyle>
					<color>ffe7ebef</color>
					<colorMode>normal</colorMode>
				</LineStyle>
				<PolyStyle>
					<color>ffe7ebef</color>
					<colorMode>normal</colorMode>
				</PolyStyle>
			</Style>
			<ExtendedData>
				<SchemaData schemaUrl="#S_CABPOP_POINTS_DDSDDDDDDDDDDSS">
					<SimpleData name="Wpt__">260</SimpleData>
					<SimpleData name="Seg">17</SimpleData>
					<SimpleData name="Transect_L">(S)</SimpleData>
					<SimpleData name="lat__Deg">41</SimpleData>
					<SimpleData name="lat_Min">49</SimpleData>
					<SimpleData name="lat_100th_">67</SimpleData>
					<SimpleData name="long_Deg">121</SimpleData>
					<SimpleData name="long_Min">44</SimpleData>
					<SimpleData name="long_100th">24</SimpleData>
					<SimpleData name="trans_lat">41.4967</SimpleData>
					<SimpleData name="trans_long">-121.442</SimpleData>
					<SimpleData name="calc_lat">41.8278</SimpleData>
					<SimpleData name="calc_long">-121.737</SimpleData>
					<SimpleData name="direction">unknown</SimpleData>
					<SimpleData name="area_name">Northeastern California</SimpleData>
				</SchemaData>
			</ExtendedData>
			<Point>
				<coordinates>-121.7373333333333,41.82783333333334,0</coordinates>
			</Point>
		</Placemark>
		<Placemark>
			<name>261</name>
			<styleUrl>#pointStyleMap</styleUrl>
			<Style id="inline">
				<IconStyle>
					<color>ffe7ebef</color>
					<colorMode>normal</colorMode>
				</IconStyle>
				<LineStyle>
					<color>ffe7ebef</color>
					<colorMode>normal</colorMode>
				</LineStyle>
				<PolyStyle>
					<color>ffe7ebef</color>
					<colorMode>normal</colorMode>
				</PolyStyle>
			</Style>
			<ExtendedData>
				<SchemaData schemaUrl="#S_CABPOP_POINTS_DDSDDDDDDDDDDSS">
					<SimpleData name="Wpt__">261</SimpleData>
					<SimpleData name="Seg">17</SimpleData>
					<SimpleData name="Transect_L">N of Sheep Mountain</SimpleData>
					<SimpleData name="lat__Deg">41</SimpleData>
					<SimpleData name="lat_Min">51</SimpleData>
					<SimpleData name="lat_100th_">8</SimpleData>
					<SimpleData name="long_Deg">121</SimpleData>
					<SimpleData name="long_Min">54</SimpleData>
					<SimpleData name="long_100th">33</SimpleData>
					<SimpleData name="trans_lat">41.5108</SimpleData>
					<SimpleData name="trans_long">-121.543</SimpleData>
					<SimpleData name="calc_lat">41.8513</SimpleData>
					<SimpleData name="calc_long">-121.906</SimpleData>
					<SimpleData name="direction">unknown</SimpleData>
					<SimpleData name="area_name">Northeastern California</SimpleData>
				</SchemaData>
			</ExtendedData>
			<Point>
				<coordinates>-121.9055,41.85133333333333,0</coordinates>
			</Point>
		</Placemark>
		<Placemark>
			<name>262</name>
			<styleUrl>#pointStyleMap</styleUrl>
			<Style id="inline">
				<IconStyle>
					<color>ffe7ebef</color>
					<colorMode>normal</colorMode>
				</IconStyle>
				<LineStyle>
					<color>ffe7ebef</color>
					<colorMode>normal</colorMode>
				</LineStyle>
				<PolyStyle>
					<color>ffe7ebef</color>
					<colorMode>normal</colorMode>
				</PolyStyle>
			</Style>
			<ExtendedData>
				<SchemaData schemaUrl="#S_CABPOP_POINTS_DDSDDDDDDDDDDSS">
					<SimpleData name="Wpt__">262</SimpleData>
					<SimpleData name="Seg">17</SimpleData>
					<SimpleData name="Transect_L">to NW of Dorris</SimpleData>
					<SimpleData name="lat__Deg">41</SimpleData>
					<SimpleData name="lat_Min">58</SimpleData>
					<SimpleData name="lat_100th_">88</SimpleData>
					<SimpleData name="long_Deg">121</SimpleData>
					<SimpleData name="long_Min">56</SimpleData>
					<SimpleData name="long_100th">83</SimpleData>
					<SimpleData name="trans_lat">41.5888</SimpleData>
					<SimpleData name="trans_long">-121.568</SimpleData>
					<SimpleData name="calc_lat">41.9813</SimpleData>
					<SimpleData name="calc_long">-121.947</SimpleData>
					<SimpleData name="direction">unknown</SimpleData>
					<SimpleData name="area_name">Northeastern California</SimpleData>
				</SchemaData>
			</ExtendedData>
			<Point>
				<coordinates>-121.9471666666667,41.98133333333334,0</coordinates>
			</Point>
		</Placemark>
		<Placemark>
			<name>263</name>
			<styleUrl>#pointStyleMap</styleUrl>
			<Style id="inline">
				<IconStyle>
					<color>ffe7ebef</color>
					<colorMode>normal</colorMode>
				</IconStyle>
				<LineStyle>
					<color>ffe7ebef</color>
					<colorMode>normal</colorMode>
				</LineStyle>
				<PolyStyle>
					<color>ffe7ebef</color>
					<colorMode>normal</colorMode>
				</PolyStyle>
			</Style>
			<ExtendedData>
				<SchemaData schemaUrl="#S_CABPOP_POINTS_DDSDDDDDDDDDDSS">
					<SimpleData name="Wpt__">263</SimpleData>
					<SimpleData name="Seg">17</SimpleData>
					<SimpleData name="Transect_L">W of McGavin Peak</SimpleData>
					<SimpleData name="lat__Deg">41</SimpleData>
					<SimpleData name="lat_Min">55</SimpleData>
					<SimpleData name="lat_100th_">37</SimpleData>
					<SimpleData name="long_Deg">122</SimpleData>
					<SimpleData name="long_Min">1</SimpleData>
					<SimpleData name="long_100th">59</SimpleData>
					<SimpleData name="trans_lat">41.5537</SimpleData>
					<SimpleData name="trans_long">-122.016</SimpleData>
					<SimpleData name="calc_lat">41.9228</SimpleData>
					<SimpleData name="calc_long">-122.026</SimpleData>
					<SimpleData name="direction">unknown</SimpleData>
					<SimpleData name="area_name">Northeastern California</SimpleData>
				</SchemaData>
			</ExtendedData>
			<Point>
				<coordinates>-122.0265,41.92283333333332,0</coordinates>
			</Point>
		</Placemark>
		<Placemark>
			<name>264</name>
			<styleUrl>#pointStyleMap</styleUrl>
			<Style id="inline">
				<IconStyle>
					<color>ffe7ebef</color>
					<colorMode>normal</colorMode>
				</IconStyle>
				<LineStyle>
					<color>ffe7ebef</color>
					<colorMode>normal</colorMode>
				</LineStyle>
				<PolyStyle>
					<color>ffe7ebef</color>
					<colorMode>normal</colorMode>
				</PolyStyle>
			</Style>
			<ExtendedData>
				<SchemaData schemaUrl="#S_CABPOP_POINTS_DDSDDDDDDDDDDSS">
					<SimpleData name="Wpt__">264</SimpleData>
					<SimpleData name="Seg">18</SimpleData>
					<SimpleData name="Transect_L">to N of Meis Lake</SimpleData>
					<SimpleData name="lat__Deg">41</SimpleData>
					<SimpleData name="lat_Min">53</SimpleData>
					<SimpleData name="lat_100th_">22</SimpleData>
					<SimpleData name="long_Deg">122</SimpleData>
					<SimpleData name="long_Min">2</SimpleData>
					<SimpleData name="long_100th">27</SimpleData>
					<SimpleData name="trans_lat">41.5322</SimpleData>
					<SimpleData name="trans_long">-122.023</SimpleData>
					<SimpleData name="calc_lat">41.887</SimpleData>
					<SimpleData name="calc_long">-122.038</SimpleData>
					<SimpleData name="direction">unknown</SimpleData>
					<SimpleData name="area_name">Northeastern California</SimpleData>
				</SchemaData>
			</ExtendedData>
			<Point>
				<coordinates>-122.0378333333333,41.88699999999999,0</coordinates>
			</Point>
		</Placemark>
		<Placemark>
			<name>265</name>
			<styleUrl>#pointStyleMap</styleUrl>
			<Style id="inline">
				<IconStyle>
					<color>ffe7ebef</color>
					<colorMode>normal</colorMode>
				</IconStyle>
				<LineStyle>
					<color>ffe7ebef</color>
					<colorMode>normal</colorMode>
				</LineStyle>
				<PolyStyle>
					<color>ffe7ebef</color>
					<colorMode>normal</colorMode>
				</PolyStyle>
			</Style>
			<ExtendedData>
				<SchemaData schemaUrl="#S_CABPOP_POINTS_DDSDDDDDDDDDDSS">
					<SimpleData name="Wpt__">265</SimpleData>
					<SimpleData name="Seg">18</SimpleData>
					<SimpleData name="Transect_L">to SE of Ball Mountain</SimpleData>
					<SimpleData name="lat__Deg">41</SimpleData>
					<SimpleData name="lat_Min">45</SimpleData>
					<SimpleData name="lat_100th_">87</SimpleData>
					<SimpleData name="long_Deg">122</SimpleData>
					<SimpleData name="long_Min">4</SimpleData>
					<SimpleData name="long_100th">58</SimpleData>
					<SimpleData name="trans_lat">41.4587</SimpleData>
					<SimpleData name="trans_long">-122.046</SimpleData>
					<SimpleData name="calc_lat">41.7645</SimpleData>
					<SimpleData name="calc_long">-122.076</SimpleData>
					<SimpleData name="direction">unknown</SimpleData>
					<SimpleData name="area_name">Northeastern California</SimpleData>
				</SchemaData>
			</ExtendedData>
			<Point>
				<coordinates>-122.0763333333333,41.76449999999998,0</coordinates>
			</Point>
		</Placemark>
		<Placemark>
			<name>266</name>
			<styleUrl>#pointStyleMap</styleUrl>
			<Style id="inline">
				<IconStyle>
					<color>ffe7ebef</color>
					<colorMode>normal</colorMode>
				</IconStyle>
				<LineStyle>
					<color>ffe7ebef</color>
					<colorMode>normal</colorMode>
				</LineStyle>
				<PolyStyle>
					<color>ffe7ebef</color>
					<colorMode>normal</colorMode>
				</PolyStyle>
			</Style>
			<ExtendedData>
				<SchemaData schemaUrl="#S_CABPOP_POINTS_DDSDDDDDDDDDDSS">
					<SimpleData name="Wpt__">266</SimpleData>
					<SimpleData name="Seg">18</SimpleData>
					<SimpleData name="Transect_L">SE of Little Shasta (S)</SimpleData>
					<SimpleData name="lat__Deg">41</SimpleData>
					<SimpleData name="lat_Min">40</SimpleData>
					<SimpleData name="lat_100th_">71</SimpleData>
					<SimpleData name="long_Deg">122</SimpleData>
					<SimpleData name="long_Min">22</SimpleData>
					<SimpleData name="long_100th">17</SimpleData>
					<SimpleData name="trans_lat">41.4071</SimpleData>
					<SimpleData name="trans_long">-122.222</SimpleData>
					<SimpleData name="calc_lat">41.6785</SimpleData>
					<SimpleData name="calc_long">-122.37</SimpleData>
					<SimpleData name="direction">unknown</SimpleData>
					<SimpleData name="area_name">Northeastern California</SimpleData>
				</SchemaData>
			</ExtendedData>
			<Point>
				<coordinates>-122.3695,41.67849999999999,0</coordinates>
			</Point>
		</Placemark>
		<Placemark>
			<name>267</name>
			<styleUrl>#pointStyleMap</styleUrl>
			<Style id="inline">
				<IconStyle>
					<color>ffe7ebef</color>
					<colorMode>normal</colorMode>
				</IconStyle>
				<LineStyle>
					<color>ffe7ebef</color>
					<colorMode>normal</colorMode>
				</LineStyle>
				<PolyStyle>
					<color>ffe7ebef</color>
					<colorMode>normal</colorMode>
				</PolyStyle>
			</Style>
			<ExtendedData>
				<SchemaData schemaUrl="#S_CABPOP_POINTS_DDSDDDDDDDDDDSS">
					<SimpleData name="Wpt__">267</SimpleData>
					<SimpleData name="Seg">18</SimpleData>
					<SimpleData name="Transect_L">to N of Montague</SimpleData>
					<SimpleData name="lat__Deg">41</SimpleData>
					<SimpleData name="lat_Min">46</SimpleData>
					<SimpleData name="lat_100th_">26</SimpleData>
					<SimpleData name="long_Deg">122</SimpleData>
					<SimpleData name="long_Min">30</SimpleData>
					<SimpleData name="long_100th">9</SimpleData>
					<SimpleData name="trans_lat">41.4626</SimpleData>
					<SimpleData name="trans_long">-122.301</SimpleData>
					<SimpleData name="calc_lat">41.771</SimpleData>
					<SimpleData name="calc_long">-122.501</SimpleData>
					<SimpleData name="direction">unknown</SimpleData>
					<SimpleData name="area_name">Northeastern California</SimpleData>
				</SchemaData>
			</ExtendedData>
			<Point>
				<coordinates>-122.5015,41.77099999999999,0</coordinates>
			</Point>
		</Placemark>
		<Placemark>
			<name>268</name>
			<styleUrl>#pointStyleMap</styleUrl>
			<Style id="inline">
				<IconStyle>
					<color>ffe7ebef</color>
					<colorMode>normal</colorMode>
				</IconStyle>
				<LineStyle>
					<color>ffe7ebef</color>
					<colorMode>normal</colorMode>
				</LineStyle>
				<PolyStyle>
					<color>ffe7ebef</color>
					<colorMode>normal</colorMode>
				</PolyStyle>
			</Style>
			<ExtendedData>
				<SchemaData schemaUrl="#S_CABPOP_POINTS_DDSDDDDDDDDDDSS">
					<SimpleData name="Wpt__">268</SimpleData>
					<SimpleData name="Seg">19</SimpleData>
					<SimpleData name="Transect_L">N of Montague</SimpleData>
					<SimpleData name="lat__Deg">41</SimpleData>
					<SimpleData name="lat_Min">46</SimpleData>
					<SimpleData name="lat_100th_">79</SimpleData>
					<SimpleData name="long_Deg">122</SimpleData>
					<SimpleData name="long_Min">30</SimpleData>
					<SimpleData name="long_100th">88</SimpleData>
					<SimpleData name="trans_lat">41.4679</SimpleData>
					<SimpleData name="trans_long">-122.309</SimpleData>
					<SimpleData name="calc_lat">41.7798</SimpleData>
					<SimpleData name="calc_long">-122.515</SimpleData>
					<SimpleData name="direction">unknown</SimpleData>
					<SimpleData name="area_name">Northeastern California</SimpleData>
				</SchemaData>
			</ExtendedData>
			<Point>
				<coordinates>-122.5146666666666,41.77983333333334,0</coordinates>
			</Point>
		</Placemark>
		<Placemark>
			<name>269</name>
			<styleUrl>#pointStyleMap</styleUrl>
			<Style id="inline">
				<IconStyle>
					<color>ffe7ebef</color>
					<colorMode>normal</colorMode>
				</IconStyle>
				<LineStyle>
					<color>ffe7ebef</color>
					<colorMode>normal</colorMode>
				</LineStyle>
				<PolyStyle>
					<color>ffe7ebef</color>
					<colorMode>normal</colorMode>
				</PolyStyle>
			</Style>
			<ExtendedData>
				<SchemaData schemaUrl="#S_CABPOP_POINTS_DDSDDDDDDDDDDSS">
					<SimpleData name="Wpt__">269</SimpleData>
					<SimpleData name="Seg">19</SimpleData>
					<SimpleData name="Transect_L">to Gazelle</SimpleData>
					<SimpleData name="lat__Deg">41</SimpleData>
					<SimpleData name="lat_Min">31</SimpleData>
					<SimpleData name="lat_100th_">22</SimpleData>
					<SimpleData name="long_Deg">122</SimpleData>
					<SimpleData name="long_Min">29</SimpleData>
					<SimpleData name="long_100th">54</SimpleData>
					<SimpleData name="trans_lat">41.3122</SimpleData>
					<SimpleData name="trans_long">-122.295</SimpleData>
					<SimpleData name="calc_lat">41.5203</SimpleData>
					<SimpleData name="calc_long">-122.492</SimpleData>
					<SimpleData name="direction">unknown</SimpleData>
					<SimpleData name="area_name">Northeastern California</SimpleData>
				</SchemaData>
			</ExtendedData>
			<Point>
				<coordinates>-122.4923333333333,41.52033333333332,0</coordinates>
			</Point>
		</Placemark>
		<Placemark>
			<name>270</name>
			<styleUrl>#pointStyleMap</styleUrl>
			<Style id="inline">
				<IconStyle>
					<color>ffe7ebef</color>
					<colorMode>normal</colorMode>
				</IconStyle>
				<LineStyle>
					<color>ffe7ebef</color>
					<colorMode>normal</colorMode>
				</LineStyle>
				<PolyStyle>
					<color>ffe7ebef</color>
					<colorMode>normal</colorMode>
				</PolyStyle>
			</Style>
			<ExtendedData>
				<SchemaData schemaUrl="#S_CABPOP_POINTS_DDSDDDDDDDDDDSS">
					<SimpleData name="Wpt__">270</SimpleData>
					<SimpleData name="Seg">20</SimpleData>
					<SimpleData name="Transect_L">Fort Jones (N)</SimpleData>
					<SimpleData name="lat__Deg">41</SimpleData>
					<SimpleData name="lat_Min">35</SimpleData>
					<SimpleData name="lat_100th_">86</SimpleData>
					<SimpleData name="long_Deg">122</SimpleData>
					<SimpleData name="long_Min">51</SimpleData>
					<SimpleData name="long_100th">18</SimpleData>
					<SimpleData name="trans_lat">41.3586</SimpleData>
					<SimpleData name="trans_long">-122.512</SimpleData>
					<SimpleData name="calc_lat">41.5977</SimpleData>
					<SimpleData name="calc_long">-122.853</SimpleData>
					<SimpleData name="direction">unknown</SimpleData>
					<SimpleData name="area_name">Northeastern California</SimpleData>
				</SchemaData>
			</ExtendedData>
			<Point>
				<coordinates>-122.853,41.59766666666668,0</coordinates>
			</Point>
		</Placemark>
		<Placemark>
			<name>271</name>
			<styleUrl>#pointStyleMap</styleUrl>
			<Style id="inline">
				<IconStyle>
					<color>ffe7ebef</color>
					<colorMode>normal</colorMode>
				</IconStyle>
				<LineStyle>
					<color>ffe7ebef</color>
					<colorMode>normal</colorMode>
				</LineStyle>
				<PolyStyle>
					<color>ffe7ebef</color>
					<colorMode>normal</colorMode>
				</PolyStyle>
			</Style>
			<ExtendedData>
				<SchemaData schemaUrl="#S_CABPOP_POINTS_DDSDDDDDDDDDDSS">
					<SimpleData name="Wpt__">271</SimpleData>
					<SimpleData name="Seg">20</SimpleData>
					<SimpleData name="Transect_L">to E of Etna</SimpleData>
					<SimpleData name="lat__Deg">41</SimpleData>
					<SimpleData name="lat_Min">27</SimpleData>
					<SimpleData name="lat_100th_">38</SimpleData>
					<SimpleData name="long_Deg">122</SimpleData>
					<SimpleData name="long_Min">51</SimpleData>
					<SimpleData name="long_100th">92</SimpleData>
					<SimpleData name="trans_lat">41.2738</SimpleData>
					<SimpleData name="trans_long">-122.519</SimpleData>
					<SimpleData name="calc_lat">41.4563</SimpleData>
					<SimpleData name="calc_long">-122.865</SimpleData>
					<SimpleData name="direction">unknown</SimpleData>
					<SimpleData name="area_name">Northeastern California</SimpleData>
				</SchemaData>
			</ExtendedData>
			<Point>
				<coordinates>-122.8653333333333,41.45633333333334,0</coordinates>
			</Point>
		</Placemark>
		<Placemark>
			<name>272</name>
			<styleUrl>#pointStyleMap</styleUrl>
			<Style id="inline">
				<IconStyle>
					<color>ffe7ebef</color>
					<colorMode>normal</colorMode>
				</IconStyle>
				<LineStyle>
					<color>ffe7ebef</color>
					<colorMode>normal</colorMode>
				</LineStyle>
				<PolyStyle>
					<color>ffe7ebef</color>
					<colorMode>normal</colorMode>
				</PolyStyle>
			</Style>
			<ExtendedData>
				<SchemaData schemaUrl="#S_CABPOP_POINTS_DDSDDDDDDDDDDSS">
					<SimpleData name="Wpt__">272</SimpleData>
					<SimpleData name="Seg">20</SimpleData>
					<SimpleData name="Transect_L">to N of Gallahan (S)</SimpleData>
					<SimpleData name="lat__Deg">41</SimpleData>
					<SimpleData name="lat_Min">20</SimpleData>
					<SimpleData name="lat_100th_">49</SimpleData>
					<SimpleData name="long_Deg">122</SimpleData>
					<SimpleData name="long_Min">49</SimpleData>
					<SimpleData name="long_100th">14</SimpleData>
					<SimpleData name="trans_lat">41.2049</SimpleData>
					<SimpleData name="trans_long">-122.491</SimpleData>
					<SimpleData name="calc_lat">41.3415</SimpleData>
					<SimpleData name="calc_long">-122.819</SimpleData>
					<SimpleData name="direction">unknown</SimpleData>
					<SimpleData name="area_name">Northeastern California</SimpleData>
				</SchemaData>
			</ExtendedData>
			<Point>
				<coordinates>-122.819,41.34150000000001,0</coordinates>
			</Point>
		</Placemark>
		<Placemark>
			<name>26</name>
			<styleUrl>#pointStyleMap</styleUrl>
			<Style id="inline">
				<IconStyle>
					<color>ffe7ebef</color>
					<colorMode>normal</colorMode>
				</IconStyle>
				<LineStyle>
					<color>ffe7ebef</color>
					<colorMode>normal</colorMode>
				</LineStyle>
				<PolyStyle>
					<color>ffe7ebef</color>
					<colorMode>normal</colorMode>
				</PolyStyle>
			</Style>
			<ExtendedData>
				<SchemaData schemaUrl="#S_CABPOP_POINTS_DDSDDDDDDDDDDSS">
					<SimpleData name="Wpt__">26</SimpleData>
					<SimpleData name="Seg">16</SimpleData>
					<SimpleData name="Transect_L"></SimpleData>
					<SimpleData name="lat__Deg">0</SimpleData>
					<SimpleData name="lat_Min">0</SimpleData>
					<SimpleData name="lat_100th_">0</SimpleData>
					<SimpleData name="long_Deg">0</SimpleData>
					<SimpleData name="long_Min">0</SimpleData>
					<SimpleData name="long_100th">0</SimpleData>
					<SimpleData name="trans_lat">0</SimpleData>
					<SimpleData name="trans_long">0</SimpleData>
					<SimpleData name="calc_lat">38.5263</SimpleData>
					<SimpleData name="calc_long">-121.128</SimpleData>
					<SimpleData name="direction"></SimpleData>
					<SimpleData name="area_name">Sacramento Valley</SimpleData>
				</SchemaData>
			</ExtendedData>
			<Point>
				<coordinates>-121.127987341698,38.52632949400284,0</coordinates>
			</Point>
		</Placemark>
		<Placemark>
			<name>27</name>
			<styleUrl>#pointStyleMap</styleUrl>
			<Style id="inline">
				<IconStyle>
					<color>ffe7ebef</color>
					<colorMode>normal</colorMode>
				</IconStyle>
				<LineStyle>
					<color>ffe7ebef</color>
					<colorMode>normal</colorMode>
				</LineStyle>
				<PolyStyle>
					<color>ffe7ebef</color>
					<colorMode>normal</colorMode>
				</PolyStyle>
			</Style>
			<ExtendedData>
				<SchemaData schemaUrl="#S_CABPOP_POINTS_DDSDDDDDDDDDDSS">
					<SimpleData name="Wpt__">27</SimpleData>
					<SimpleData name="Seg">16</SimpleData>
					<SimpleData name="Transect_L"></SimpleData>
					<SimpleData name="lat__Deg">0</SimpleData>
					<SimpleData name="lat_Min">0</SimpleData>
					<SimpleData name="lat_100th_">0</SimpleData>
					<SimpleData name="long_Deg">0</SimpleData>
					<SimpleData name="long_Min">0</SimpleData>
					<SimpleData name="long_100th">0</SimpleData>
					<SimpleData name="trans_lat">0</SimpleData>
					<SimpleData name="trans_long">0</SimpleData>
					<SimpleData name="calc_lat">38.3377</SimpleData>
					<SimpleData name="calc_long">-121.356</SimpleData>
					<SimpleData name="direction"></SimpleData>
					<SimpleData name="area_name">Sacramento Valley</SimpleData>
				</SchemaData>
			</ExtendedData>
			<Point>
				<coordinates>-121.3564857847687,38.33766222907394,0</coordinates>
			</Point>
		</Placemark>
	</Folder>
</Document>
</kml>
